"Time (s)","X (m/s^2)","Y (m/s^2)","Z (m/s^2)"
-2.552125021E-3,2.402503967E0,-9.103319550E0,-3.557651825E0
7.448874996E-3,2.533631287E0,-9.851763153E0,-3.576362915E0
1.744987490E-2,2.597997437E0,-1.108340195E1,-3.401825867E0
2.745087491E-2,2.615361328E0,-1.275946655E1,-3.239563293E0
3.745287494E-2,2.515219574E0,-1.445259567E1,-3.437900848E0
4.745387495E-2,2.276466064E0,-1.560699509E1,-3.796854401E0
5.745487497E-2,1.653461609E0,-1.536330185E1,-4.165388031E0
6.745587499E-2,1.056952057E0,-1.361089600E1,-4.701423340E0
7.745687489E-2,1.109193420E0,-1.149549500E1,-5.367388458E0
8.745837491E-2,1.809137878E0,-9.949509888E0,-5.880970459E0
9.745937493E-2,2.675835571E0,-8.878038025E0,-6.053112488E0
1.074603749E-1,3.498824158E0,-8.237819366E0,-5.796995087E0
1.174623750E-1,4.195774841E0,-7.962691498E0,-5.038821716E0
1.274633750E-1,4.694088593E0,-8.087681580E0,-3.983067169E0
1.374643750E-1,4.917573853E0,-8.639134827E0,-2.945724335E0
1.474653749E-1,5.014721832E0,-9.350305939E0,-2.118694153E0
1.574663749E-1,5.104235687E0,-9.866881714E0,-1.541494446E0
1.674673749E-1,5.227728882E0,-9.733209686E0,-1.270408173E0
1.774683750E-1,5.340444489E0,-8.851842499E0,-1.100062408E0
1.874703750E-1,5.521268463E0,-7.768994293E0,-8.734336853E-1
1.974713750E-1,5.653443604E0,-6.874753876E0,-6.015989685E-1
2.074723749E-1,5.611381073E0,-6.218368835E0,-4.483177185E-1
2.174733749E-1,5.441334686E0,-5.805677032E0,-4.959187317E-1
2.274743749E-1,5.195845184E0,-5.552703094E0,-7.461982727E-1
2.374753749E-1,4.890779572E0,-5.368885345E0,-1.023272095E0
2.474763750E-1,4.735851746E0,-5.124293976E0,-1.445244598E0
2.574773750E-1,4.672383728E0,-4.702022095E0,-1.565744019E0
2.674793749E-1,4.484225006E0,-4.014202423E0,-1.357976074E0
2.774803749E-1,4.136498108E0,-3.168610840E0,-1.052162018E0
2.874813749E-1,3.760480042E0,-2.315983887E0,-6.180647278E-1
2.974823749E-1,3.470532990E0,-1.637594604E0,-1.773811340E-1
3.074833750E-1,3.324586487E0,-1.313069458E0,3.553610229E-1
3.174843750E-1,3.582200775E0,-1.738634491E0,1.139729919E0
3.274853750E-1,4.111649780E0,-3.033591614E0,1.826801147E0
3.374873749E-1,4.668491821E0,-4.889582062E0,2.442919922E0
3.474883749E-1,5.201832733E0,-7.108268280E0,2.940934296E0
3.574893749E-1,5.719456329E0,-9.451495514E0,3.101699982E0
3.674903749E-1,5.725892944E0,-1.086680237E1,3.181184692E0
3.774913750E-1,4.965623932E0,-1.043554916E1,3.234473877E0
3.874923750E-1,4.299359436E0,-9.188492432E0,3.055146790E0
3.974933750E-1,4.097579041E0,-8.456215210E0,2.924917603E0
4.074953749E-1,3.916306000E0,-8.130492554E0,2.843337250E0
4.174963749E-1,3.639082489E0,-7.989186401E0,2.758014679E0
4.274973749E-1,3.333717499E0,-8.211025085E0,2.436632996E0
4.374983750E-1,3.184028778E0,-8.921896820E0,1.726509705E0
4.474993750E-1,3.364553375E0,-1.016446289E1,3.058140564E-1
4.575003750E-1,3.361409912E0,-1.146076721E1,-1.503174133E0
4.675013749E-1,2.861898651E0,-1.240395584E1,-3.275189209E0
4.775023749E-1,2.188000031E0,-1.297337173E1,-4.968767395E0
4.875043749E-1,1.820663910E0,-1.308698547E1,-6.500232697E0
4.975053750E-1,1.873054962E0,-1.244541962E1,-7.943082275E0
5.075063750E-1,2.001637573E0,-1.098340988E1,-8.896150360E0
5.175073750E-1,2.179767151E0,-9.354347534E0,-8.719966736E0
5.275083750E-1,2.650837555E0,-8.243806915E0,-7.583230591E0
5.375093749E-1,3.590283966E0,-7.959997101E0,-5.896388397E0
5.475103749E-1,4.984335022E0,-8.436306610E0,-3.898942108E0
5.575123749E-1,6.453679504E0,-9.176667023E0,-2.045047302E0
5.675133750E-1,7.631879425E0,-9.660910034E0,-6.141728210E-1
5.775143750E-1,8.326884155E0,-9.647438049E0,3.540138245E-1
5.875153750E-1,8.453371124E0,-9.249266052E0,1.031804352E0
5.975163749E-1,8.085885315E0,-8.678053894E0,1.646276550E0
6.075173749E-1,7.535330200E0,-8.145461426E0,2.101330261E0
6.175183749E-1,7.145540771E0,-7.858059082E0,2.362686768E0
6.275203750E-1,7.220684509E0,-8.024363251E0,2.392624512E0
6.375213750E-1,7.630981293E0,-8.456364899E0,2.313289490E0
6.475223750E-1,8.148006134E0,-8.814270630E0,2.127376099E0
6.575233749E-1,8.695717163E0,-8.916208649E0,1.698817291E0
6.675243749E-1,9.539213104E0,-8.839867401E0,9.017248535E-1
6.775253749E-1,1.060155396E1,-8.482111359E0,2.444416809E-1
6.875263749E-1,1.124311981E1,-7.475454712E0,2.409988403E-1
6.975273750E-1,1.145807281E1,-5.990991669E0,1.144070892E0
7.075293750E-1,1.228615082E1,-4.937332764E0,2.516117706E0
7.175303750E-1,1.413106430E1,-4.979095917E0,3.821103973E0
7.275313749E-1,1.608180771E1,-5.712870026E0,4.489763489E0
7.375323749E-1,1.768886581E1,-6.319558411E0,4.478985901E0
7.475333749E-1,1.910327454E1,-6.237978058E0,4.240531769E0
7.575343749E-1,1.998254608E1,-5.242697754E0,4.169429626E0
7.675353750E-1,2.027069687E1,-3.847598877E0,4.390519867E0
7.775373750E-1,2.026800247E1,-2.798580322E0,4.934189301E0
7.875383749E-1,1.979708176E1,-2.690056000E0,5.451064453E0
7.975393749E-1,1.918395676E1,-3.732188873E0,5.698050842E0
8.075403749E-1,1.838955872E1,-5.055137787E0,5.551505585E0
8.175413749E-1,1.751777161E1,-6.079457703E0,4.993765411E0
8.275423750E-1,1.668265823E1,-6.798861694E0,4.345014496E0
8.375433750E-1,1.608165802E1,-7.291636963E0,3.547173615E0
8.475453750E-1,1.559846283E1,-7.664062500E0,2.762355652E0
8.575463749E-1,1.489926682E1,-7.776329041E0,2.361189880E0
8.675473749E-1,1.382644775E1,-7.752977600E0,1.734443207E0
8.775483749E-1,1.263193176E1,-7.632777557E0,9.645941162E-1
8.875493750E-1,1.140418488E1,-7.250322876E0,5.415737915E-1
8.975503750E-1,1.034259247E1,-6.648424530E0,2.712359619E-1
9.075513750E-1,9.547296295E0,-6.077960815E0,9.744735718E-2
9.175523750E-1,8.702303467E0,-5.383405151E0,4.385879517E-2
9.275543749E-1,7.779322815E0,-4.447102203E0,8.026309204E-1
9.375553749E-1,7.088958435E0,-3.490441589E0,2.815644836E-1
9.475563749E-1,6.307583313E0,-2.556982727E0,6.002517700E-1
9.575573750E-1,5.786067810E0,-1.650467834E0,2.978805542E-1
9.675583750E-1,5.456453247E0,-9.530680847E-1,2.047741699E-1
9.775593750E-1,5.333858185E0,-5.539979553E-1,2.177970886E-1
9.875603749E-1,5.260660400E0,-2.134561157E-1,4.424798584E-1
9.975623749E-1,5.080884247E0,6.421646118E-2,6.068380737E-1
1.007563375E0,4.740492096E0,1.480421448E-1,7.679031372E-1
1.017564375E0,4.181554413E0,1.209484863E-1,6.499484253E-1
1.027565375E0,3.457061005E0,-1.793270874E-1,4.561015320E-1
1.037566375E0,2.655926971E0,-4.641847229E-1,-5.313949585E-2
1.047567375E0,1.689087524E0,-4.327500916E-1,-9.241781616E-1
1.057568375E0,7.102729797E-1,-1.383123779E-1,-1.668131104E0
1.067570375E0,6.197113037E-2,5.183720398E-1,-2.141596527E0
1.077571375E0,-8.517288208E-2,1.479822693E0,-2.570754089E0
1.087571667E0,1.908531189E-1,2.390528870E0,-2.790946198E0
1.097572667E0,8.099656677E-1,3.263363800E0,-2.694846039E0
1.107573667E0,1.451232147E0,4.165537720E0,-2.612666931E0
1.117574667E0,1.889371033E0,5.020559692E0,-2.573149109E0
1.127575667E0,2.226170654E0,5.904022522E0,-2.529140625E0
1.137577667E0,2.448458405E0,6.825655975E0,-2.483335876E0
1.147578667E0,2.668500824E0,7.486681366E0,-2.339634705E0
1.157579667E0,2.973865814E0,7.640860748E0,-1.996248779E0
1.167580667E0,3.142415314E0,7.731871490E0,-1.540746002E0
1.177581667E0,2.762505341E0,7.948022003E0,-1.200503540E0
1.187582667E0,2.052681427E0,7.571255493E0,-1.195713501E0
1.197583667E0,1.465003510E0,6.668033752E0,-9.785151672E-1
1.207585667E0,7.605683899E-1,5.979465637E0,-8.078700256E-1
1.217586667E0,-7.185058594E-3,5.928272095E0,-7.357200623E-1
1.227587667E0,-6.063890076E-1,6.416856079E0,-7.521858215E-1
1.237588667E0,-9.388476562E-1,7.180268555E0,-8.508306885E-1
1.247589667E0,-9.764195251E-1,7.880213013E0,-7.870632935E-1
1.257590667E0,-7.379653931E-1,8.339458008E0,-4.670288086E-1
1.267591667E0,-4.246669006E-1,8.540040894E0,4.355941772E-2
1.277593667E0,-1.480421448E-1,8.598718872E0,6.475534058E-1
1.287594667E0,9.131011963E-2,8.632099457E0,1.398841095E0
1.297595667E0,2.013313293E-1,8.536148987E0,2.177521820E0
1.307596667E0,1.329235840E-1,8.295299835E0,2.799927521E0
1.317597667E0,-1.254391479E-1,7.987988892E0,3.143612823E0
1.327598667E0,-4.574487305E-1,7.735763397E0,3.236120453E0
1.337599667E0,-6.718029785E-1,7.560328217E0,3.076701965E0
1.347601667E0,-8.334667969E-1,7.386988678E0,2.861299896E0
1.357602667E0,-8.722361755E-1,7.151827698E0,2.656974792E0
1.367603667E0,-7.958949280E-1,6.857689362E0,2.302362213E0
1.377604667E0,-5.533992004E-1,6.501579895E0,2.126777344E0
1.387605667E0,-1.941462708E-1,6.082900543E0,1.925595703E0
1.397606667E0,1.181044006E-1,5.663772125E0,1.712738342E0
1.407607667E0,4.186793518E-1,5.208119659E0,1.547332306E0
1.417609667E0,6.039939880E-1,4.712051239E0,1.577270050E0
1.427610667E0,6.990463257E-1,4.268074493E0,1.714085541E0
1.437611667E0,7.029382324E-1,3.855532379E0,1.866019592E0
1.447612667E0,7.185058594E-1,3.396886139E0,2.064656525E0
1.457613667E0,7.788304138E-1,2.788551178E0,2.275717621E0
1.467614667E0,8.285270691E-1,1.858535156E0,2.549797668E0
1.477615667E0,9.217831421E-1,5.298980713E-1,3.055146790E0
1.487617667E0,1.055604858E0,-1.024469604E0,3.692371674E0
1.497618667E0,1.397942963E0,-2.796484680E0,4.247267761E0
1.507619667E0,2.440973969E0,-4.768483887E0,4.477638702E0
1.517620667E0,4.414619751E0,-6.847211151E0,3.779640198E0
1.527621667E0,7.090455322E0,-8.881331177E0,2.462678833E0
1.537622667E0,9.596244507E0,-1.005309448E1,1.455722809E0
1.547623667E0,1.063658112E1,-9.511371002E0,1.258433075E0
1.557625667E0,1.014126114E1,-7.685467987E0,1.965861969E0
1.567626667E0,9.380243683E0,-6.153254242E0,2.532134399E0
1.577627667E0,9.468709717E0,-5.559439087E0,2.387834473E0
1.587628667E0,1.091919342E1,-6.138135681E0,1.701661377E0
1.597629667E0,1.353201004E1,-7.442972260E0,1.331331482E0
1.607630667E0,1.656455383E1,-8.167615356E0,1.884281616E0
1.617631667E0,1.897199753E1,-7.689808960E0,3.603905640E0
1.627633667E0,1.976459930E1,-6.036796417E0,5.835465088E0
1.637634667E0,1.907423492E1,-4.197122040E0,6.548133087E0
1.647635667E0,1.766641251E1,-3.681444397E0,5.173391876E0
1.657636667E0,1.605950409E1,-4.609664154E0,3.341501312E0
1.667637667E0,1.498833160E1,-6.223607941E0,1.177002411E0
1.677638667E0,1.390877655E1,-7.590715027E0,-1.433718567E0
1.687639667E0,1.193572952E1,-7.990084534E0,-2.208058319E0
1.697641667E0,1.018796402E1,-8.198900299E0,-3.274291077E0
1.707642667E0,9.101672974E0,-9.224268036E0,-3.636388092E0
1.717643667E0,8.561446381E0,-1.107262436E1,-3.754492493E0
1.727644667E0,8.666677551E0,-1.340537338E1,-4.058659973E0
1.737645667E0,9.248966675E0,-1.583976105E1,-4.048481140E0
1.747646667E0,9.824968872E0,-1.787777298E1,-3.965703278E0
1.757647667E0,1.014260834E1,-1.843701004E1,-3.442092133E0
1.767649667E0,1.047731232E1,-1.689207275E1,-2.697091370E0
1.777650667E0,1.124551483E1,-1.428703995E1,-1.797312469E0
1.787651667E0,1.229049179E1,-1.248748215E1,-4.638853455E-1
1.797652667E0,1.295481033E1,-1.133442993E1,9.574090576E-1
1.807653667E0,1.328906525E1,-1.038540344E1,2.100282440E0
1.817654667E0,1.344069992E1,-9.469458160E0,2.565514984E0
1.827655667E0,1.349818039E1,-8.333320770E0,3.274889832E0
1.837656667E0,1.334025879E1,-6.915169830E0,3.398383026E0
1.847658667E0,1.313907715E1,-5.791157227E0,3.750750275E0
1.857659667E0,1.306393341E1,-5.455255737E0,3.959416351E0
1.867660667E0,1.282562897E1,-5.850134583E0,4.119583282E0
1.877661667E0,1.225052490E1,-6.467301178E0,4.048331451E0
1.887662667E0,1.159758270E1,-6.919660492E0,3.792812805E0
1.897663667E0,1.096260315E1,-7.095694427E0,3.608396301E0
1.907664667E0,1.040291702E1,-7.078629913E0,3.497626648E0
1.917666667E0,9.849517822E0,-6.996899872E0,3.452570343E0
1.927667667E0,9.210945740E0,-6.946305084E0,3.429069214E0
1.937668667E0,8.579409027E0,-6.923702087E0,3.252137146E0
1.947669667E0,7.987839203E0,-6.900799713E0,3.066373444E0
1.957670667E0,7.371720428E0,-6.873107300E0,2.885699158E0
1.967671667E0,6.924600220E0,-6.887776794E0,2.782863007E0
1.977672667E0,6.721322937E0,-6.971153412E0,2.840493164E0
1.987674667E0,6.550677795E0,-7.075037384E0,3.088677063E0
1.997675667E0,6.440656586E0,-7.189549255E0,3.538341980E0
2.007676667E0,6.603667603E0,-7.256160736E0,3.888763275E0
2.017677667E0,6.834188232E0,-7.289241943E0,4.070784760E0
2.027678667E0,7.018005981E0,-7.392377472E0,4.162543945E0
2.037679667E0,7.217391357E0,-7.518864441E0,4.195774841E0
2.047680667E0,7.378905487E0,-7.617509308E0,4.158352661E0
2.057682667E0,7.566315765E0,-7.754923553E0,4.182003479E0
2.067683667E0,7.558082886E0,-7.912246399E0,4.278103638E0
2.077684667E0,7.461234283E0,-8.259823608E0,4.267326050E0
2.087685542E0,7.520660706E0,-8.737630005E0,4.199816437E0
2.097686542E0,7.518565063E0,-9.136849823E0,4.071832581E0
2.107687542E0,7.361092529E0,-9.338181152E0,3.955823822E0
2.117689542E0,7.238198090E0,-9.326655121E0,3.865860901E0
2.127690542E0,7.133865051E0,-9.208700409E0,3.886967010E0
2.137691542E0,6.948849792E0,-9.055119781E0,3.932173004E0
2.147692542E0,6.813830566E0,-8.848998413E0,3.896547089E0
2.157693542E0,6.725364532E0,-8.506061554E0,3.847598877E0
2.167694542E0,6.763535156E0,-8.165370026E0,3.643423462E0
2.177695542E0,7.004983063E0,-7.938441925E0,3.838916931E0
2.187697542E0,7.234605560E0,-7.625891876E0,4.186943207E0
2.197698542E0,7.232809296E0,-7.307354279E0,4.490062866E0
2.207699542E0,7.052434387E0,-7.134014740E0,4.636608124E0
2.217700542E0,6.938221893E0,-7.142996063E0,4.602928162E0
2.227701542E0,6.946305084E0,-7.417076111E0,4.499493256E0
2.237702542E0,7.108567657E0,-7.717950439E0,4.255500641E0
2.247703542E0,7.270231476E0,-8.025111694E0,4.017196198E0
2.257705542E0,7.206164703E0,-8.171806641E0,4.054468689E0
2.267706542E0,6.895859985E0,-8.123457184E0,3.818708954E0
2.277707542E0,6.553521881E0,-7.986791382E0,3.177292786E0
2.287708542E0,6.350394287E0,-7.896080017E0,2.550246735E0
2.297709542E0,6.329886932E0,-7.838000793E0,1.982477417E0
2.307710542E0,6.336024170E0,-7.614964600E0,1.437610474E0
2.317711542E0,6.317612457E0,-7.237898712E0,8.792715454E-1
2.327713542E0,6.344406738E0,-6.845265198E0,3.829037476E-1
2.337714542E0,6.546636200E0,-6.528972931E0,-2.606080627E-1
2.347715542E0,7.056026917E0,-6.381080475E0,-1.029858398E0
2.357716542E0,7.561226349E0,-6.289321289E0,-1.351689148E0
2.367717542E0,7.917635193E0,-6.209986267E0,-1.464255066E0
2.377718542E0,8.184530182E0,-6.234235840E0,-1.524729309E0
2.387719542E0,8.468639374E0,-6.373596039E0,-1.424737244E0
2.397721542E0,8.844058685E0,-6.676865387E0,-1.301693115E0
2.407722542E0,9.230554962E0,-7.070846100E0,-1.346150665E0
2.417723542E0,9.692344666E0,-7.317982178E0,-1.454974365E0
2.427724542E0,1.030621811E1,-7.385940857E0,-1.503323822E0
2.437725542E0,1.091066116E1,-7.378007355E0,-1.597028961E0
2.447726542E0,1.115749786E1,-7.265890503E0,-1.509610748E0
2.457727542E0,1.105166794E1,-7.007976837E0,-1.124311981E0
2.467729542E0,1.059347076E1,-6.655609589E0,-8.538244629E-1
2.477730542E0,1.007345215E1,-6.287075958E0,-1.072369995E0
2.487731542E0,9.995015259E0,-5.965245209E0,-1.428329773E0
2.497732542E0,1.024694138E1,-5.614973602E0,-1.643432465E0
2.507733542E0,1.054616913E1,-5.206772461E0,-1.745071106E0
2.517734542E0,1.072130493E1,-4.876409454E0,-1.671274567E0
2.527736542E0,1.071606583E1,-4.571044464E0,-1.493743744E0
2.537737542E0,1.069421127E1,-4.408632202E0,-1.385219421E0
2.547738542E0,1.071247330E1,-4.386627960E0,-1.333876190E0
2.557739542E0,1.074735077E1,-4.419559479E0,-1.216520233E0
2.567740542E0,1.087982529E1,-4.425696716E0,-1.036444702E0
2.577741542E0,1.102382584E1,-4.335434418E0,-9.897418213E-1
2.587742542E0,1.093790451E1,-4.046385498E0,-9.933343506E-1
2.597744542E0,1.065214874E1,-3.606899414E0,-6.354286194E-1
2.607745542E0,1.061906754E1,-3.256328430E0,-4.102967834E-1
2.617746542E0,1.088596252E1,-3.252137146E0,-1.417552185E-1
2.627747542E0,1.124925705E1,-3.250640259E0,3.176394653E-1
2.637748542E0,1.163425644E1,-3.139720917E0,8.831634521E-1
2.647749542E0,1.181687668E1,-2.789748688E0,1.071621552E0
2.657750542E0,1.156839340E1,-2.115700378E0,1.076561279E0
2.667752542E0,1.142693756E1,-1.431024170E0,1.208886108E0
2.677753542E0,1.155537048E1,-1.100361786E0,2.026036835E0
2.687754542E0,1.181253571E1,-9.425898743E-1,2.927013245E0
2.697755542E0,1.205787552E1,-8.831634521E-1,3.446882172E0
2.707756542E0,1.224034607E1,-7.656578064E-1,3.872896271E0
2.717757542E0,1.240650055E1,-5.783972168E-1,3.826343079E0
2.727758542E0,1.263238083E1,-4.144880676E-1,3.895349579E0
2.737760542E0,1.276096344E1,-2.695893860E-1,4.225712585E0
2.747761542E0,1.245275436E1,-9.984237671E-2,4.349804535E0
2.757762542E0,1.152198990E1,2.667453003E-1,4.637955322E0
2.767763542E0,1.043120819E1,7.321275330E-1,4.832550659E0
2.777764542E0,9.625733185E0,1.215771790E0,4.692891083E0
2.787765542E0,9.079219666E0,1.530118103E0,4.726421356E0
2.797767542E0,8.718020782E0,1.712888031E0,4.504732361E0
2.807768542E0,8.293204193E0,1.914219360E0,4.592599640E0
2.817769542E0,7.638016663E0,2.312091980E0,5.112318878E0
2.827770542E0,6.880142670E0,2.753074951E0,5.694009247E0
2.837771542E0,6.477180634E0,2.842888184E0,5.964945831E0
2.847772542E0,6.419400787E0,2.745291138E0,6.004463654E0
2.857773542E0,6.191574554E0,2.906056824E0,5.891149292E0
2.867775542E0,5.646707611E0,2.897374878E0,5.346731415E0
2.877776542E0,5.090015259E0,2.586321716E0,4.371060333E0
2.887777542E0,4.882546692E0,2.794688416E0,3.018023987E0
2.897778542E0,5.033432922E0,3.780538330E0,1.739832001E0
2.907779542E0,5.258115692E0,5.298531647E0,9.907896423E-1
2.917780542E0,5.675747223E0,6.674620056E0,5.017565918E-1
2.927782542E0,6.195765839E0,7.525151367E0,7.777825928E-1
2.937783542E0,6.909781036E0,7.562274170E0,1.463207245E0
2.947784542E0,7.889942780E0,6.907835083E0,2.412383423E0
2.957785542E0,8.813372498E0,6.578519897E0,3.596421204E0
2.967786542E0,9.393865356E0,6.440656586E0,3.663930817E0
2.977787542E0,9.368118896E0,5.760321350E0,2.993774414E0
2.987788542E0,9.066496124E0,4.255201263E0,1.897005157E0
2.997790542E0,8.128845978E0,2.827170868E0,1.858834534E0
3.007791542E0,6.549330597E0,2.094743958E0,3.040177917E0
3.017792542E0,4.902305603E0,2.092498627E0,4.437372437E0
3.027793542E0,3.459156647E0,2.488724670E0,5.220244446E0
3.037794542E0,2.168091431E0,2.867137756E0,5.469027100E0
3.047795542E0,8.731343079E-1,3.220253448E0,5.411846008E0
3.057797542E0,-4.546046448E-1,3.757186890E0,5.292095032E0
3.067798542E0,-1.650318146E0,4.376299438E0,4.822222137E0
3.077799542E0,-2.465672607E0,4.949457550E0,3.927083588E0
3.087800542E0,-2.923720093E0,5.247787170E0,2.782863007E0
3.097802125E0,-3.164868622E0,5.206024017E0,1.706451416E0
3.107803125E0,-3.397784271E0,5.305567017E0,1.085841980E0
3.117804125E0,-3.740571442E0,5.971232758E0,8.689430237E-1
3.127806125E0,-3.360511780E0,6.977440338E0,1.077758789E0
3.137807125E0,-2.011367340E0,8.137976990E0,1.685494995E0
3.147808125E0,-2.392025757E-1,9.156758423E0,2.236050110E0
3.157809125E0,1.410965881E0,9.831854553E0,3.043620758E0
3.167810125E0,2.582280121E0,1.015143997E1,4.137246552E0
3.177811125E0,3.280278625E0,1.017703674E1,5.066065063E0
3.187813125E0,3.539689178E0,9.891879730E0,5.602250061E0
3.197814125E0,3.478017426E0,9.359736328E0,5.567073212E0
3.207815125E0,3.081192627E0,8.793014832E0,5.099445648E0
3.217816125E0,2.447859650E0,8.430917816E0,4.659360809E0
3.227817125E0,1.835183716E0,8.281827850E0,4.423750763E0
3.237818125E0,1.393003235E0,8.350085907E0,4.315825195E0
3.247820125E0,1.233435059E0,8.488098907E0,4.212240601E0
3.257821125E0,1.292861481E0,8.592731323E0,4.000580750E0
3.267822125E0,1.366358643E0,8.634793854E0,3.939058685E0
3.277823125E0,1.285526733E0,8.845405884E0,4.108506317E0
3.287824125E0,1.035247192E0,9.250164185E0,4.379293213E0
3.297825125E0,6.730004883E-1,9.756710815E0,5.111869812E0
3.307826125E0,3.614982605E-1,1.032373169E1,6.117778015E0
3.317828125E0,1.639091492E-1,1.078926361E1,7.031178589E0
3.327829125E0,1.013392639E-1,1.104463257E1,7.687413940E0
3.337830125E0,2.459385681E-1,1.101843704E1,7.864645386E0
3.347831125E0,5.718109131E-1,1.092203751E1,7.443121948E0
3.357832125E0,9.892927551E-1,1.080587906E1,6.656058655E0
3.367833125E0,1.388063507E0,1.041549088E1,5.949527893E0
3.377835125E0,1.694476318E0,9.727521515E0,5.493875427E0
3.387836125E0,1.889520721E0,9.094487915E0,5.136119385E0
3.397837125E0,2.013462982E0,8.662037201E0,4.734205170E0
3.407838125E0,2.172133026E0,8.361911316E0,4.273612976E0
3.417839125E0,2.377955017E0,8.127199402E0,3.772754517E0
3.427840125E0,2.627186737E0,7.898475037E0,3.347638550E0
3.437842125E0,2.860850830E0,7.651039581E0,3.028651886E0
3.447843125E0,3.035986633E0,7.445217590E0,2.842588806E0
3.457844125E0,3.152893524E0,7.310647430E0,2.702180786E0
3.467845125E0,3.256627808E0,7.305258636E0,2.609224091E0
3.477846125E0,3.449426880E0,7.455546112E0,2.527793427E0
3.487847125E0,3.719016266E0,7.716154175E0,2.425256653E0
3.497849125E0,3.955823822E0,7.934250641E0,2.265538788E0
3.507850125E0,4.114344177E0,8.113278351E0,2.158661041E0
3.517851125E0,4.239334259E0,8.187673645E0,2.027533722E0
3.527852125E0,4.513414307E0,8.152796173E0,1.858834534E0
3.537853125E0,4.963827667E0,8.097561035E0,1.826352081E0
3.547854125E0,5.549559631E0,8.121810608E0,1.917961578E0
3.557856125E0,6.221512299E0,8.081694031E0,2.090103607E0
3.567857125E0,6.809938660E0,8.081993408E0,2.447560272E0
3.577858125E0,7.029232635E0,8.342451782E0,2.874472504E0
3.587859125E0,6.948550415E0,8.551566925E0,3.057092743E0
3.597860125E0,6.794969788E0,8.385262756E0,2.981050873E0
3.607861125E0,6.617438965E0,7.893834686E0,2.787203979E0
3.617862125E0,6.534212036E0,7.368277588E0,2.512375488E0
3.627864125E0,6.402186584E0,7.156018982E0,2.308948517E0
3.637865125E0,6.077960815E0,7.448361053E0,2.098635864E0
3.647866125E0,5.681734772E0,7.989485779E0,1.968406677E0
3.657867125E0,5.260361023E0,8.432414703E0,1.933080139E0
3.667868125E0,4.955295410E0,8.566685486E0,1.816472626E0
3.677869125E0,4.854704590E0,8.287965088E0,1.614392853E0
3.687871125E0,4.854554901E0,7.786956940E0,1.307530975E0
3.697872125E0,4.725223846E0,7.466623077E0,1.205293579E0
3.707873125E0,4.464166718E0,7.542664948E0,1.525477753E0
3.717874125E0,4.231251068E0,7.790848846E0,2.149530029E0
3.727875125E0,4.341122589E0,7.954458618E0,2.627935181E0
3.737876125E0,4.812791748E0,8.009544067E0,2.453996887E0
3.747878125E0,5.519621887E0,8.046966248E0,1.683399353E0
3.757879125E0,6.212680664E0,8.101003876E0,8.837622070E-1
3.767880125E0,6.687193909E0,8.144712982E0,4.731660461E-1
3.777881125E0,7.010671234E0,8.017776947E0,8.050259399E-1
3.787882125E0,7.245532837E0,7.750283203E0,1.617686005E0
3.797883125E0,7.391629028E0,7.435936890E0,2.361788635E0
3.807885125E0,7.499554596E0,7.172035675E0,2.705623627E0
3.817886125E0,7.729027405E0,7.005282440E0,2.326911163E0
3.827887125E0,8.114026794E0,6.900799713E0,1.659000092E0
3.837888125E0,8.500074005E0,6.984176331E0,1.073717194E0
3.847889125E0,8.688382416E0,7.119494934E0,8.424481201E-1
3.857890125E0,8.678203583E0,7.104226685E0,8.961863708E-1
3.867891125E0,8.660839691E0,6.920259247E0,9.208850098E-1
3.877893125E0,8.714577942E0,6.839277649E0,6.873706055E-1
3.887894125E0,9.023086395E0,7.086563416E0,3.430865479E-1
3.897895125E0,9.660311279E0,7.545808411E0,1.926493835E-1
3.907896125E0,1.040800644E1,8.035140839E0,2.377056885E-1
3.917897125E0,1.112112350E1,7.966134338E0,4.415817261E-1
3.927898125E0,1.146989822E1,7.076534271E0,1.616488495E0
3.937900125E0,1.074435699E1,6.428232422E0,2.819985809E0
3.947901125E0,9.118138733E0,6.856042786E0,3.255729675E0
3.957902125E0,8.283324738E0,6.950196991E0,2.407443695E0
3.967903125E0,8.059091034E0,6.238876190E0,1.830992432E0
3.977904125E0,7.788453827E0,4.809498596E0,1.274150391E0
3.987905125E0,6.876101074E0,3.542682953E0,1.337618408E0
3.997907125E0,5.590424652E0,3.019221497E0,1.704954529E0
4.007908125E0,4.403842163E0,2.936743011E0,1.970951385E0
4.017909125E0,3.621718597E0,2.988535309E0,1.952090607E0
4.027910125E0,3.353326721E0,3.000959473E0,1.784289551E0
4.037911125E0,3.398233337E0,2.943179626E0,1.485061798E0
4.047912125E0,3.532504120E0,3.218906250E0,1.266965332E0
4.057914125E0,3.778592377E0,4.080963593E0,1.463207245E0
4.067915125E0,4.176315308E0,5.344336395E0,2.143243103E0
4.077916125E0,4.903952179E0,6.833140411E0,3.157084808E0
4.087917125E0,5.913153534E0,8.106392670E0,4.115092621E0
4.097918250E0,6.821165314E0,8.594377899E0,4.790787506E0
4.107919250E0,7.179071045E0,8.129295044E0,5.136119385E0
4.117921250E0,6.864425354E0,7.040159912E0,5.074597321E0
4.127922250E0,6.106251984E0,5.844745789E0,4.547543335E0
4.137923250E0,5.074447632E0,4.944368134E0,3.862118683E0
4.147924250E0,4.126169586E0,4.463268585E0,3.157384186E0
4.157925250E0,3.587140503E0,4.402644653E0,2.547851715E0
4.167926250E0,3.647315369E0,4.650229797E0,2.264191589E0
4.177928250E0,4.213587799E0,4.999752960E0,2.645897827E0
4.187929250E0,4.587210846E0,5.612279205E0,3.719016266E0
4.197930250E0,4.473447418E0,6.411317596E0,4.833149414E0
4.207931250E0,4.254003754E0,6.956034851E0,4.917873230E0
4.217932250E0,4.172273712E0,7.052284698E0,4.696633301E0
4.227933250E0,4.030518494E0,6.944359131E0,4.524191895E0
4.237935250E0,3.723506927E0,6.906188507E0,4.341871033E0
4.247936250E0,3.578009491E0,6.946454773E0,4.100572815E0
4.257937250E0,3.663332062E0,7.112758942E0,3.964505768E0
4.267938250E0,3.919150085E0,7.385192413E0,4.062402191E0
4.277939250E0,4.350552979E0,7.431296539E0,4.153712311E0
4.287940250E0,4.777165833E0,7.156018982E0,4.295317841E0
4.297942250E0,4.968468018E0,6.808591461E0,4.563110962E0
4.307943250E0,4.947810974E0,6.462361450E0,4.738246765E0
4.317944250E0,4.894521790E0,6.075565796E0,4.859943695E0
4.327945250E0,4.951852570E0,5.671256561E0,4.908742218E0
4.337946250E0,5.087021484E0,5.301974487E0,4.877906342E0
4.347947250E0,5.360502777E0,5.004842377E0,4.763843536E0
4.357949250E0,5.687572632E0,4.799170074E0,4.548740845E0
4.367950250E0,6.005960541E0,4.663103027E0,4.508175201E0
4.377951250E0,6.412066040E0,4.405788116E0,4.462969208E0
4.387952250E0,6.591393127E0,4.008364563E0,4.352498932E0
4.397953250E0,6.372248840E0,3.550017700E0,3.593427429E0
4.407954250E0,5.994284821E0,3.000211029E0,2.740800476E0
4.417956250E0,5.436993713E0,2.381547546E0,1.875899048E0
4.427957250E0,4.610562286E0,1.721719666E0,1.538650360E0
4.437958250E0,4.079017639E0,8.002359009E-1,1.440454559E0
4.447959250E0,4.204606476E0,-4.114942932E-1,9.174421692E-1
4.457960250E0,4.644391937E0,-1.718875580E0,2.721340942E-1
4.467961250E0,5.241949310E0,-2.603236542E0,1.996847534E-1
4.477963250E0,5.661377106E0,-2.790048065E0,5.084925842E-1
4.487964250E0,5.656138000E0,-2.511177979E0,7.795788574E-1
4.497965250E0,5.503754883E0,-2.126178589E0,1.275497589E0
4.507966250E0,5.935906219E0,-2.375559998E0,1.146465912E0
4.517967250E0,7.074139252E0,-3.426374817E0,9.553134155E-1
4.527968250E0,8.568032684E0,-4.851561127E0,8.771759033E-1
4.537970250E0,1.016970200E1,-6.491999817E0,2.570155334E-1
4.547971250E0,1.119192627E1,-7.898025970E0,6.538403320E-1
4.557972250E0,1.159084671E1,-7.979756012E0,1.362317047E0
4.567973250E0,1.203182968E1,-7.094197540E0,9.960287476E-1
4.577974250E0,1.235680389E1,-6.107748871E0,1.422641602E0
4.587975250E0,1.238823853E1,-5.031936035E0,1.459614716E0
4.597977250E0,1.231803452E1,-4.032464447E0,1.316961365E0
4.607978250E0,1.216160980E1,-3.859274597E0,2.045346680E0
4.617979250E0,1.266261795E1,-4.922064514E0,1.473236389E0
4.627980250E0,1.349653381E1,-6.385720825E0,1.263971558E0
4.637981250E0,1.398436935E1,-6.747817841E0,1.460662537E0
4.647982250E0,1.402867722E1,-5.780080261E0,1.175206146E0
4.657984250E0,1.343246704E1,-4.472998352E0,1.385818176E0
4.667985250E0,1.249840942E1,-3.536246338E0,1.638642426E0
4.677986250E0,1.177002411E1,-3.268752594E0,1.949545898E0
4.687987250E0,1.123428818E1,-3.827091522E0,2.383044434E0
4.697988250E0,1.078761703E1,-4.921465759E0,2.464624786E0
4.707989250E0,1.076142151E1,-6.200106812E0,2.191592560E0
4.717991250E0,1.091709778E1,-7.048841858E0,2.129322052E0
4.727992250E0,1.095362183E1,-7.348219299E0,1.841171265E0
4.737993250E0,1.090721832E1,-7.673642578E0,1.204096069E0
4.747994250E0,1.096290253E1,-8.612939301E0,1.022823029E0
4.757995250E0,1.059317139E1,-9.189839630E0,7.177574158E-1
4.767996250E0,9.943971405E0,-9.263636169E0,1.127904510E0
4.777998250E0,9.513466644E0,-9.014105072E0,8.686436462E-1
4.787999250E0,9.608219604E0,-8.572822723E0,8.574169922E-1
4.798000250E0,9.958790588E0,-8.216264191E0,7.390132141E-1
4.808001250E0,1.037312897E1,-8.347092133E0,5.960604858E-1
4.818002250E0,1.056892181E1,-8.824150085E0,6.295907593E-1
4.828003250E0,1.028466293E1,-8.944799194E0,6.569837952E-1
4.838005250E0,1.014081207E1,-8.854237518E0,5.882766724E-1
4.848006250E0,1.004516098E1,-8.730145569E0,4.411326599E-1
4.858007250E0,9.953252106E0,-8.540639648E0,3.649411011E-1
4.868008250E0,1.000235001E1,-8.407416687E0,5.415737915E-1
4.878009250E0,1.004800507E1,-8.303832092E0,1.012793884E0
4.888010250E0,1.001387604E1,-8.396339722E0,1.550625458E0
4.898012250E0,9.904902649E0,-8.877888336E0,2.185904388E0
4.908013250E0,9.597142639E0,-9.508526917E0,2.597248993E0
4.918014250E0,9.082363129E0,-9.761051788E0,2.715054016E0
4.928015250E0,8.569828949E0,-9.384434967E0,2.500849457E0
4.938016250E0,8.297694855E0,-8.673413544E0,2.163301392E0
4.948017250E0,8.174351349E0,-8.094567261E0,1.818568268E0
4.958019250E0,8.164621582E0,-7.694449310E0,1.661694489E0
4.968020250E0,8.274044037E0,-7.446564789E0,1.668729858E0
4.978021250E0,8.356672211E0,-7.380252686E0,1.705553284E0
4.988022250E0,8.225095825E0,-7.452103271E0,1.564995575E0
4.998023250E0,8.005352783E0,-7.460336151E0,1.304986267E0
5.008025250E0,7.791597290E0,-7.394024048E0,1.141825562E0
5.018026250E0,7.519612885E0,-7.348967743E0,9.848020935E-1
5.028027250E0,7.226821747E0,-7.270530853E0,9.026229858E-1
5.038028250E0,6.922354889E0,-7.136260071E0,8.375083923E-1
5.048029250E0,6.750512238E0,-7.000043335E0,8.714877319E-1
5.058030250E0,6.575226746E0,-6.656807098E0,1.065634003E0
5.068032250E0,6.335425415E0,-6.125861206E0,1.201551361E0
5.078033250E0,6.161786499E0,-5.553451538E0,1.079405365E0
5.088034250E0,6.270310822E0,-5.125790863E0,7.342231750E-1
5.098035125E0,6.555767212E0,-4.907544708E0,6.288423157E-1
5.108036125E0,6.852899323E0,-4.751718750E0,9.297166443E-1
5.118037125E0,6.886728973E0,-4.413272552E0,1.274000702E0
5.128039125E0,6.887627106E0,-4.129313049E0,1.426982574E0
5.138040125E0,7.031627655E0,-3.901337128E0,1.619482269E0
5.148041125E0,7.235204315E0,-3.653452606E0,1.899998932E0
5.158042125E0,7.423063660E0,-3.366649017E0,1.884431305E0
5.168043125E0,7.573500824E0,-3.155288544E0,1.672621765E0
5.178044125E0,7.627239075E0,-3.073708191E0,1.408570862E0
5.188046125E0,7.678731995E0,-3.040327606E0,9.910890198E-1
5.198047125E0,7.713459778E0,-3.094065857E0,8.690927124E-1
5.208048125E0,7.739505615E0,-3.113525391E0,9.699829102E-1
5.218049125E0,7.899522858E0,-3.166215820E0,1.012344818E0
5.228050125E0,8.228838043E0,-3.140619049E0,9.467811584E-1
5.238051125E0,8.652606812E0,-3.062930603E0,8.283773804E-1
5.248053125E0,9.049132233E0,-2.854414215E0,9.755213928E-1
5.258054125E0,9.337133331E0,-2.486479340E0,1.447040863E0
5.268055125E0,9.427844696E0,-2.063608704E0,1.938468933E0
5.278056125E0,9.326655121E0,-1.679357758E0,2.501148834E0
5.288057125E0,9.187893677E0,-1.581012268E0,2.714455261E0
5.298059125E0,9.072184296E0,-1.789528656E0,2.855911102E0
5.308060125E0,8.953032074E0,-2.329605560E0,2.346969452E0
5.318061125E0,9.120084686E0,-3.346590729E0,1.275198212E0
5.328062125E0,9.452094269E0,-4.597838745E0,7.753875732E-1
5.338063125E0,8.835227051E0,-5.380860443E0,1.102158051E0
5.348064125E0,7.282056885E0,-5.436245270E0,6.251000977E-1
5.358066125E0,6.436465302E0,-5.307063904E0,-8.601113892E-1
5.368067125E0,7.092101898E0,-5.034630432E0,-2.091899872E0
5.378068125E0,8.593629456E0,-4.406985626E0,-2.715353394E0
5.388069125E0,9.922266541E0,-3.582799530E0,-2.396366730E0
5.398070125E0,1.046773224E1,-2.806513824E0,-1.363514557E0
5.408071125E0,1.040291702E1,-2.252216492E0,-3.959266663E-1
5.418073125E0,1.018347336E1,-2.157313843E0,-7.753875732E-2
5.428074125E0,1.000594254E1,-2.459834747E0,-3.703298950E-1
5.438075125E0,9.956994324E0,-2.805765381E0,-8.496331787E-1
5.448076125E0,9.966125336E0,-3.058439941E0,-8.725355530E-1
5.458077125E0,9.969717865E0,-3.090173950E0,-3.803590393E-1
5.468078125E0,1.012075378E1,-3.048410797E0,3.878434753E-1
5.478080125E0,1.052371582E1,-2.949466553E0,8.768765259E-1
5.488081125E0,1.096499817E1,-2.594704285E0,8.972341919E-1
5.498082125E0,1.125883713E1,-2.037862244E0,9.151968384E-1
5.508083125E0,1.136571487E1,-1.456620941E0,7.970924377E-1
5.518084125E0,1.117905304E1,-1.025218048E0,6.316864014E-1
5.528086125E0,1.089344696E1,-7.982899475E-1,6.292913818E-1
5.538087125E0,1.061682220E1,-7.828720093E-1,1.004710693E0
5.548088125E0,1.038779846E1,-8.298742676E-1,1.576371918E0
5.558089125E0,1.031325348E1,-1.010847931E0,2.077829132E0
5.568090125E0,1.031145721E1,-1.301543427E0,2.536325684E0
5.578091125E0,1.044662613E1,-1.708696747E0,2.733016663E0
5.588093125E0,1.066367477E1,-2.073937225E0,2.791544952E0
5.598094125E0,1.076022400E1,-2.121238861E0,2.927162933E0
5.608095125E0,1.080677719E1,-1.645827484E0,3.016078033E0
5.618096125E0,1.086560486E1,-1.027313690E0,3.247047729E0
5.628097125E0,1.096903976E1,-3.514691162E-1,3.460054779E0
5.638098125E0,1.119327347E1,3.124003601E-1,4.000580750E0
5.648100125E0,1.157737473E1,7.694000244E-1,4.695884857E0
5.658101125E0,1.205368423E1,1.142424316E0,5.403762817E0
5.668102125E0,1.248029709E1,1.381626892E0,6.227799225E0
5.678103125E0,1.298474808E1,1.429527283E0,6.874753876E0
5.688104125E0,1.338741074E1,1.523831177E0,7.082970886E0
5.698106125E0,1.346165634E1,1.730850677E0,7.065457306E0
5.708107125E0,1.320973022E1,1.707499237E0,7.040758667E0
5.718108125E0,1.251397705E1,1.578018494E0,7.140151978E0
5.728109125E0,1.165700912E1,1.159488831E0,7.054380341E0
5.738110125E0,1.092353439E1,6.054908752E-1,6.945556641E0
5.748111125E0,1.036295013E1,8.592132568E-2,6.635700989E0
5.758113125E0,9.912836151E0,-3.135978699E-1,6.012995911E0
5.768114125E0,9.637708282E0,-4.993615723E-1,5.173092499E0
5.778115125E0,9.439819794E0,-4.044589233E-1,4.639003143E0
5.788116125E0,9.320068817E0,-1.730401611E-1,3.866309967E0
5.798117125E0,9.422156525E0,-3.562591553E-2,4.137096863E0
5.808119125E0,9.796677704E0,9.385482788E-2,5.072351990E0
5.818120125E0,9.789642334E0,7.170089722E-2,5.683830414E0
5.828121125E0,9.247619476E0,2.305206299E-2,5.080884247E0
5.838122125E0,8.555159454E0,4.351451111E-1,2.913690948E0
5.848123125E0,7.543263702E0,1.356778564E0,1.643133087E0
5.858124125E0,6.373596039E0,2.777025146E0,1.185684357E0
5.868126125E0,5.631738739E0,4.014501801E0,7.806266785E-1
5.878127125E0,5.549859009E0,4.559518433E0,4.378395081E-1
5.888128125E0,6.267766113E0,4.244573364E0,2.502795410E-1
5.898129125E0,7.596852264E0,3.267255707E0,5.463638306E-1
5.908130125E0,8.799152069E0,2.416275330E0,1.102756805E0
5.918132125E0,9.793983307E0,1.776356049E0,1.862277374E0
5.928133125E0,1.063164139E1,1.854643250E0,2.859653320E0
5.938134125E0,1.133338211E1,3.538192291E0,3.993695068E0
5.948135125E0,1.171838150E1,5.476511536E0,3.612737274E0
5.958136125E0,1.188543411E1,6.520290985E0,3.772604828E0
5.968137125E0,1.255005203E1,6.283333740E0,4.266278229E0
5.978139125E0,1.335522766E1,5.482050018E0,4.907245331E0
5.988140125E0,1.364921631E1,4.663851471E0,5.442532196E0
5.998141125E0,1.295361282E1,4.186494141E0,6.137686615E0
6.008142125E0,1.145792313E1,3.906875610E0,6.036197662E0
6.018143125E0,9.584119720E0,3.405568085E0,5.799240417E0
6.028145125E0,7.692503357E0,2.576292572E0,5.053042145E0
6.038146125E0,5.889951782E0,1.535207520E0,4.376898193E0
6.048147125E0,4.390070801E0,3.757186890E-1,3.349135437E0
6.058148125E0,3.083887024E0,-6.505471802E-1,2.268382874E0
6.068149125E0,1.988315277E0,-1.246308289E0,1.713786163E0
6.078150125E0,1.290466461E0,-1.108295288E0,2.640209656E0
6.088152125E0,3.356021118E-1,2.191442871E-1,4.131857758E0
6.098153292E0,-1.124910736E0,2.519261169E0,5.428012390E0
6.108154292E0,-2.775528259E0,4.890330505E0,5.371280365E0
6.118155292E0,-3.979624329E0,6.501280518E0,3.961062927E0
6.128156292E0,-4.003424835E0,7.188202057E0,3.099903717E0
6.138158292E0,-3.030298462E0,7.206464081E0,2.847827911E0
6.148159292E0,-2.060465240E0,7.159611511E0,2.956352234E0
6.158160292E0,-1.644480286E0,7.346273346E0,3.067570953E0
6.168161292E0,-1.606010284E0,7.585026855E0,3.078348541E0
6.178162292E0,-1.487307129E0,7.892936554E0,3.533402252E0
6.188163292E0,-1.184187469E0,8.331225128E0,4.143683167E0
6.198165292E0,-5.960604858E-1,8.798104248E0,4.359234924E0
6.208166292E0,2.353106689E-1,9.069040833E0,4.071084137E0
6.218167292E0,1.086740112E0,8.972192230E0,3.920646973E0
6.228168292E0,1.730551300E0,8.607550507E0,3.920946350E0
6.238169292E0,2.041754150E0,8.237969055E0,4.063450012E0
6.248171292E0,2.048340454E0,8.039481812E0,4.058659973E0
6.258172292E0,1.850002899E0,7.985444183E0,4.043840790E0
6.268173292E0,1.738335114E0,7.869884491E0,3.883823547E0
6.278174292E0,1.715732117E0,7.651488647E0,3.543581085E0
6.288175292E0,1.762584686E0,7.332202606E0,3.097658386E0
6.298176292E0,2.027533722E0,7.108567657E0,2.774929504E0
6.308178292E0,2.481838989E0,7.050039368E0,2.591860199E0
6.318179292E0,2.922522583E0,6.990313568E0,2.581082611E0
6.328180292E0,3.098107452E0,7.038812714E0,2.961741028E0
6.338181292E0,3.033292236E0,7.241640930E0,3.480711823E0
6.348182292E0,2.833457794E0,7.381300507E0,3.728446655E0
6.358184292E0,2.675236816E0,7.387138367E0,3.815565491E0
6.368185292E0,2.719844055E0,7.282655640E0,3.706442413E0
6.378186292E0,3.029550018E0,7.080126801E0,3.494483185E0
6.388187292E0,3.484004974E0,6.720574493E0,3.229384460E0
6.398188292E0,3.792812805E0,6.338269501E0,2.971919861E0
6.408190292E0,4.056264954E0,6.051615601E0,2.815195770E0
6.418191292E0,4.234693909E0,5.864504700E0,2.678679657E0
6.428192292E0,4.325704651E0,5.879323883E0,2.639012146E0
6.438193292E0,4.347409515E0,5.950126648E0,2.693798218E0
6.448194292E0,4.422104187E0,5.960006104E0,2.704126740E0
6.458195292E0,4.673730927E0,5.837710419E0,2.626288605E0
6.468197292E0,5.044509888E0,5.441484375E0,2.571801910E0
6.478198292E0,5.326822815E0,4.756808167E0,2.550246735E0
6.488199292E0,5.421725464E0,4.061953125E0,2.513872375E0
6.498200292E0,5.223687286E0,3.416345673E0,2.799478455E0
6.508201292E0,4.798571320E0,3.078348541E0,3.000360718E0
6.518203292E0,4.505331116E0,2.571352844E0,2.940634918E0
6.528204292E0,4.599185944E0,1.962119751E0,2.859803009E0
6.538205292E0,5.093458099E0,1.167422333E0,2.568209381E0
6.548206292E0,5.463787994E0,5.995033264E-1,2.653382263E0
6.558207292E0,5.372477875E0,4.992118835E-1,3.104544067E0
6.568209292E0,4.932243347E0,5.043013000E-1,3.493585052E0
6.578210292E0,4.453389130E0,3.438349915E-1,3.415746918E0
6.588211292E0,4.565655670E0,-3.944297791E-1,2.487377472E0
6.598212292E0,5.444029083E0,-2.140548706E0,1.162183228E0
6.608213292E0,6.536607056E0,-3.926933899E0,4.207749939E-1
6.618214292E0,7.717800751E0,-5.440885620E0,-7.682025146E-1
6.628216292E0,8.531808014E0,-6.142776031E0,-5.188211060E-1
6.638217292E0,8.702453156E0,-5.577551422E0,1.930984497E-1
6.648218292E0,8.612340546E0,-4.506229248E0,1.519340515E-1
6.658219292E0,8.537346497E0,-4.374503174E0,2.321672058E-1
6.668220292E0,8.711135101E0,-5.233417053E0,-5.622308350E-1
6.678222292E0,9.002579041E0,-6.657405853E0,-1.207538910E0
6.688223292E0,8.871152344E0,-7.979157257E0,-1.263073425E0
6.698224292E0,8.714577942E0,-8.695417786E0,-1.424437866E0
6.708225292E0,8.960516510E0,-9.270072784E0,-1.951342163E0
6.718226292E0,9.383237457E0,-9.441915436E0,-1.549427948E0
6.728227292E0,9.975256348E0,-9.226663055E0,-2.553539886E0
6.738229292E0,1.036399796E1,-8.682544556E0,-2.181114349E0
6.748230292E0,1.087698120E1,-8.153694305E0,-1.855242004E0
6.758231292E0,1.138487503E1,-8.048313446E0,-8.390052795E-1
6.768232292E0,1.187974594E1,-8.450826416E0,7.476951599E-1
6.778233292E0,1.249870880E1,-8.572972412E0,7.367678833E-1
6.788235292E0,1.297426987E1,-8.774004364E0,1.616638184E0
6.798236292E0,1.397823212E1,-9.714947662E0,2.063309326E0
6.808237292E0,1.394904282E1,-1.043345352E1,1.745370483E0
6.818238292E0,1.295630722E1,-9.580676880E0,1.396146698E0
6.828239292E0,1.189112228E1,-8.790021057E0,1.037043457E0
6.838241292E0,1.136376892E1,-8.623866577E0,9.138496399E-1
6.848242292E0,1.128787674E1,-9.003327484E0,1.254092102E0
6.858243292E0,1.143127853E1,-9.722432098E0,1.999242554E0
6.868244292E0,1.102696930E1,-1.060469742E1,2.735711060E0
6.878245292E0,9.564660187E0,-1.095571747E1,3.062780914E0
6.888246292E0,8.249495087E0,-1.140044266E1,2.924318848E0
6.898248292E0,7.137008514E0,-1.183678528E1,2.747087402E0
6.908249292E0,6.214327240E0,-1.206086929E1,2.251917114E0
6.918250292E0,5.635181580E0,-1.207628723E1,1.585951996E0
6.928251292E0,5.293591919E0,-1.192330536E1,1.266516266E0
6.938252292E0,5.184169464E0,-1.180250656E1,1.416504364E0
6.948254292E0,5.244344330E0,-1.173155411E1,1.867965546E0
6.958255292E0,5.447022858E0,-1.168500092E1,2.488275604E0
6.968256292E0,5.732179871E0,-1.163650177E1,3.259471893E0
6.978257292E0,6.130351868E0,-1.179606995E1,3.816463623E0
6.988258292E0,6.533014526E0,-1.219454132E1,4.259242859E0
6.998260292E0,7.012916565E0,-1.268776566E1,4.457131348E0
7.008261292E0,7.394922180E0,-1.329789688E1,4.647236023E0
7.018262292E0,7.313641205E0,-1.371702530E1,4.905149689E0
7.028263292E0,6.975045319E0,-1.392045227E1,5.209766235E0
7.038264292E0,6.784491577E0,-1.435664520E1,5.531596985E0
7.048265292E0,6.365063782E0,-1.478834747E1,5.744604034E0
7.058267292E0,5.916746063E0,-1.465602264E1,5.413492584E0
7.068268292E0,5.919739838E0,-1.410172531E1,4.684358826E0
7.078269292E0,6.118077393E0,-1.338396790E1,4.514761505E0
7.088270292E0,6.398594055E0,-1.260259277E1,4.014501801E0
7.098270875E0,7.016658783E0,-1.172856033E1,3.353925476E0
7.108272875E0,7.723039856E0,-1.082159637E1,3.295696564E0
7.118273875E0,8.543184357E0,-9.921069031E0,2.990630951E0
7.128274875E0,9.598489838E0,-8.962761841E0,2.799478455E0
7.138275875E0,1.112037506E1,-8.396489410E0,2.747536469E0
7.148276875E0,1.281320480E1,-8.066725159E0,3.731290741E0
7.158278875E0,1.388856857E1,-7.851622467E0,5.441484375E0
7.168279875E0,1.406954224E1,-7.962841187E0,7.353458405E0
7.178280875E0,1.363664246E1,-8.571026459E0,8.866961060E0
7.188281875E0,1.294163773E1,-9.663604431E0,9.060807953E0
7.198282875E0,1.220980957E1,-1.106394241E1,7.868237915E0
7.208284875E0,1.168410278E1,-1.232013016E1,6.429579620E0
7.218285875E0,1.123009689E1,-1.307366318E1,4.913831635E0
7.228286875E0,1.023346939E1,-1.295136749E1,3.753594360E0
7.238287875E0,9.088350677E0,-1.186283112E1,2.680176544E0
7.248288875E0,8.588989105E0,-1.080273560E1,2.401156769E0
7.258289875E0,8.955127716E0,-1.002914429E1,1.754052429E0
7.268291875E0,9.439819794E0,-9.401798859E0,1.744622040E0
7.278292875E0,9.604327698E0,-8.960815887E0,1.112636261E0
7.288293875E0,9.286388855E0,-8.127498779E0,-3.092568970E-1
7.298294875E0,8.123906250E0,-7.313940582E0,-6.248007202E-1
7.308295875E0,7.207811279E0,-6.525829468E0,-1.981429596E0
7.318297875E0,6.535858612E0,-5.513933716E0,-3.169958038E0
7.328298875E0,5.860612793E0,-4.478985901E0,-3.657194824E0
7.338299875E0,5.372926941E0,-3.616479492E0,-3.559597778E0
7.348300875E0,5.212460632E0,-2.834206238E0,-3.654650116E0
7.358301875E0,5.147046661E0,-2.092648315E0,-3.654799805E0
7.368303875E0,5.263803864E0,-1.497336273E0,-3.141966248E0
7.378304875E0,5.626200256E0,-9.084608459E-1,-3.244203644E0
7.388305875E0,5.996679840E0,-4.764591980E-1,-2.775079193E0
7.398306875E0,6.537505188E0,-1.763333130E-1,-2.913990326E0
7.408307875E0,7.065008240E0,3.996688843E-2,-2.462080078E0
7.418309875E0,7.498955841E0,3.375480652E-1,-1.488055573E0
7.428310875E0,7.954458618E0,7.304809570E-1,-7.710466003E-1
7.438311875E0,8.350235596E0,1.351988525E0,-6.002517700E-2
7.448312875E0,8.908873901E0,2.077529755E0,1.377136230E-1
7.458313875E0,9.852511597E0,2.873424683E0,7.185058594E-2
7.468315875E0,1.083461929E1,3.504811707E0,7.966433716E-1
7.478316875E0,1.150342850E1,3.758833466E0,2.101330261E0
7.488317875E0,1.154938293E1,3.455863495E0,3.414250031E0
7.498318875E0,1.051488419E1,2.921175385E0,3.255280609E0
7.508319875E0,8.117319946E0,3.296145630E0,2.584375763E0
7.518320875E0,5.406606903E0,4.420906677E0,2.170336761E0
7.528322875E0,3.370091858E0,5.453609161E0,1.715283051E0
7.538323875E0,2.132166138E0,5.897585907E0,1.089883575E0
7.548324875E0,1.605710907E0,5.802383881E0,-2.338137817E-1
7.558325875E0,1.491498413E0,5.442083130E0,-2.114353180E0
7.568326875E0,1.886077881E0,4.968168640E0,-3.558250580E0
7.578328875E0,2.853216705E0,4.633464661E0,-3.349434814E0
7.588329875E0,3.590583344E0,4.490960999E0,-2.727927246E0
7.598330875E0,3.526067505E0,4.548591156E0,-2.497107239E0
7.608331875E0,3.272794189E0,5.118456116E0,-2.440075836E0
7.618332875E0,3.530109100E0,5.871240692E0,-2.161056061E0
7.628334875E0,4.170776825E0,6.553372192E0,-2.205513611E0
7.638335875E0,4.813540192E0,7.081324310E0,-2.001787262E0
7.648336875E0,5.374423828E0,7.478298798E0,-2.221829681E0
7.658337875E0,5.597609711E0,7.744894409E0,-2.596350861E0
7.668338875E0,5.529052277E0,7.876919861E0,-2.449206848E0
7.678340875E0,5.373974762E0,7.959398346E0,-1.747316437E0
7.688341875E0,5.519921265E0,7.894583130E0,-9.264234924E-1
7.698342875E0,5.885012054E0,7.260052643E0,-1.068777466E-1
7.708343875E0,6.138884125E0,6.065237274E0,3.180885315E-1
7.718344875E0,5.981710968E0,5.187312927E0,2.511776733E-1
7.728346875E0,5.410199432E0,5.070106659E0,-3.412902832E-2
7.738347875E0,4.885091400E0,5.620512085E0,-4.622387695E-1
7.748348875E0,4.933740234E0,6.443350983E0,-9.292675781E-1
7.758349875E0,5.518424377E0,7.016658783E0,-1.316212921E0
7.768350875E0,6.143674164E0,7.744145966E0,-8.884025574E-1
7.778352875E0,6.515051880E0,8.284222870E0,-6.825805664E-2
7.788353875E0,6.599476318E0,8.397387543E0,5.046006775E-1
7.798354875E0,7.039411469E0,7.477849731E0,5.834866333E-1
7.808355875E0,7.515122223E0,7.125332794E0,8.854087830E-1
7.818356875E0,7.518864441E0,6.972949677E0,-1.103205872E-1
7.828358875E0,6.531517639E0,7.139403534E0,-1.205892334E0
7.838359875E0,5.109474792E0,7.257957001E0,-1.934876404E0
7.848360875E0,4.119433594E0,6.844666443E0,-2.142195282E0
7.858361875E0,3.628604279E0,5.979465637E0,-1.069226532E0
7.868362875E0,3.300336914E0,5.513484650E0,3.707789612E-1
7.878364875E0,3.197949829E0,5.333259430E0,7.602690125E-1
7.888365875E0,3.450923767E0,5.209017792E0,1.317560120E0
7.898366875E0,3.621868286E0,5.224286041E0,2.079775085E0
7.908367875E0,3.532055054E0,5.455854492E0,2.869383087E0
7.918368875E0,3.188818817E0,5.856271820E0,3.633244629E0
7.928370875E0,2.561024323E0,6.108647003E0,4.033512268E0
7.938371875E0,1.796414337E0,6.271957397E0,4.604425049E0
7.948372875E0,1.164278870E0,6.357729034E0,4.830305328E0
7.958373875E0,8.029302979E-1,6.445746002E0,4.725074158E0
7.968374875E0,7.783813477E-1,6.625821533E0,4.770130463E0
7.978376875E0,8.372090149E-1,6.917115784E0,4.957690430E0
7.988377875E0,8.616082764E-1,7.291936340E0,5.306764526E0
7.998378875E0,8.904981995E-1,7.686815186E0,6.044729919E0
8.008379875E0,1.021176453E0,7.859406281E0,6.549180908E0
8.018380875E0,1.060993652E0,7.703879700E0,7.144942017E0
8.028382875E0,1.004561005E0,7.588020630E0,7.447163544E0
8.038383875E0,1.097368011E0,7.726782074E0,7.178472290E0
8.048384875E0,1.406325531E0,7.866591339E0,6.728957062E0
8.058385875E0,1.867366791E0,7.746690674E0,5.973029022E0
8.068386875E0,2.485730896E0,7.318431244E0,5.546116791E0
8.078388875E0,3.185076599E0,6.753506012E0,5.481900330E0
8.088389875E0,3.718267822E0,6.305038605E0,5.686674500E0
8.098390750E0,4.021387482E0,5.973478088E0,5.665418701E0
8.108391750E0,4.158502350E0,5.820196838E0,5.731281738E0
8.118392750E0,4.320016479E0,5.974376221E0,5.868546295E0
8.128394750E0,4.514013062E0,6.280789032E0,5.862109680E0
8.138395750E0,4.736001434E0,6.428681488E0,5.888155518E0
8.148396750E0,4.912783813E0,6.253695374E0,5.935906219E0
8.158397750E0,5.077142029E0,5.866151276E0,6.007607117E0
8.168398750E0,5.262606354E0,5.484145660E0,6.011049957E0
8.178400750E0,5.280569000E0,5.326224060E0,5.936355286E0
8.188401750E0,5.242847443E0,5.237308960E0,5.783972168E0
8.198402750E0,5.234315186E0,5.171595612E0,5.618416443E0
8.208403750E0,5.265899506E0,5.247936859E0,5.234764252E0
8.218404750E0,5.419180756E0,5.240452423E0,4.758903809E0
8.228406750E0,5.595813446E0,5.072950745E0,4.434678040E0
8.238407750E0,5.644462280E0,4.937332764E0,4.328249359E0
8.248408750E0,5.731431427E0,4.783303070E0,4.387226715E0
8.258409750E0,5.965544586E0,4.468058624E0,4.467459869E0
8.268410750E0,6.224506073E0,4.058959351E0,4.632566528E0
8.278412750E0,6.479725342E0,3.625161438E0,4.766537933E0
8.288413750E0,6.594686279E0,3.205583954E0,4.922064514E0
8.298414750E0,6.545438690E0,3.015479279E0,5.078638916E0
8.308415750E0,6.414910126E0,2.975512390E0,5.089416504E0
8.318417750E0,6.136189728E0,2.853665771E0,5.181175690E0
8.328418750E0,5.815556488E0,2.719544678E0,5.115162964E0
8.338419750E0,5.820047150E0,2.293680267E0,4.696034546E0
8.348420750E0,6.230942688E0,1.535955963E0,4.392465820E0
8.358421750E0,6.534062347E0,9.129515076E-1,4.128714294E0
8.368423750E0,6.361471252E0,5.519023132E-1,4.245920563E0
8.378424750E0,5.761967926E0,1.615141296E-1,4.605323181E0
8.388425750E0,5.060676270E0,-4.474195862E-1,4.681963806E0
8.398426750E0,4.827461243E0,-1.430275726E0,4.372706909E0
8.408427750E0,5.813311157E0,-3.186423798E0,3.210224304E0
8.418429750E0,7.488477631E0,-5.221292267E0,1.917662201E0
8.428430750E0,8.780890045E0,-6.332281952E0,1.166823578E0
8.438431750E0,9.236093445E0,-6.480473785E0,7.505392456E-1
8.448432750E0,8.720565491E0,-6.220614166E0,9.762698364E-1
8.458433750E0,7.589367828E0,-5.768254852E0,1.444047089E0
8.468435750E0,6.514602814E0,-5.125042419E0,2.316432953E0
8.478436750E0,6.694229279E0,-5.175188141E0,2.421963501E0
8.488437750E0,8.337362366E0,-6.314169617E0,1.932481384E0
8.498438750E0,9.827513580E0,-7.060218201E0,2.098336487E0
8.508439750E0,1.061367874E1,-6.668183441E0,1.914518738E0
8.518441750E0,1.059661423E1,-5.821693726E0,1.568438416E0
8.528442750E0,9.833650818E0,-5.187612305E0,2.012265472E0
8.538443750E0,9.044192505E0,-4.805906067E0,2.821033630E0
8.548444750E0,8.964558105E0,-5.060376892E0,3.428320770E0
8.558445750E0,9.444909210E0,-6.174060974E0,4.194876709E0
8.568447750E0,1.017015106E1,-7.848029938E0,4.879852295E0
8.578448750E0,1.108894043E1,-9.735455017E0,4.766537933E0
8.588449750E0,1.175206146E1,-1.093491074E1,4.071233826E0
8.598450750E0,1.194650711E1,-1.066412384E1,3.252137146E0
8.608451750E0,1.186372925E1,-9.325158234E0,2.902913361E0
8.618453750E0,1.166314636E1,-8.059989166E0,3.104544067E0
8.628454750E0,1.156569901E1,-7.473209381E0,3.689976654E0
8.638455750E0,1.160342056E1,-7.851023712E0,4.567751312E0
8.648456750E0,1.173799072E1,-9.257498932E0,5.527555389E0
8.658457750E0,1.201611237E1,-1.160925842E1,5.790408783E0
8.668459750E0,1.183468964E1,-1.389141266E1,5.597160645E0
8.678460750E0,1.061891785E1,-1.462773148E1,5.063670044E0
8.688461750E0,9.144783325E0,-1.358784393E1,4.180207214E0
8.698462750E0,8.318351898E0,-1.213855774E1,3.442990265E0
8.708463750E0,8.133037262E0,-1.141660904E1,2.846630402E0
8.718465750E0,8.168812866E0,-1.120869141E1,2.417173462E0
8.728466750E0,8.216264191E0,-1.130000153E1,2.496658173E0
8.738467750E0,8.298143921E0,-1.171658524E1,2.984044647E0
8.748468750E0,8.445138245E0,-1.250095413E1,3.250640259E0
8.758469750E0,8.545729065E0,-1.313219147E1,3.201991425E0
8.768471750E0,8.524622955E0,-1.306138870E1,3.170407104E0
8.778472750E0,8.297245789E0,-1.232746490E1,3.176694031E0
8.788473750E0,7.902816010E0,-1.130149841E1,3.310066681E0
8.798474750E0,7.590415649E0,-1.037956558E1,3.499722290E0
8.808476750E0,7.555837555E0,-9.823172607E0,3.837869110E0
8.818477750E0,7.886949005E0,-9.733059998E0,4.231251068E0
8.828478750E0,8.350534973E0,-9.846374359E0,4.510270844E0
8.838479750E0,8.739575958E0,-9.762099609E0,4.417463837E0
8.848480750E0,9.174122314E0,-9.478738861E0,4.350403290E0
8.858482750E0,9.708061981E0,-9.150770874E0,4.453089752E0
8.868483750E0,1.008931915E1,-8.720415802E0,4.777614899E0
8.878484750E0,1.021161484E1,-8.143515472E0,5.216352539E0
8.888485750E0,1.028586044E1,-7.626790009E0,5.713468781E0
8.898486750E0,1.050171158E1,-7.262896729E0,5.298681335E0
8.908488750E0,1.070483917E1,-7.026388550E0,4.562063141E0
8.918489750E0,1.068777466E1,-6.714287567E0,3.943399658E0
8.928490750E0,1.047222290E1,-6.370602264E0,3.743265839E0
8.938491750E0,1.038435562E1,-6.110742645E0,3.512595520E0
8.948492750E0,1.057026901E1,-5.958359528E0,3.291804657E0
8.958494750E0,1.096080688E1,-5.666316833E0,2.977757721E0
8.968495750E0,1.145672562E1,-5.259013824E0,3.122357025E0
8.978496750E0,1.182226547E1,-4.750970306E0,3.424578552E0
8.988497750E0,1.189202042E1,-4.189787292E0,3.240012360E0
8.998498750E0,1.171912994E1,-3.729943542E0,2.924767914E0
9.008500750E0,1.157048904E1,-3.445834351E0,3.192561035E0
9.018501750E0,1.163515457E1,-3.340603180E0,3.556903381E0
9.028502750E0,1.177361664E1,-3.193010101E0,3.865112457E0
9.038503750E0,1.188064407E1,-3.002306671E0,3.838168488E0
9.048504750E0,1.179592026E1,-2.671943665E0,3.686384125E0
9.058506750E0,1.141795624E1,-2.213896179E0,3.414848785E0
9.068507750E0,1.095272369E1,-1.792672119E0,2.930156708E0
9.078508750E0,1.036295013E1,-1.517544250E0,2.569257202E0
9.088509750E0,9.596244507E0,-1.370250549E0,2.302661591E0
9.098512625E0,8.752000122E0,-1.358275452E0,1.808239746E0
9.108513625E0,8.048463135E0,-1.411714325E0,9.428892517E-1
9.118514625E0,7.276518402E0,-1.555565186E0,4.953199768E-1
9.128515625E0,6.536008301E0,-1.634451141E0,-8.307723999E-2
9.138516625E0,5.949527893E0,-1.672771454E0,-7.619155884E-1
9.148518625E0,5.533243561E0,-1.571282501E0,-1.624571686E0
9.158519625E0,5.241500244E0,-1.314117279E0,-1.820214844E0
9.168520625E0,5.258864136E0,-8.544232178E-1,-2.676434326E0
9.178521625E0,5.185666351E0,-2.390528870E-1,-2.787353668E0
9.188522625E0,5.210065613E0,4.360432434E-1,-2.808609467E0
9.198524625E0,5.175487518E0,1.222208405E0,-2.601290588E0
9.208525625E0,5.086572418E0,2.065404968E0,-2.232607269E0
9.218526625E0,4.965174866E0,2.820883942E0,-2.126777344E0
9.228527625E0,4.908742218E0,3.407813416E0,-2.204316101E0
9.238529625E0,5.032385101E0,3.783681793E0,-2.630928955E0
9.248530625E0,5.375920715E0,3.999383240E0,-2.653681641E0
9.258531625E0,5.989494781E0,4.104614410E0,-2.534679108E0
9.268532625E0,6.703659668E0,4.111500092E0,-1.896705780E0
9.278533625E0,7.163653107E0,4.141886902E0,-3.362008667E-1
9.288535625E0,6.994504852E0,4.429888000E0,1.148711243E0
9.298536625E0,6.593788147E0,4.579726410E0,1.241667938E0
9.308537625E0,6.406078491E0,4.348457336E0,8.072712708E-1
9.318538625E0,6.394253082E0,4.101021881E0,1.082399139E0
9.328539625E0,6.245761871E0,4.254153442E0,1.273401947E0
9.338541625E0,5.753435669E0,4.759801941E0,1.302291870E0
9.348542625E0,4.978497162E0,5.320386200E0,1.139430542E0
9.358543625E0,4.133354645E0,5.755830688E0,6.991960144E-1
9.368544625E0,3.336561584E0,6.265221405E0,5.254074097E-1
9.378546625E0,2.818788300E0,7.053182831E0,3.778143311E-1
9.388547625E0,2.650089111E0,8.030650177E0,5.568420410E-2
9.398548625E0,2.710114288E0,8.846603394E0,-2.034269714E-1
9.408549625E0,2.873274994E0,9.120982819E0,-7.454498291E-1
9.418550625E0,2.911295929E0,8.916508026E0,-1.852248230E0
9.428552625E0,2.816243591E0,8.436456299E0,-3.154989166E0
9.438553625E0,2.784659271E0,8.003107452E0,-3.962559814E0
9.448554625E0,2.881956940E0,7.869884491E0,-4.284839630E0
9.458555625E0,3.101101227E0,7.882009277E0,-3.533102875E0
9.468556625E0,3.440894623E0,7.957901459E0,-2.264341278E0
9.478558625E0,3.621718597E0,7.959398346E0,-1.619781647E0
9.488559625E0,3.694317627E0,7.588170319E0,-1.369951172E0
9.498560625E0,3.979175262E0,7.169191589E0,-9.059161377E-1
9.508561625E0,4.438420258E0,6.965165863E0,-5.557942200E-1
9.518563625E0,4.650080109E0,7.046446838E0,-5.917195129E-1
9.528564625E0,4.637506256E0,7.383545837E0,-8.156538391E-1
9.538565625E0,4.593348083E0,7.711064758E0,-5.583389282E-1
9.548566625E0,4.564308472E0,7.898475037E0,3.315605164E-1
9.558567625E0,4.504133606E0,7.928712158E0,1.022224274E0
9.568569625E0,4.168980560E0,7.744894409E0,1.659149780E0
9.578570625E0,3.774700470E0,7.426506500E0,1.876497803E0
9.588571625E0,3.482957153E0,7.245832214E0,1.650916901E0
9.598572625E0,3.243305511E0,7.230114899E0,1.406774597E0
9.608574625E0,2.957998810E0,7.485483856E0,1.684596863E0
9.618575625E0,2.595752106E0,8.109386444E0,2.045346680E0
9.628576625E0,2.182162170E0,8.848699036E0,2.385738831E0
9.638577625E0,1.777852936E0,9.368418274E0,2.305505676E0
9.648578625E0,1.404080200E0,9.730515289E0,2.010768585E0
9.658580625E0,1.323248291E0,9.750124512E0,1.740580444E0
9.668581625E0,1.456620941E0,9.532028046E0,1.876497803E0
9.678582625E0,1.492546234E0,9.324709167E0,2.157613220E0
9.688583625E0,1.432820435E0,9.150770874E0,2.183060303E0
9.698584625E0,1.692380676E0,8.950786743E0,1.765578461E0
9.708586625E0,2.340083771E0,8.697663116E0,1.183888092E0
9.718587625E0,3.141217804E0,8.587791595E0,7.448510742E-1
9.728588625E0,3.689377899E0,9.047485657E0,9.511221313E-1
9.738589625E0,3.825594635E0,9.453291779E0,1.478774872E0
9.748591625E0,3.676205292E0,9.749376068E0,2.337089996E0
9.758592625E0,3.507356415E0,9.559870148E0,2.882256317E0
9.768593625E0,3.536994781E0,9.022787018E0,3.240611115E0
9.778594625E0,3.756288757E0,8.449030151E0,3.251837769E0
9.788595625E0,3.830684052E0,8.073012085E0,2.998265076E0
9.798597625E0,3.655847626E0,8.033045197E0,2.596051483E0
9.808598625E0,3.285517731E0,8.114625549E0,2.298470306E0
9.818599625E0,2.778522034E0,8.082891541E0,2.229613495E0
9.828600625E0,2.171085205E0,7.982300720E0,2.550695801E0
9.838602625E0,1.670975189E0,7.768694916E0,2.984793091E0
9.848603625E0,1.298998718E0,7.513475647E0,3.216361542E0
9.858604625E0,1.033151550E0,7.336393890E0,3.201392670E0
9.868605625E0,1.027164001E0,7.216044159E0,3.031346283E0
9.878606625E0,1.123862915E0,7.117099915E0,3.095862122E0
9.888608625E0,1.257085876E0,6.881340179E0,3.227588196E0
9.898609625E0,1.297202454E0,6.607409821E0,3.433260498E0
9.908610625E0,1.299148407E0,6.280040588E0,3.741469574E0
9.918611625E0,1.274000702E0,6.027366028E0,4.043840790E0
9.928613625E0,1.276695099E0,5.860313416E0,4.236340485E0
9.938614625E0,1.350491638E0,5.791755981E0,4.687651978E0
9.948615625E0,1.468596039E0,5.765111389E0,5.021008759E0
9.958616625E0,1.646725616E0,5.882317657E0,5.362448730E0
9.968617625E0,1.940564575E0,5.898484039E0,5.631589050E0
9.978619625E0,2.291734314E0,5.764213257E0,5.751938782E0
9.988620625E0,2.704725494E0,5.454956360E0,5.539680176E0
9.998621625E0,3.043171692E0,5.119204559E0,5.442232819E0
1.000862262E1,3.236719208E0,4.831353149E0,5.140460358E0
1.001862362E1,3.395538940E0,4.760849762E0,4.929399261E0
1.002862562E1,3.599864044E0,4.777315521E0,5.024900665E0
1.003862662E1,3.905678101E0,4.640500031E0,5.515580292E0
1.004862762E1,4.396806793E0,4.418361969E0,6.262077942E0
1.005862862E1,5.180277557E0,4.236789551E0,6.949448547E0
1.006863062E1,6.075266418E0,4.099075928E0,7.634124756E0
1.007863162E1,6.794670410E0,4.079915771E0,7.998317413E0
1.008863262E1,7.256759491E0,3.890409851E0,8.211623840E0
1.009863367E1,7.196734314E0,3.721261597E0,8.396489410E0
1.010863567E1,6.712940369E0,3.405717773E0,8.540789337E0
1.011863667E1,6.004763031E0,3.150498505E0,8.500523071E0
1.012863767E1,5.385051727E0,2.946921844E0,8.365653534E0
1.013863867E1,4.935835876E0,2.663561096E0,8.323141937E0
1.014863967E1,4.673880615E0,2.375260620E0,8.431815948E0
1.015864167E1,4.586462402E0,2.221380615E0,8.929680634E0
1.016864267E1,4.492308197E0,2.584824829E0,9.105265503E0
1.017864367E1,4.318070526E0,3.282074890E0,8.769214325E0
1.018864467E1,4.358935547E0,3.686384125E0,8.332123260E0
1.019864567E1,4.746180267E0,3.658242645E0,8.190966797E0
1.020864767E1,5.315895538E0,3.199746094E0,8.403225403E0
1.021864867E1,5.752088470E0,2.576891327E0,8.777147827E0
1.022864967E1,5.853427734E0,2.083367615E0,9.107211456E0
1.023865067E1,5.970184937E0,1.580263824E0,8.926686859E0
1.024865267E1,6.292015686E0,9.641450500E-1,8.384813690E0
1.025865367E1,7.054979095E0,1.124162292E-1,7.546407166E0
1.026865467E1,8.520581360E0,-1.235081635E0,6.774761810E0
1.027865567E1,1.005923172E1,-2.412233734E0,6.338568878E0
1.028865667E1,1.067894302E1,-2.483934631E0,6.038892059E0
1.029865867E1,9.972412262E0,-1.754651184E0,5.996380463E0
1.030865967E1,8.459658051E0,-1.131347351E0,6.807244263E0
1.031866067E1,7.455097046E0,-1.008003845E0,7.487130432E0
1.032866167E1,7.646848297E0,-1.597328339E0,7.226672058E0
1.033866367E1,8.237819366E0,-2.329755249E0,6.721173248E0
1.034866467E1,8.635093231E0,-2.455942841E0,6.011199646E0
1.035866567E1,8.818461914E0,-2.268682251E0,5.539081421E0
1.036866667E1,8.655301208E0,-1.995051270E0,5.454656982E0
1.037866767E1,8.164471893E0,-1.661694489E0,5.464686127E0
1.038866967E1,7.619604950E0,-1.364861755E0,5.514083405E0
1.039867067E1,7.157964935E0,-1.437760162E0,5.657784576E0
1.040867167E1,6.904841309E0,-1.856589203E0,5.854475555E0
1.041867267E1,7.081773376E0,-2.645149384E0,5.839806061E0
1.042867467E1,7.551945648E0,-3.481160889E0,5.790857849E0
1.043867567E1,8.138575745E0,-4.035158844E0,5.784271545E0
1.044867667E1,8.612639923E0,-4.258195038E0,5.995332642E0
1.045867767E1,8.516240387E0,-4.201762390E0,6.285279694E0
1.046867967E1,7.780670013E0,-4.110003204E0,6.487958221E0
1.047868067E1,6.894363098E0,-4.270768890E0,6.357729034E0
1.048868167E1,6.329288177E0,-4.890180817E0,5.766608276E0
1.049868267E1,6.558012543E0,-6.143374786E0,4.537813568E0
1.050868367E1,7.694898376E0,-7.607031097E0,3.124302979E0
1.051868567E1,8.981472931E0,-8.265960846E0,2.495460663E0
1.052868667E1,9.815987549E0,-7.982600098E0,2.481689301E0
1.053868767E1,1.015143997E1,-7.356452179E0,2.888842621E0
1.054868867E1,1.009380981E1,-6.580016785E0,3.563789062E0
1.055869067E1,1.007824219E1,-5.885760498E0,4.146826630E0
1.056869167E1,1.039947418E1,-5.638025665E0,4.693938904E0
1.057869267E1,1.117366425E1,-6.090384979E0,5.087470551E0
1.058869367E1,1.200907700E1,-7.064409485E0,5.103487244E0
1.059869467E1,1.230261658E1,-7.578590240E0,5.144801331E0
1.060869667E1,1.208257416E1,-7.449109497E0,5.289550323E0
1.061869767E1,1.164278870E1,-7.073390808E0,5.224435730E0
1.062869867E1,1.123503662E1,-6.830595703E0,5.247487793E0
1.063869967E1,1.107756409E1,-7.093000031E0,5.345384216E0
1.064870167E1,1.094808334E1,-7.609725494E0,5.325774994E0
1.065870267E1,1.067175797E1,-8.077353058E0,5.205724640E0
1.066870367E1,1.042267593E1,-8.577912140E0,4.892126770E0
1.067870467E1,1.011970596E1,-8.783434753E0,4.304299164E0
1.068870567E1,9.562265167E0,-8.539741516E0,3.789819031E0
1.069870767E1,9.086105347E0,-8.143066406E0,3.601809998E0
1.070870867E1,8.787626038E0,-7.888296204E0,3.505111084E0
1.071870967E1,8.610693970E0,-7.660320282E0,3.519930267E0
1.072871067E1,8.566535797E0,-7.606132965E0,3.619173889E0
1.073871267E1,8.563392334E0,-7.711962891E0,3.666026459E0
1.074871367E1,8.515192566E0,-7.890092468E0,3.214714966E0
1.075871467E1,8.353828125E0,-7.893385620E0,2.593057709E0
1.076871567E1,8.239615631E0,-7.746840363E0,2.013612671E0
1.077871667E1,8.320148163E0,-7.524253235E0,1.334175568E0
1.078871867E1,8.571625214E0,-7.340884552E0,1.113833771E0
1.079871967E1,8.803942108E0,-7.212301941E0,1.092428284E0
1.080872067E1,8.861572266E0,-6.937772827E0,5.081932068E-1
1.081872167E1,8.995543671E0,-6.458469543E0,5.251080322E-1
1.082872367E1,9.273665314E0,-5.962550812E0,1.038839722E0
1.083872467E1,9.432335358E0,-5.505850525E0,1.144220581E0
1.084872567E1,9.457483063E0,-5.093458099E0,8.231382751E-1
1.085872667E1,9.651629333E0,-4.773423615E0,4.104464722E-1
1.086872867E1,1.007734406E1,-4.539160767E0,5.104385376E-1
1.087872967E1,1.040935364E1,-4.272864532E0,1.274599457E0
1.088873067E1,1.043779449E1,-3.962859192E0,1.628613281E0
1.089873167E1,1.039318726E1,-3.713328094E0,1.468895416E0
1.090873267E1,1.050216064E1,-3.550317078E0,1.360820160E0
1.091873467E1,1.069121750E1,-3.445235596E0,1.305285645E0
1.092873567E1,1.069046906E1,-3.321742401E0,1.376387787E0
1.093873667E1,1.051563263E1,-3.062481537E0,1.535656586E0
1.094873767E1,1.043180695E1,-2.774630127E0,2.073787537E0
1.095873967E1,1.048883835E1,-2.489323425E0,2.652633820E0
1.096874067E1,1.067864365E1,-2.283651123E0,2.667453003E0
1.097874167E1,1.076800781E1,-1.985770569E0,2.413730621E0
1.098874267E1,1.067550018E1,-1.624721375E0,1.954635315E0
1.099874367E1,1.030038025E1,-1.229094086E0,1.267264709E0
1.100874567E1,9.818232880E0,-7.608677673E-1,7.232958984E-1
1.101874667E1,9.531878357E0,-2.706372070E-1,4.489164734E-1
1.102874767E1,9.624535675E0,8.068222046E-2,3.499722290E-1
1.103874867E1,9.876461792E0,2.772235107E-1,1.215472412E-1
1.104875067E1,1.007899063E1,4.583468628E-1,7.963439941E-2
1.105875167E1,1.016116974E1,6.171665955E-1,7.634124756E-2
1.106875267E1,1.019949005E1,7.716453552E-1,1.025367737E-1
1.107875367E1,1.022029678E1,8.740324402E-1,4.661306763E-1
1.108875567E1,1.017628830E1,9.300160217E-1,1.003962250E0
1.109875642E1,1.018092865E1,1.053658905E0,1.567240906E0
1.110875742E1,1.030187714E1,1.229243774E0,1.960772552E0
1.111875842E1,1.045470932E1,1.428030396E0,2.346819763E0
1.112875942E1,1.037956558E1,1.666484528E0,2.577041016E0
1.113876142E1,9.934541016E0,1.842967529E0,2.293829956E0
1.114876242E1,9.216633911E0,1.896406403E0,1.498833160E0
1.115876342E1,8.420589294E0,1.818717957E0,1.219963074E-1
1.116876442E1,7.673792267E0,1.672921143E0,-1.436862030E0
1.117876642E1,7.036118317E0,1.537153473E0,-2.427951050E0
1.118876742E1,6.813231812E0,1.610351257E0,-2.911894684E0
1.119876842E1,6.946604462E0,1.731000366E0,-3.043471069E0
1.120876942E1,7.083120575E0,2.234852600E0,-2.723286896E0
1.121877142E1,7.222480774E0,2.799777832E0,-2.094743958E0
1.122877242E1,7.500901794E0,3.285517731E0,-1.687740326E0
1.123877342E1,7.828420715E0,3.606450348E0,-1.127156067E0
1.124877442E1,8.183781738E0,3.777394867E0,-2.965333557E-1
1.125877542E1,8.488248596E0,3.675606537E0,6.065386963E-1
1.126877742E1,8.672964478E0,3.430865479E0,1.303639069E0
1.127877842E1,8.590935059E0,3.169658661E0,1.793420563E0
1.128877942E1,8.355175323E0,3.060385895E0,1.944606171E0
1.129878042E1,8.098459167E0,3.081342316E0,1.755100250E0
1.130878242E1,7.849227448E0,3.295846252E0,1.423988800E0
1.131878342E1,7.455845490E0,3.557502136E0,1.255738678E0
1.132878442E1,6.895261230E0,3.725602570E0,1.325792999E0
1.133878542E1,6.242917786E0,3.931574249E0,1.439556427E0
1.134878742E1,5.581742706E0,4.041146393E0,1.244062958E0
1.135878842E1,5.060376892E0,4.020639038E0,5.710624695E-1
1.136878942E1,4.873265991E0,3.863765259E0,-2.119592285E-1
1.137879042E1,4.975802765E0,3.834126892E0,-5.541476440E-1
1.138879242E1,5.030439148E0,4.059857483E0,-1.422042847E-1
1.139879342E1,4.846172333E0,4.467010803E0,7.824229431E-1
1.140879442E1,4.489464111E0,4.796026611E0,1.672771454E0
1.141879542E1,4.011058960E0,5.084476776E0,2.345472565E0
1.142879642E1,3.656446381E0,5.458698578E0,2.579136658E0
1.143879842E1,3.598666534E0,6.025270386E0,2.461631012E0
1.144879942E1,3.921545105E0,6.747817841E0,1.964664459E0
1.145880042E1,4.610113220E0,7.323071594E0,1.527423706E0
1.146880142E1,5.718258820E0,7.522756348E0,1.464554443E0
1.147880342E1,6.888674927E0,7.549101563E0,1.822011108E0
1.148880442E1,7.976462860E0,7.045997772E0,2.466121674E0
1.149880542E1,9.155111847E0,5.997278595E0,2.807262268E0
1.150880642E1,1.014635056E1,5.633684692E0,2.826272736E0
1.151880842E1,1.032986893E1,6.145470428E0,2.002386017E0
1.152880942E1,1.034917877E1,5.891298981E0,9.680369568E-1
1.153881042E1,1.021326141E1,4.949457550E0,6.945556641E-1
1.154881142E1,9.562863922E0,4.143533478E0,9.595046997E-1
1.155881342E1,8.539442139E0,3.385509796E0,1.957180023E0
1.156881442E1,7.011269989E0,3.137176208E0,3.623814240E0
1.157881542E1,5.430108032E0,3.291355591E0,5.032235413E0
1.158881642E1,4.181853790E0,3.400778046E0,5.883964233E0
1.159881742E1,3.157833252E0,3.346441040E0,6.238726501E0
1.160881942E1,2.124532013E0,3.365152130E0,6.169420624E0
1.161882042E1,1.212328949E0,3.373983765E0,5.913303223E0
1.162882142E1,4.303550720E-1,3.765270081E0,6.089935913E0
1.163882242E1,-5.011578369E-1,5.089715881E0,6.924151154E0
1.164882442E1,-1.368304596E0,6.887327728E0,7.491471405E0
1.165882542E1,-1.566941528E0,8.087382202E0,7.185956726E0
1.166882642E1,-8.337661743E-1,8.218359833E0,6.453978882E0
1.167882742E1,6.494993591E-1,7.408394165E0,5.885311432E0
1.168882942E1,2.221679993E0,6.440357208E0,5.742658081E0
1.169883042E1,3.314856720E0,5.852529602E0,6.028264160E0
1.170883142E1,3.974085846E0,5.651946716E0,6.479875031E0
1.171883242E1,4.362827454E0,5.705984344E0,6.798861694E0
1.172883442E1,4.660109253E0,5.907764740E0,7.079977112E0
1.173883542E1,4.795427856E0,6.289321289E0,7.336543579E0
1.174883642E1,4.889432373E0,6.767127686E0,7.450157318E0
1.175883742E1,4.997208252E0,6.906038818E0,7.403903503E0
1.176883842E1,5.132526855E0,6.643933868E0,7.219337311E0
1.177884042E1,5.375471649E0,6.160738678E0,6.784940643E0
1.178884142E1,5.659730530E0,5.579796753E0,6.309229889E0
1.179884242E1,5.768254852E0,5.249733124E0,5.916895752E0
1.180884342E1,5.738915863E0,5.204078064E0,5.623356171E0
1.181884542E1,5.648354187E0,5.227130127E0,5.492677917E0
1.182884642E1,5.608986053E0,5.083728333E0,5.432652740E0
1.183884742E1,5.638624420E0,4.812642059E0,5.306764526E0
1.184884842E1,5.747298431E0,4.550686798E0,5.161566467E0
1.185885042E1,5.922284546E0,4.256997528E0,5.032085724E0
1.186885142E1,6.146967316E0,3.908372498E0,4.987777863E0
1.187885242E1,6.406677246E0,3.428320770E0,4.852159882E0
1.188885342E1,6.649023285E0,2.863694916E0,4.637805634E0
1.189885542E1,6.820865936E0,2.507286072E0,4.604125671E0
1.190885642E1,6.945257263E0,2.449805603E0,4.729265442E0
1.191885742E1,7.026538239E0,2.616558838E0,4.837789764E0
1.192885842E1,7.011569366E0,2.823578339E0,4.868176575E0
1.193886042E1,7.002288666E0,2.877615967E0,4.661456451E0
1.194886142E1,7.100634155E0,2.594853973E0,4.332440643E0
1.195886242E1,7.290589142E0,1.972448273E0,3.939657440E0
1.196886342E1,7.477999420E0,9.762698364E-1,3.918551331E0
1.197886442E1,7.463928680E0,2.601589966E-1,4.330943756E0
1.198886642E1,7.230713654E0,-8.891510010E-2,4.603077850E0
1.199886742E1,6.641838226E0,-1.669029236E-1,4.614603882E0
1.200886842E1,5.963149567E0,-1.764830017E-1,4.240082703E0
1.201886942E1,5.666915588E0,-4.098477173E-1,3.596870270E0
1.202887142E1,5.838159485E0,-9.630972290E-1,3.113525391E0
1.203887242E1,6.138285370E0,-1.820813599E0,2.854414215E0
1.204887342E1,6.369105377E0,-2.654430084E0,2.620899811E0
1.205887442E1,6.857389984E0,-3.124302979E0,2.324665833E0
1.206887642E1,7.796986084E0,-3.487298126E0,1.878743134E0
1.207887742E1,8.275989990E0,-3.853736115E0,2.048789520E0
1.208887842E1,8.309969330E0,-4.030817871E0,2.065554657E0
1.209887950E1,8.050409088E0,-3.980821838E0,2.313738556E0
1.210888150E1,7.698341217E0,-4.069437561E0,2.725831604E0
1.211888250E1,7.473059692E0,-4.428690491E0,3.183130646E0
1.212888350E1,7.749235382E0,-5.016368408E0,3.675456848E0
1.213888450E1,8.569529572E0,-5.388943634E0,3.853885803E0
1.214888650E1,9.287436676E0,-5.204377441E0,4.094734955E0
1.215888750E1,9.607471161E0,-5.027595062E0,4.089046783E0
1.216888850E1,9.367669830E0,-5.185067596E0,3.928430786E0
1.217888950E1,8.789422302E0,-5.441933441E0,3.686683502E0
1.218889050E1,8.507109375E0,-5.660928040E0,3.297043762E0
1.219889250E1,8.433462524E0,-5.576503601E0,3.505111084E0
1.220889350E1,8.575367432E0,-5.364394684E0,4.263134766E0
1.221889450E1,9.328601074E0,-5.847739563E0,4.894521790E0
1.222889550E1,1.032388138E1,-7.310048676E0,5.534890137E0
1.223889750E1,1.093790451E1,-8.929231567E0,5.813760223E0
1.224889850E1,1.092233688E1,-9.988279266E0,5.902076569E0
1.225889950E1,1.033016830E1,-1.023047562E1,5.394781494E0
1.226890050E1,9.585317230E0,-9.806257782E0,4.512815552E0
1.227890250E1,9.433083801E0,-9.225016479E0,3.742367706E0
1.228890350E1,9.679022369E0,-8.781488800E0,3.145858154E0
1.229890450E1,9.882299652E0,-8.707093506E0,2.937491455E0
1.230890550E1,1.028466293E1,-9.457333374E0,2.828518066E0
1.231890750E1,1.052970337E1,-1.081306412E1,2.714604950E0
1.232890850E1,1.010443771E1,-1.190010361E1,2.942281494E0
1.233890950E1,9.581575012E0,-1.275617340E1,2.341580658E0
1.234891050E1,9.059610443E0,-1.320568863E1,1.986219635E0
1.235891250E1,8.281229095E0,-1.308728485E1,1.537452850E0
1.236891350E1,7.462880859E0,-1.261127472E1,1.109043732E0
1.237891450E1,6.874005432E0,-1.214065338E1,8.219407654E-1
1.238891550E1,6.414610748E0,-1.200683167E1,6.991960144E-1
1.239891750E1,5.939199371E0,-1.215652039E1,5.899232483E-1
1.240891850E1,5.435646515E0,-1.225591370E1,3.766168213E-1
1.241891950E1,5.011129303E0,-1.219514008E1,9.101074219E-2
1.242892050E1,4.668641510E0,-1.200293976E1,-2.032772827E-1
1.243892150E1,4.409230957E0,-1.163485519E1,-3.879931641E-1
1.244892350E1,4.281396790E0,-1.126707001E1,-5.415737915E-1
1.245892450E1,4.201612701E0,-1.089958420E1,-5.140310669E-1
1.246892550E1,4.204606476E0,-1.056757462E1,-4.427792358E-1
1.247892650E1,4.359683990E0,-1.035307068E1,-3.737727356E-1
1.248892850E1,4.619244232E0,-1.014215927E1,-3.206332397E-1
1.249892950E1,4.865033112E0,-9.807754669E0,-2.306703186E-1
1.250893050E1,5.032684479E0,-9.408235474E0,-5.343887329E-2
1.251893150E1,5.158872070E0,-8.907826080E0,1.110690308E-1
1.252893350E1,5.252577209E0,-8.337961121E0,2.586621094E-1
1.253893450E1,5.362598419E0,-7.754025421E0,4.204756165E-1
1.254893550E1,5.451513519E0,-7.271428986E0,5.939648438E-1
1.255893650E1,5.531596985E0,-6.904092865E0,8.304730225E-1
1.256893850E1,5.678591309E0,-6.681805115E0,1.095871124E0
1.257893950E1,5.952072601E0,-6.650220795E0,1.225501556E0
1.258894050E1,6.194119263E0,-6.622378693E0,1.184486847E0
1.259894150E1,6.451883240E0,-6.605613556E0,1.062490540E0
1.260894350E1,6.771917725E0,-6.568939819E0,1.304836578E0
1.261894450E1,6.953490143E0,-6.319708099E0,1.463356934E0
1.262894550E1,6.932234344E0,-5.878276062E0,1.745969238E0
1.263894650E1,6.938072205E0,-5.477110291E0,1.909429321E0
1.264894850E1,7.210206299E0,-5.215903473E0,1.926194458E0
1.265894950E1,7.697143707E0,-5.120701447E0,2.199975128E0
1.266895050E1,8.147706757E0,-5.039570160E0,2.525997162E0
1.267895150E1,8.593479767E0,-5.091063080E0,2.881956940E0
1.268895350E1,8.930429077E0,-5.219496002E0,3.388353882E0
1.269895450E1,9.111851807E0,-5.297184448E0,3.450624390E0
1.270895550E1,9.265582123E0,-5.390590210E0,3.266806641E0
1.271895650E1,9.397607574E0,-5.372777252E0,3.371439056E0
1.272895750E1,9.398655396E0,-5.203628998E0,3.450025635E0
1.273895950E1,9.321116638E0,-5.033283234E0,3.497776337E0
1.274896050E1,9.206305389E0,-4.888983307E0,3.849844208E0
1.275896150E1,9.127718811E0,-4.766088867E0,3.775748291E0
1.276896250E1,9.345964966E0,-4.803061981E0,3.736978912E0
1.277896450E1,9.666149139E0,-4.902904358E0,3.622017975E0
1.278896550E1,9.939480743E0,-4.765190735E0,4.165388031E0
1.279896650E1,9.926906891E0,-4.411176910E0,5.343737640E0
1.280896750E1,9.500294037E0,-3.981121216E0,5.657934265E0
1.281896950E1,8.925489349E0,-3.598217468E0,5.397775269E0
1.282897050E1,8.585246887E0,-3.385360107E0,4.732109528E0
1.283897150E1,8.401129761E0,-3.411855011E0,3.818559265E0
1.284897250E1,8.292455750E0,-3.592379608E0,3.001707916E0
1.285897450E1,8.398884430E0,-3.824696503E0,2.246378632E0
1.286897550E1,8.621770935E0,-3.985911255E0,2.587668915E0
1.287897650E1,8.539891205E0,-3.981570282E0,2.573598175E0
1.288897750E1,8.587641907E0,-3.948638763E0,1.903292084E0
1.289897950E1,8.743168488E0,-3.744613037E0,7.508386230E-1
1.290898050E1,8.992699585E0,-3.491938477E0,-8.753796387E-1
1.291898150E1,9.231602783E0,-3.046913910E0,-5.903723145E-1
1.292898250E1,9.450597382E0,-2.674488373E0,-5.453160095E-1
1.293898450E1,9.426347809E0,-2.522853699E0,-3.592529297E-3
1.294898550E1,9.477691040E0,-2.570754089E0,1.258882141E-1
1.295898650E1,9.714797974E0,-2.898871765E0,-9.680369568E-1
1.296898750E1,1.007914032E1,-3.273842010E0,-1.179247742E0
1.297898950E1,1.011746063E1,-3.367547150E0,-1.507814484E0
1.298899050E1,1.009276199E1,-3.716471558E0,-3.031945038E0
1.299899150E1,1.009740234E1,-3.550466766E0,-1.174906769E0
1.300899250E1,1.012913635E1,-2.645598450E0,6.399192810E-1
1.301899450E1,1.014709900E1,-1.413660278E0,2.930007019E0
1.302899550E1,1.005459137E1,-3.847000122E-1,5.253026276E0
1.303899650E1,9.854008484E0,2.644999695E-1,6.914870453E0
1.304899750E1,9.827064514E0,2.978805542E-1,6.467151489E0
1.305899950E1,9.955497437E0,-1.121168518E-1,5.670657806E0
1.306900050E1,9.910141754E0,-5.465135193E-1,4.565955048E0
1.307900150E1,9.235644379E0,-7.110214233E-1,3.385659485E0
1.308900250E1,8.247249756E0,-6.836283875E-1,2.226320343E0
1.309900387E1,7.506589966E0,-5.429209900E-1,1.113085327E0
1.310900487E1,7.309898987E0,-3.617976379E-1,4.683760071E-1
1.311900587E1,7.615563354E0,-1.107696533E-1,2.598596191E-1
1.312900687E1,8.027357025E0,2.185455322E-1,6.310876465E-1
1.313900887E1,8.326135712E0,5.315446472E-1,1.377585297E0
1.314900987E1,8.651558990E0,6.869215393E-1,2.240391083E0
1.315901087E1,9.157057800E0,6.824308777E-1,3.022814026E0
1.316901187E1,9.696386261E0,4.924758911E-1,3.631598053E0
1.317901387E1,1.003632935E1,2.517764282E-1,3.833677826E0
1.318901487E1,1.019455032E1,5.568420410E-2,3.670666809E0
1.319901587E1,1.016566040E1,-2.978805542E-2,3.363655243E0
1.320901687E1,1.000100281E1,-6.256988525E-2,2.845582581E0
1.321901887E1,9.708361359E0,-4.191284180E-2,2.244432678E0
1.322901987E1,9.304650879E0,9.624984741E-2,1.898202667E0
1.323902087E1,9.035211182E0,2.971321106E-1,1.889371033E0
1.324902187E1,9.083860016E0,3.746708679E-1,1.948947144E0
1.325902387E1,9.339228973E0,2.847079468E-1,1.941313019E0
1.326902487E1,9.676178284E0,1.062789917E-1,1.922152863E0
1.327902587E1,1.007270370E1,-3.787124634E-2,1.882485352E0
1.328902687E1,1.036923706E1,-1.050814819E-1,1.645827484E0
1.329902887E1,1.032118698E1,-1.077758789E-2,1.232387238E0
1.330902987E1,1.010294083E1,2.228865051E-1,1.002315674E0
1.331903087E1,1.007435028E1,4.562512207E-1,8.014334106E-1
1.332903187E1,1.004231689E1,7.771838379E-1,2.561174011E-1
1.333903387E1,1.009650421E1,1.037492523E0,-7.140151978E-2
1.334903487E1,1.025637177E1,1.246607666E0,-5.102888489E-1
1.335903587E1,1.053015244E1,1.340013428E0,-5.978567505E-1
1.336903687E1,1.087623276E1,1.309327240E0,-3.752696228E-1
1.337903887E1,1.115809662E1,1.168320465E0,-7.328759766E-1
1.338903987E1,1.153636002E1,9.610015869E-1,-8.954379272E-1
1.339904087E1,1.199291061E1,9.792636108E-1,1.595681763E-1
1.340904187E1,1.211715225E1,1.287173309E0,1.750459900E0
1.341904387E1,1.175670181E1,1.692380676E0,3.698658600E0
1.342904487E1,1.092907288E1,1.958078156E0,5.063071289E0
1.343904587E1,9.974208527E0,1.951491852E0,5.319787445E0
1.344904688E1,9.294771423E0,1.601369934E0,4.909790039E0
1.345904887E1,8.945547638E0,1.044827271E0,4.671635284E0
1.346904987E1,8.660989380E0,6.529421997E-1,4.963228912E0
1.347905087E1,8.410560150E0,5.637277222E-1,5.599555664E0
1.348905187E1,8.172555084E0,6.617738342E-1,5.911207581E0
1.349905387E1,7.834707642E0,9.024732971E-1,5.719156952E0
1.350905488E1,7.264094238E0,1.451681213E0,5.067112885E0
1.351905587E1,6.638395386E0,2.226320343E0,4.338727570E0
1.352905687E1,6.190676422E0,3.036585388E0,4.018393707E0
1.353905887E1,5.938301239E0,3.781137085E0,4.202660522E0
1.354905987E1,5.998775482E0,4.399800568E0,4.407883759E0
1.355906087E1,6.613846436E0,5.016518097E0,4.286336517E0
1.356906187E1,7.948171692E0,5.373825073E0,3.518583069E0
1.357906387E1,9.422755280E0,5.521567841E0,2.803220673E0
1.358906487E1,1.041848465E1,5.784421234E0,2.011966095E0
1.359906587E1,1.057745407E1,6.256389771E0,1.926344147E0
1.360906687E1,1.013901581E1,6.814579010E0,2.570155334E0
1.361906887E1,9.854307861E0,6.881639557E0,2.790497131E0
1.362906987E1,9.872569885E0,6.389762421E0,3.095712433E0
1.363907087E1,1.005713608E1,5.759722595E0,2.809956665E0
1.364907187E1,9.991422729E0,5.288502502E0,2.547552338E0
1.365907387E1,9.695488129E0,4.742438049E0,2.708018646E0
1.366907487E1,9.343719635E0,3.823948059E0,3.218157806E0
1.367907587E1,8.763376465E0,2.991229706E0,3.960464172E0
1.368907687E1,7.972570953E0,2.385289764E0,4.164639587E0
1.369907887E1,7.085814972E0,2.107766876E0,3.984713745E0
1.370907987E1,6.199957123E0,2.084415436E0,3.436403961E0
1.371908087E1,5.368286591E0,2.191742249E0,2.835403748E0
1.372908187E1,4.650080109E0,2.386936340E0,2.284848633E0
1.373908387E1,4.120780792E0,2.678979034E0,2.163002014E0
1.374908487E1,3.911216583E0,3.206931152E0,2.121089172E0
1.375908587E1,4.057761841E0,3.903881836E0,2.199076996E0
1.376908687E1,4.684209137E0,4.546196136E0,2.465971985E0
1.377908887E1,5.616320801E0,5.082530823E0,2.853516083E0
1.378908987E1,6.478078766E0,5.604495392E0,3.567680969E0
1.379909087E1,7.130422211E0,6.257736969E0,4.500990143E0
1.380909187E1,7.678282928E0,6.960076447E0,5.707780609E0
1.381909387E1,8.152496796E0,7.664661255E0,6.996600494E0
1.382909487E1,8.686735840E0,7.947872314E0,8.152646484E0
1.383909587E1,8.941805420E0,7.703580322E0,8.684490509E0
1.384909687E1,8.338559875E0,8.066575470E0,8.498726807E0
1.385909887E1,8.232580261E0,7.395221558E0,6.963369598E0
1.386909987E1,8.046816559E0,6.321354675E0,5.542524261E0
1.387910087E1,7.699838104E0,5.368735657E0,4.425996094E0
1.388910287E1,6.901697845E0,4.684807892E0,3.488345947E0
1.389910387E1,5.660928040E0,4.244273987E0,2.991828461E0
1.390910487E1,4.458179169E0,3.859424286E0,2.859204254E0
1.391910587E1,3.428320770E0,3.363954620E0,2.422412567E0
1.392910787E1,2.520308990E0,2.768193512E0,1.779649200E0
1.393910887E1,1.641636200E0,2.477498016E0,1.788630524E0
1.394910987E1,8.780740356E-1,2.818039856E0,3.002456360E0
1.395911087E1,6.343807983E-1,3.730991364E0,4.548740845E0
1.396911287E1,1.075064392E0,4.755610657E0,5.699248352E0
1.397911387E1,2.113155670E0,5.565127258E0,6.673422546E0
1.398911487E1,3.417992249E0,6.264622650E0,7.186106415E0
1.399911587E1,4.538262634E0,6.868616638E0,7.473209381E0
1.400911787E1,5.054688721E0,7.241790619E0,7.639962616E0
1.401911887E1,4.855453033E0,7.266189880E0,7.536677399E0
1.402911987E1,4.186344452E0,6.942263489E0,7.245532837E0
1.403912087E1,3.451522522E0,6.420298920E0,7.012766876E0
1.404912287E1,2.862198029E0,6.023923187E0,6.938670959E0
1.405912387E1,2.536325684E0,5.971382446E0,6.997498627E0
1.406912487E1,2.536475372E0,6.330785065E0,6.882088623E0
1.407912587E1,2.813100128E0,6.959328003E0,6.592890015E0
1.408912787E1,3.279230804E0,7.446115723E0,6.388265533E0
1.409912950E1,3.827989655E0,7.635022888E0,6.296057281E0
1.410913050E1,4.199666748E0,7.563022614E0,6.357878723E0
1.411913150E1,4.377646637E0,7.235204315E0,6.616690521E0
1.412913350E1,4.493206329E0,6.806046753E0,6.956034851E0
1.413913450E1,4.669389954E0,6.549031219E0,7.234156494E0
1.414913550E1,4.949756927E0,6.412664795E0,7.313042450E0
1.415913650E1,5.107528839E0,6.358028412E0,7.044500885E0
1.416913850E1,5.070705414E0,6.376739502E0,6.499184875E0
1.417913950E1,4.812492371E0,6.391408997E0,5.749992828E0
1.418914050E1,4.452041931E0,6.431076508E0,5.225932617E0
1.419914150E1,4.197870483E0,6.386020203E0,4.995561676E0
1.420914350E1,4.092339935E0,6.224805450E0,5.008135529E0
1.421914450E1,4.093088379E0,6.176156616E0,5.123096466E0
1.422914550E1,4.229155426E0,6.314169617E0,5.119354248E0
1.423914750E1,4.593348083E0,6.518494720E0,5.270839233E0
1.424914850E1,5.205574951E0,6.833290100E0,5.482499084E0
1.425914950E1,5.836812286E0,7.149582367E0,5.597609711E0
1.426915050E1,6.290518799E0,7.352260895E0,5.918991394E0
1.427915250E1,6.462211761E0,7.255861359E0,6.390211487E0
1.428915350E1,6.175857239E0,6.924300842E0,6.569388885E0
1.429915450E1,5.379363556E0,6.463109894E0,6.376140747E0
1.430915550E1,4.497996368E0,5.937253418E0,5.993985443E0
1.431915750E1,4.119433594E0,5.415887604E0,5.476511536E0
1.432915850E1,4.641398163E0,4.888384552E0,5.023254089E0
1.433915950E1,5.677244110E0,4.542154541E0,4.883744202E0
1.434916050E1,6.485263824E0,4.616250458E0,4.934039612E0
1.435916250E1,6.785240021E0,5.123246155E0,5.011278992E0
1.436916350E1,6.750661926E0,5.699697418E0,5.156327362E0
1.437916450E1,6.653214569E0,5.935307465E0,5.447771301E0
1.438916550E1,6.592890015E0,5.777535553E0,5.598507843E0
1.439916750E1,6.496191101E0,5.494324493E0,5.669609985E0
1.440916850E1,6.400689697E0,5.222789154E0,5.864055634E0
1.441916950E1,6.414161682E0,5.056484985E0,6.047723694E0
1.442917050E1,6.489604797E0,5.064418488E0,6.156846771E0
1.443917250E1,6.692133636E0,5.189258881E0,6.203849030E0
1.444917350E1,6.816524963E0,5.421725464E0,5.935606842E0
1.445917450E1,6.584956512E0,5.827980652E0,5.199587402E0
1.446917550E1,6.222111053E0,6.148314514E0,4.445305939E0
1.447917750E1,5.946683807E0,6.088439026E0,4.016896820E0
1.448917850E1,5.809718628E0,5.695206757E0,3.907474365E0
1.449917950E1,5.908064117E0,5.168152771E0,4.209995270E0
1.450918150E1,6.184838562E0,4.722230072E0,4.513863373E0
1.451918250E1,6.478827209E0,4.521198120E0,4.394112396E0
1.452918350E1,6.886429596E0,4.578229523E0,4.183350677E0
1.453918450E1,7.253765717E0,4.758754120E0,3.910617828E0
1.454918650E1,7.436385956E0,5.029391327E0,3.611839142E0
1.455918750E1,7.560477905E0,5.269641724E0,3.622766418E0
1.456918850E1,7.751630402E0,5.440286865E0,4.033661957E0
1.457918950E1,7.922724609E0,5.490731964E0,4.653522949E0
1.458919150E1,8.001760254E0,5.487588501E0,5.330265656E0
1.459919250E1,7.989036713E0,5.491929474E0,5.617368622E0
1.460919350E1,7.941884766E0,5.379662933E0,5.478906555E0
1.461919450E1,7.687563629E0,5.072202301E0,5.287903748E0
1.462919650E1,7.182214508E0,4.725822601E0,5.218148804E0
1.463919750E1,6.509962463E0,4.396208038E0,5.388195190E0
1.464919850E1,5.953569489E0,4.070036316E0,5.473368073E0
1.465919950E1,5.448370056E0,3.893553314E0,6.170019379E0
1.466920150E1,5.160518646E0,3.961661682E0,6.506070557E0
1.467920250E1,5.207371216E0,4.333338776E0,7.118896179E0
1.468920350E1,5.605543213E0,5.071453857E0,7.438331909E0
1.469920450E1,6.197861481E0,5.939199371E0,7.295977936E0
1.470920650E1,6.909481659E0,6.256090393E0,6.587501221E0
1.471920750E1,7.043153687E0,5.871390381E0,6.080954590E0
1.472920850E1,5.911057892E0,5.564229126E0,5.793402557E0
1.473921050E1,4.489164734E0,5.447322235E0,5.243146820E0
1.474921150E1,3.601360931E0,5.363496552E0,5.238955536E0
1.475921250E1,3.892655182E0,5.157824249E0,5.927972717E0
1.476921350E1,4.714296570E0,5.038821716E0,5.831273804E0
1.477921550E1,5.121000824E0,5.049748993E0,6.100563812E0
1.478921650E1,5.182073822E0,5.151387634E0,6.644382935E0
1.479921750E1,5.329217834E0,5.250032501E0,7.302564240E0
1.480921850E1,5.632636871E0,5.331014099E0,7.886499939E0
1.481922050E1,6.051465912E0,5.320835266E0,8.096064148E0
1.482922150E1,6.359525299E0,5.336851959E0,8.295748901E0
1.483922250E1,6.406527557E0,5.435646515E0,8.174501038E0
1.484922350E1,6.143823853E0,5.531297607E0,8.132139130E0
1.485922550E1,5.765261078E0,5.601651306E0,8.287965088E0
1.486922650E1,5.363646240E0,5.701793060E0,8.196804657E0
1.487922750E1,5.010231171E0,5.810317383E0,7.902217255E0
1.488922850E1,4.784350891E0,5.792354736E0,7.533533936E0
1.489923050E1,4.657265167E0,5.782325592E0,7.170239410E0
1.490923150E1,4.653672638E0,5.801934814E0,6.741381226E0
1.491923250E1,4.775219879E0,5.641468506E0,6.416856079E0
1.492923450E1,4.892126770E0,5.428012390E0,6.157894592E0
1.493923550E1,4.946912842E0,5.276976471E0,6.080056458E0
1.494923650E1,4.983736267E0,5.146896973E0,6.209686890E0
1.495923750E1,5.034630432E0,5.101690979E0,6.308182068E0
1.496923950E1,5.191354523E0,5.240602112E0,6.435567169E0
1.497924050E1,5.366340637E0,5.543871460E0,6.450236664E0
1.498924150E1,5.469176788E0,5.965095520E0,6.225404205E0
1.499924250E1,5.534740448E0,6.216123505E0,6.005661163E0
1.500924450E1,5.560187531E0,6.205495605E0,5.836512909E0
1.501924550E1,5.589376831E0,5.984854431E0,5.782924347E0
1.502924650E1,5.628894653E0,5.677842865E0,5.885910187E0
1.503924750E1,5.738915863E0,5.537285156E0,6.035000153E0
1.504924950E1,5.883664856E0,5.548811188E0,6.234235840E0
1.505925050E1,6.043233032E0,5.720953217E0,6.171965332E0
1.506925150E1,6.130950623E0,6.011049957E0,5.709876251E0
1.507925250E1,6.079757080E0,6.364015961E0,5.198240204E0
1.508925450E1,6.008954315E0,6.624624023E0,5.106930084E0
1.509925550E1,5.901477814E0,6.625971222E0,5.059329071E0
1.510925600E1,5.647605743E0,6.455625458E0,4.817881165E0
1.511925800E1,5.302273865E0,6.194568329E0,4.672234039E0
1.512925900E1,5.082830200E0,5.990093536E0,4.681814117E0
1.513926000E1,5.139412537E0,5.880820770E0,4.619992676E0
1.514926100E1,5.383854218E0,5.855074310E0,4.697232056E0
1.515926300E1,5.670358429E0,5.886359253E0,4.701423340E0
1.516926400E1,5.896687775E0,6.036197662E0,4.735851746E0
1.517926500E1,6.011948090E0,6.269712067E0,4.701273651E0
1.518926600E1,5.915548553E0,6.449338531E0,4.550686798E0
1.519926800E1,5.701942749E0,6.556066589E0,4.624034271E0
1.520926900E1,5.554199982E0,6.563251648E0,4.575984192E0
1.521927000E1,5.509143677E0,6.423442383E0,4.215234375E0
1.522927100E1,5.607489166E0,6.253994751E0,4.012555847E0
1.523927300E1,5.816604309E0,6.049220581E0,3.470233612E0
1.524927400E1,5.957012329E0,5.942043457E0,3.255579987E0
1.525927500E1,5.967490540E0,5.888005829E0,3.115621033E0
1.526927700E1,5.894143066E0,5.896538086E0,3.159779205E0
1.527927800E1,5.821993103E0,5.943839722E0,3.180286560E0
1.528927900E1,5.799689484E0,5.921835480E0,3.156036987E0
1.529928000E1,5.796995087E0,5.902375946E0,3.156186676E0
1.530928200E1,5.907315674E0,5.968688049E0,3.261866913E0
1.531928300E1,6.081104279E0,6.161487122E0,3.511697388E0
1.532928400E1,6.231840820E0,6.321055298E0,3.620670776E0
1.533928500E1,6.289770355E0,6.301595764E0,3.621269531E0
1.534928700E1,6.277196503E0,6.162385254E0,3.429967346E0
1.535928800E1,6.160439301E0,6.069578247E0,3.651207275E0
1.536928900E1,6.021977234E0,5.926475830E0,3.498824158E0
1.537929100E1,5.831124115E0,5.771697693E0,3.462150421E0
1.538929200E1,5.563031616E0,5.718857574E0,3.528013458E0
1.539929300E1,5.332810364E0,5.600603485E0,3.366948395E0
1.540929400E1,5.149741058E0,5.389692078E0,3.203039246E0
1.541929600E1,4.873715057E0,5.229076080E0,2.974763947E0
1.542929700E1,4.619543610E0,5.050347748E0,2.756966858E0
1.543929800E1,4.657414856E0,4.830455017E0,2.484683075E0
1.544929900E1,4.923262024E0,4.657564545E0,2.144590302E0
1.545930100E1,5.232369232E0,4.584067383E0,1.999541931E0
1.546930200E1,5.393134918E0,4.548142090E0,1.610800323E0
1.547930300E1,5.292843475E0,4.405189362E0,1.465302887E0
1.548930400E1,5.068160706E0,4.258195038E0,1.321601715E0
1.549930600E1,4.947212219E0,3.841162262E0,9.822573853E-1
1.550930700E1,4.837041321E0,3.256927185E0,3.366499329E-1
1.551930800E1,4.714446259E0,2.715054016E0,3.652404785E-1
1.552931000E1,4.644541626E0,2.318678284E0,9.729766846E-2
1.553931100E1,4.291276245E0,2.009571075E0,5.367837524E-1
1.554931200E1,3.915707245E0,1.788331146E0,6.502478027E-1
1.555931300E1,3.664828949E0,1.646875305E0,6.258485413E-1
1.556931500E1,3.574416962E0,1.436412964E0,5.689668274E-1
1.557931600E1,3.894301758E0,9.400451660E-1,-2.095642090E-3
1.558931700E1,4.704417114E0,-4.535568237E-2,-9.837542725E-1
1.559931800E1,5.986501007E0,-1.258882141E0,-1.703757019E0
1.560932000E1,7.366780701E0,-2.098037109E0,-2.228865051E0
1.561932100E1,8.268505554E0,-2.465672607E0,-2.276765442E0
1.562932200E1,8.672964478E0,-2.416275330E0,-2.166145477E0
1.563932400E1,9.007219391E0,-2.115101624E0,-1.445094910E0
1.564932500E1,9.682914276E0,-2.050585785E0,-9.328601074E-1
1.565932600E1,1.057505905E1,-2.432441711E0,3.802093506E-2
1.566932700E1,1.174547516E1,-3.115321655E0,1.016236725E0
1.567932900E1,1.309506866E1,-3.772754517E0,1.770218811E0
1.568933000E1,1.412163391E1,-4.154909821E0,2.531385956E0
1.569933100E1,1.456576035E1,-4.007616119E0,3.413800964E0
1.570933200E1,1.471949066E1,-3.227288818E0,3.825444946E0
1.571933400E1,1.444960190E1,-2.253114624E0,4.180356903E0
1.572933500E1,1.380025223E1,-1.643582153E0,4.468058624E0
1.573933600E1,1.315284851E1,-1.400936737E0,4.741090851E0
1.574933700E1,1.268432281E1,-1.313668213E0,4.821623383E0
1.575933900E1,1.237641312E1,-1.345402222E0,4.751569061E0
1.576934000E1,1.228914459E1,-1.522334290E0,4.594994659E0
1.577934100E1,1.254690857E1,-1.955234070E0,4.063000946E0
1.578934300E1,1.263687149E1,-2.522554321E0,3.431763611E0
1.579934400E1,1.256457184E1,-3.029100952E0,3.717369690E0
1.580934500E1,1.272803192E1,-3.528163147E0,3.294948120E0
1.581934600E1,1.282173706E1,-3.888613586E0,3.422333221E0
1.582934800E1,1.281964142E1,-4.043990479E0,3.758833466E0
1.583934900E1,1.269375320E1,-3.847000122E0,3.905229034E0
1.584935000E1,1.259630585E1,-3.391647034E0,4.049978027E0
1.585935100E1,1.259121643E1,-2.919678497E0,4.462220764E0
1.586935300E1,1.243239670E1,-2.738106079E0,5.254822540E0
1.587935400E1,1.224543549E1,-2.874921570E0,6.134393463E0
1.588935500E1,1.231803452E1,-3.553460541E0,6.626120911E0
1.589935600E1,1.239272919E1,-4.489314423E0,7.490273895E0
1.590935800E1,1.211281128E1,-5.365143127E0,7.506889343E0
1.591935900E1,1.145028900E1,-5.900729370E0,7.232809296E0
1.592936000E1,1.067579956E1,-6.099066925E0,6.711742859E0
1.593936200E1,9.765841827E0,-6.088289337E0,6.065536652E0
1.594936300E1,8.899293823E0,-5.897885284E0,5.729635162E0
1.595936400E1,8.423134003E0,-5.884263611E0,5.630241852E0
1.596936500E1,8.403973846E0,-6.276747437E0,5.337750092E0
1.597936700E1,8.541687469E0,-7.024592285E0,4.775968323E0
1.598936800E1,8.275241547E0,-7.645201721E0,3.941004639E0
1.599936900E1,7.444768524E0,-7.712411957E0,2.945724335E0
1.600937000E1,6.623725891E0,-7.290439453E0,2.091151428E0
1.601937200E1,6.321654053E0,-6.670129395E0,1.434317322E0
1.602937300E1,6.839577026E0,-6.097869415E0,7.527845764E-1
1.603937400E1,8.010442200E0,-5.757177887E0,2.995271301E-1
1.604937600E1,9.005872192E0,-5.429509277E0,3.124003601E-1
1.605937700E1,9.553732910E0,-5.021308136E0,5.134323120E-1
1.606937800E1,9.790540466E0,-4.523892517E0,6.912625122E-1
1.607937900E1,9.813592529E0,-3.960913239E0,8.749305725E-1
1.608938100E1,9.620344391E0,-3.420836334E0,1.302441559E0
1.609938200E1,9.386380920E0,-3.027154999E0,1.604513397E0
1.610938350E1,9.491911469E0,-2.880010986E0,1.559606781E0
1.611938450E1,9.688602448E0,-3.058290253E0,1.788929901E0
1.612938650E1,9.413624268E0,-3.299887848E0,2.328707428E0
1.613938750E1,9.052275696E0,-3.531156921E0,2.576142883E0
1.614938850E1,9.087751923E0,-3.761378174E0,2.423011322E0
1.615939050E1,9.472002869E0,-3.879332886E0,2.469414825E0
1.616939150E1,9.782457275E0,-3.760030975E0,2.705324249E0
1.617939250E1,9.911039886E0,-3.467988281E0,2.787353668E0
1.618939350E1,9.936037903E0,-3.098406830E0,2.966680756E0
1.619939550E1,9.708511047E0,-2.625839539E0,3.330274658E0
1.620939650E1,9.356143799E0,-2.204166412E0,3.548071747E0
1.621939750E1,9.372459869E0,-1.998194733E0,3.462599487E0
1.622939850E1,9.838291168E0,-2.089953918E0,3.110531616E0
1.623940050E1,1.033286270E1,-2.276166687E0,3.039130096E0
1.624940150E1,1.063598236E1,-2.293530579E0,3.140169983E0
1.625940250E1,1.104837479E1,-2.107467499E0,3.992647247E0
1.626940450E1,1.113040421E1,-1.489851837E0,5.897885284E0
1.627940550E1,1.074944641E1,-6.900650024E-1,6.381978607E0
1.628940650E1,1.013662079E1,-1.188528442E-1,6.633605347E0
1.629940750E1,9.570198669E0,2.041754150E-1,6.542594604E0
1.630940950E1,9.489366760E0,8.801696777E-2,5.918692017E0
1.631941050E1,1.000010468E1,-1.706451416E-1,5.821544037E0
1.632941150E1,1.044872177E1,-2.405497742E-1,6.306086426E0
1.633941250E1,1.040306671E1,2.275268555E-2,6.710245972E0
1.634941450E1,1.039453445E1,1.419049072E-1,6.457421722E0
1.635941550E1,1.048389862E1,-6.242019653E-2,6.403084717E0
1.636941650E1,1.051712952E1,-5.439688110E-1,5.498366089E0
1.637941850E1,1.020502853E1,-1.271605682E0,4.536466370E0
1.638941950E1,9.731114044E0,-2.136956177E0,3.151546326E0
1.639942050E1,9.562564545E0,-3.201692047E0,1.374441833E0
1.640942150E1,9.652527466E0,-4.193679199E0,-2.802172852E-1
1.641942350E1,9.822873230E0,-4.841382294E0,-1.254241791E0
1.642942450E1,9.752369843E0,-4.711751862E0,-1.663490753E0
1.643942550E1,9.244925079E0,-4.061204681E0,-2.268532562E0
1.644942750E1,8.561596069E0,-3.709735565E0,-3.538042603E0
1.645942850E1,8.493188324E0,-3.754492493E0,-4.536017303E0
1.646942950E1,8.801397400E0,-3.869154053E0,-4.733456726E0
1.647943050E1,9.000633087E0,-4.099824371E0,-5.447322235E0
1.648943250E1,9.056017914E0,-4.329297180E0,-5.162314911E0
1.649943350E1,8.516090698E0,-4.220024414E0,-4.075574799E0
1.650943450E1,8.317753143E0,-4.467459869E0,-4.939578094E0
1.651943550E1,8.621770935E0,-4.380490723E0,-2.235151978E0
1.652943750E1,8.512348480E0,-3.529809723E0,-2.960842896E-1
1.653943850E1,8.024662628E0,-2.536026306E0,5.261558533E-1
1.654943950E1,7.836354218E0,-1.852996674E0,1.141376495E0
1.655944150E1,8.139922943E0,-1.361568604E0,1.401385803E0
1.656944250E1,8.500223694E0,-8.530760193E-1,1.598675537E0
1.657944350E1,8.558302917E0,-2.947370911E-1,1.582658844E0
1.658944450E1,8.297545166E0,1.996847534E-1,1.224004669E0
1.659944650E1,7.896678772E0,5.545967102E-1,8.253836060E-1
1.660944750E1,7.739954681E0,8.113128662E-1,5.336402893E-1
1.661944850E1,7.917036438E0,9.764195251E-1,7.750881958E-1
1.662944950E1,8.354127502E0,1.013093262E0,1.160985718E0
1.663945150E1,8.916508026E0,9.214837646E-1,1.229243774E0
1.664945250E1,9.433532867E0,7.617658997E-1,1.271455994E0
1.665945350E1,9.845476227E0,7.173083496E-1,1.340312805E0
1.666945550E1,1.036729111E1,6.930587769E-1,1.221459961E0
1.667945650E1,1.094703552E1,7.150630188E-1,1.321601715E0
1.668945750E1,1.132035919E1,9.873468018E-1,1.742077332E0
1.669945850E1,1.150537445E1,1.279539185E0,2.564766541E0
1.670946050E1,1.170116730E1,1.495839386E0,2.670596466E0
1.671946150E1,1.181328415E1,1.656305695E0,2.231709137E0
1.672946250E1,1.185669388E1,1.779200134E0,1.966909790E0
1.673946450E1,1.197180450E1,1.953886871E0,1.364263000E0
1.674946550E1,1.211086533E1,2.129022675E0,1.192869415E0
1.675946650E1,1.215966385E1,2.188299408E0,7.961943054E-1
1.676946750E1,1.210128525E1,2.094294891E0,1.358724518E0
1.677946950E1,1.201266953E1,1.990261230E0,1.019829254E0
1.678947050E1,1.182061890E1,1.814526672E0,7.081773376E-1
1.679947150E1,1.168455185E1,1.761985931E0,3.387455750E-1
1.680947250E1,1.159833115E1,1.760489044E0,-1.631607056E-2
1.681947450E1,1.158815231E1,1.484762421E0,2.315684509E-1
1.682947550E1,1.165461411E1,1.008901978E0,8.520281982E-1
1.683947650E1,1.150058441E1,6.406677246E-1,1.432820435E0
1.684947850E1,1.115435440E1,4.858895874E-1,1.619482269E0
1.685947950E1,1.070962921E1,6.878196716E-1,1.559157715E0
1.686948050E1,1.011147308E1,1.293160858E0,1.425934753E0
1.687948150E1,9.560319214E0,2.019450531E0,1.259780273E0
1.688948350E1,9.369466095E0,2.693349152E0,8.599617004E-1
1.689948450E1,9.559421082E0,3.333867188E0,6.090834045E-1
1.690948550E1,9.987830200E0,3.842509460E0,9.702822876E-1
1.691948750E1,1.031564850E1,4.308789825E0,1.770967255E0
1.692948850E1,1.042701691E1,4.566703491E0,2.593506775E0
1.693948950E1,1.059077637E1,4.602778473E0,2.923121338E0
1.694949050E1,1.072923843E1,4.604275360E0,2.591261444E0
1.695949250E1,1.068133804E1,4.561015320E0,2.049537964E0
1.696949350E1,1.051937485E1,4.508773956E0,1.559756470E0
1.697949450E1,1.038585251E1,4.502487030E0,1.280886383E0
1.698949650E1,1.028556107E1,4.570745087E0,1.328038330E0
1.699949750E1,1.000324814E1,4.761298828E0,1.570683746E0
1.700949850E1,9.699380035E0,4.880151672E0,1.706451416E0
1.701949950E1,9.495204620E0,4.707859955E0,1.467847595E0
1.702950150E1,9.221873016E0,4.398004303E0,9.057664490E-1
1.703950250E1,8.870852966E0,4.166735229E0,4.367916870E-1
1.704950350E1,8.548722839E0,4.040847015E0,2.249821472E-1
1.705950450E1,8.192164307E0,4.115092621E0,6.310876465E-1
1.706950650E1,7.824528809E0,4.228556671E0,1.152453461E0
1.707950750E1,7.491471405E0,4.268822937E0,1.166374512E0
1.708950850E1,7.219337311E0,4.274660797E0,8.280780029E-1
1.709951050E1,7.034172363E0,4.230502625E0,1.347198486E-1
1.710951162E1,6.622079315E0,4.273163910E0,-2.636018372E-1
1.711951262E1,6.092330933E0,4.555626526E0,-3.945794678E-1
1.712951362E1,5.703439636E0,5.025200043E0,-1.055904236E0
1.713951562E1,5.573958893E0,5.318739624E0,-1.354682922E0
1.714951662E1,5.664969635E0,5.159171448E0,-1.492995300E0
1.715951762E1,5.611231384E0,4.937183075E0,-1.448388062E0
1.716951962E1,5.229375458E0,4.935237122E0,-1.376088409E0
1.717952062E1,4.652924194E0,5.269641724E0,-1.430275726E0
1.718952162E1,4.121828613E0,5.908662872E0,-1.507515106E0
1.719952262E1,3.740721130E0,6.531517639E0,-1.260828094E0
1.720952462E1,3.434008942E0,6.881789246E0,-7.237449646E-1
1.721952562E1,3.266207886E0,7.128925323E0,-1.314266968E-1
1.722952662E1,3.606150970E0,7.303162994E0,5.358856201E-1
1.723952862E1,4.518204346E0,7.272925873E0,1.010249176E0
1.724952962E1,5.442981262E0,7.105124817E0,9.363029480E-1
1.725953062E1,5.696553955E0,7.104675751E0,9.012757874E-1
1.726953162E1,5.061275024E0,7.467970276E0,1.145268402E0
1.727953362E1,4.092938690E0,7.893535309E0,1.157093811E0
1.728953462E1,3.435356140E0,8.320447540E0,1.029559021E0
1.729953562E1,3.369343414E0,8.922345886E0,5.590873718E-1
1.730953762E1,3.697610779E0,9.294472046E0,-1.938468933E-1
1.731953862E1,3.849694519E0,9.721833344E0,-6.987469482E-1
1.732953962E1,3.853586426E0,9.750124512E0,-1.602118378E0
1.733954062E1,3.948189697E0,8.947643280E0,-2.174228668E0
1.734954262E1,4.121828613E0,7.803273010E0,-1.936522980E0
1.735954362E1,4.163891144E0,6.734495544E0,-1.237626343E0
1.736954462E1,3.805087280E0,6.061345367E0,-1.212478638E-1
1.737954662E1,3.329376526E0,5.960006104E0,8.773255920E-1
1.738954762E1,2.926863556E0,6.088139648E0,1.530267792E0
1.739954862E1,2.456391907E0,6.322252808E0,1.535357208E0
1.740954962E1,1.959724731E0,6.500232697E0,1.164727936E0
1.741955162E1,1.659748535E0,6.561605072E0,9.240284729E-1
1.742955262E1,1.579216003E0,6.895560608E0,8.898994446E-1
1.743955362E1,1.474882965E0,7.431446228E0,6.171665955E-1
1.744955462E1,1.653162231E0,7.737110596E0,1.942959595E-1
1.745955662E1,2.150577850E0,7.914940796E0,5.295986938E-1
1.746955762E1,2.426005096E0,8.258476410E0,1.643582153E0
1.747955862E1,2.262395325E0,8.735234985E0,3.019670563E0
1.748956062E1,1.774410095E0,9.276060333E0,4.158801727E0
1.749956162E1,1.107247467E0,9.681567078E0,4.718038788E0
1.750956262E1,6.846762085E-1,9.765841827E0,4.963228912E0
1.751956462E1,5.912704468E-1,9.463171234E0,5.061275024E0
1.752956562E1,5.411247253E-1,9.079968109E0,5.126988373E0
1.753956662E1,4.092489624E-1,8.892707520E0,5.128784637E0
1.754956762E1,7.289840698E-2,8.978030090E0,5.103038177E0
1.755956962E1,-4.170327759E-1,9.327104187E0,4.942721558E0
1.756957062E1,-8.129594421E-1,9.676627350E0,4.693340149E0
1.757957162E1,-8.918453979E-1,9.977950745E0,4.061803436E0
1.758957362E1,-6.734495544E-1,9.967921600E0,3.689228210E0
1.759957462E1,-5.987548828E-3,9.481433258E0,3.327131195E0
1.760957562E1,8.143066406E-1,8.786727905E0,3.141517181E0
1.761957662E1,1.365460510E0,8.389304352E0,3.107986908E0
1.762957862E1,1.645528107E0,8.346942444E0,3.186723175E0
1.763957962E1,1.794318695E0,8.499175873E0,3.123404846E0
1.764958063E1,2.096390533E0,8.516839142E0,2.831511841E0
1.765958262E1,2.751428375E0,8.139623566E0,2.542013855E0
1.766958362E1,3.377725983E0,7.802674255E0,2.646197205E0
1.767958462E1,3.482208710E0,7.917186127E0,2.934198303E0
1.768958562E1,3.229833527E0,8.231233063E0,3.168461151E0
1.769958762E1,2.853516083E0,8.530161438E0,3.381767578E0
1.770958863E1,2.590812378E0,8.754694519E0,3.488345947E0
1.771958962E1,2.594853973E0,8.739276581E0,3.457809448E0
1.772959162E1,2.790497131E0,8.501870270E0,3.436254272E0
1.773959262E1,3.109483795E0,8.260721741E0,3.422033844E0
1.774959362E1,3.439248047E0,8.054001617E0,3.445534973E0
1.775959462E1,3.738924866E0,7.824079742E0,3.731590118E0
1.776959662E1,3.867507477E0,7.695796509E0,4.209097137E0
1.777959762E1,3.863016815E0,7.701334991E0,4.596491547E0
1.778959862E1,3.837420044E0,7.803722076E0,4.769082642E0
1.779960062E1,3.921245728E0,7.939789124E0,4.750820618E0
1.780960162E1,4.101920013E0,8.023016052E0,4.607718201E0
1.781960262E1,4.289929047E0,8.043074341E0,4.441264343E0
1.782960362E1,4.425247650E0,7.998916168E0,4.330195312E0
1.783960562E1,4.500241699E0,7.935897217E0,4.355792084E0
1.784960662E1,4.602479095E0,7.811954956E0,4.459975433E0
1.785960762E1,4.815037079E0,7.534881134E0,4.545896759E0
1.786960962E1,5.090614014E0,7.261100464E0,4.642445984E0
1.787961062E1,5.256469116E0,7.125931549E0,4.652175751E0
1.788961162E1,5.252726898E0,7.013215942E0,4.494852905E0
1.789961262E1,5.099295959E0,6.876699829E0,4.265829163E0
1.790961462E1,4.818928986E0,6.733747101E0,4.014501801E0
1.791961562E1,4.621639252E0,6.439608765E0,3.640878754E0
1.792961662E1,4.602329407E0,6.094725952E0,3.493734741E0
1.793961862E1,4.749024353E0,5.746849365E0,3.539539490E0
1.794961962E1,5.038222961E0,5.389692078E0,3.535198517E0
1.795962062E1,5.370082855E0,5.255870361E0,3.742218018E0
1.796962162E1,5.816903687E0,5.253325653E0,3.862268372E0
1.797962362E1,6.261628876E0,5.240003357E0,3.945195923E0
1.798962462E1,6.486910400E0,5.281317444E0,4.118385773E0
1.799962562E1,6.469845886E0,5.344186707E0,4.215833130E0
1.800962762E1,6.370153198E0,5.210664368E0,4.108057251E0
1.801962862E1,6.476731567E0,4.846920776E0,3.955973511E0
1.802962962E1,6.888225861E0,4.349355469E0,3.680845642E0
1.803963062E1,7.383096771E0,3.951033783E0,3.574117584E0
1.804963262E1,7.605683899E0,3.933370514E0,3.640130310E0
1.805963362E1,7.373965759E0,4.224814453E0,3.807631989E0
1.806963462E1,6.728657684E0,4.647385712E0,4.054169312E0
1.807963662E1,5.981112213E0,4.906945953E0,4.086053009E0
1.808963762E1,5.554349670E0,4.903652802E0,3.949237518E0
1.809963862E1,5.792953491E0,4.494104462E0,3.494333496E0
1.810963888E1,6.525380402E0,3.776197357E0,2.943029938E0
1.811964087E1,7.392676849E0,3.343596954E0,2.590962067E0
1.812964187E1,8.019722900E0,3.425177307E0,2.512674866E0
1.813964287E1,7.906707916E0,4.118086395E0,2.774779816E0
1.814964487E1,7.131170654E0,5.491630096E0,3.185525665E0
1.815964587E1,6.539451141E0,6.521937561E0,3.987857208E0
1.816964688E1,6.567592621E0,6.524033203E0,5.186115417E0
1.817964787E1,7.286996613E0,5.341941376E0,5.974226532E0
1.818964987E1,8.446635132E0,3.595074005E0,6.405330048E0
1.819965087E1,9.822274475E0,2.030976563E0,6.181994476E0
1.820965187E1,1.108205475E1,8.884025574E-1,5.966143341E0
1.821965387E1,1.151450546E1,3.719764709E-1,6.664141846E0
1.822965488E1,1.091724747E1,5.168751526E-1,7.694000244E0
1.823965587E1,9.869576111E0,1.191372528E0,8.284222870E0
1.824965787E1,9.036408691E0,2.171085205E0,8.497529297E0
1.825965887E1,8.715476074E0,3.216211853E0,8.384214935E0
1.826965987E1,8.608149261E0,4.171225891E0,8.146509247E0
1.827966087E1,8.649163971E0,5.012775879E0,7.945926361E0
1.828966288E1,8.665779419E0,5.607489166E0,7.782615967E0
1.829966387E1,8.504714355E0,5.853128357E0,7.599846039E0
1.830966487E1,8.251141663E0,5.673202515E0,7.197482758E0
1.831966687E1,8.012388153E0,5.086273041E0,6.614744568E0
1.832966787E1,7.742050323E0,4.271217957E0,6.141279144E0
1.833966887E1,7.393574982E0,3.315605164E0,5.591771851E0
1.834966987E1,6.952592010E0,2.393522644E0,5.446573792E0
1.835967187E1,6.372548218E0,1.599274292E0,5.450316010E0
1.836967287E1,5.833818512E0,1.096769257E0,5.672753448E0
1.837967387E1,5.443879395E0,8.464897156E-1,5.902076569E0
1.838967587E1,5.344486084E0,7.345225525E-1,6.372099152E0
1.839967687E1,5.581593018E0,7.194039917E-1,6.939569092E0
1.840967787E1,6.099216614E0,8.330177307E-1,7.370223541E0
1.841967887E1,6.720275116E0,1.204245758E0,7.523355103E0
1.842968087E1,7.311695251E0,1.741478577E0,7.600744171E0
1.843968187E1,7.945626984E0,2.214045868E0,7.717201996E0
1.844968287E1,8.599167938E0,2.543061676E0,7.859406281E0
1.845968487E1,9.089697876E0,2.798730011E0,8.089627533E0
1.846968587E1,9.435329132E0,2.799777832E0,8.380472717E0
1.847968687E1,9.552236023E0,2.503394165E0,8.654103699E0
1.848968787E1,9.229207764E0,2.247426453E0,8.427924042E0
1.849968987E1,8.346942444E0,2.339185638E0,7.815397797E0
1.850969087E1,7.692353668E0,2.435585175E0,7.101681976E0
1.851969187E1,7.523205414E0,2.144739990E0,6.262826385E0
1.852969387E1,7.117548981E0,2.002685394E0,5.926775208E0
1.853969487E1,6.354435883E0,1.971400452E0,6.322701874E0
1.854969587E1,5.795049133E0,1.934577026E0,7.052135010E0
1.855969787E1,5.611381073E0,1.852098541E0,7.861202545E0
1.856969887E1,5.647755432E0,1.639989624E0,8.430917816E0
1.857969987E1,5.831573181E0,1.363364868E0,8.555009766E0
1.858970087E1,6.050567780E0,1.128353577E0,8.289761353E0
1.859970287E1,6.094576263E0,1.005309448E0,7.918233948E0
1.860970387E1,5.916446686E0,9.425898743E-1,7.678133240E0
1.861970487E1,5.577401733E0,1.112187195E0,7.515571289E0
1.862970687E1,5.262905731E0,1.452579346E0,7.319179688E0
1.863970787E1,5.153034210E0,1.666484528E0,7.242838440E0
1.864970887E1,5.208119659E0,1.676962738E0,7.170538788E0
1.865970987E1,5.348228302E0,1.585053864E0,7.074887695E0
1.866971187E1,5.542374573E0,1.413360901E0,7.038513336E0
1.867971287E1,5.780828705E0,1.249302063E0,7.015610962E0
1.868971387E1,6.064488831E0,1.157393188E0,7.042854309E0
1.869971587E1,6.389013977E0,1.133293304E0,7.118147736E0
1.870971687E1,6.721173248E0,1.193767548E0,7.175777893E0
1.871971787E1,7.045848083E0,1.288819885E0,7.242389374E0
1.872971987E1,7.363337860E0,1.412762146E0,7.317233734E0
1.873972087E1,7.686665497E0,1.494192810E0,7.385342102E0
1.874972187E1,7.953710175E0,1.459614716E0,7.493716736E0
1.875972287E1,8.139473877E0,1.378932495E0,7.645351410E0
1.876972487E1,8.124954071E0,1.293909302E0,7.642507324E0
1.877972587E1,7.851622467E0,1.349743195E0,7.504494324E0
1.878972687E1,7.490573273E0,1.433269501E0,7.279811554E0
1.879972887E1,7.123536530E0,1.510209503E0,7.075336761E0
1.880972987E1,6.804699554E0,1.399439850E0,6.881190491E0
1.881973087E1,6.650520172E0,1.056203613E0,6.452931061E0
1.882973187E1,6.695726166E0,6.144721985E-1,5.922284546E0
1.883973387E1,6.927144928E0,1.049317932E-1,5.385949860E0
1.884973487E1,7.147486725E0,-3.719764709E-1,4.793631592E0
1.885973587E1,7.189998322E0,-5.649252319E-1,4.293820953E0
1.886973787E1,7.114106140E0,-4.766088867E-1,3.782633972E0
1.887973887E1,7.139253845E0,-3.841012573E-1,3.255130920E0
1.888973987E1,7.278314667E0,-4.581971741E-1,2.804867249E0
1.889974088E1,7.452851715E0,-7.777825928E-1,2.606380005E0
1.890974287E1,7.601342926E0,-1.342707825E0,2.577490082E0
1.891974387E1,7.655230865E0,-1.868264923E0,2.661465454E0
1.892974487E1,7.621700592E0,-2.120041351E0,2.934797058E0
1.893974687E1,7.637417908E0,-2.256707153E0,3.156336365E0
1.894974787E1,7.678432617E0,-2.195185089E0,3.295397186E0
1.895974888E1,7.750881958E0,-1.945504303E0,3.326682129E0
1.896975087E1,7.860454102E0,-1.653611298E0,3.426225128E0
1.897975187E1,7.998766479E0,-1.518741760E0,3.229085083E0
1.898975287E1,8.012687531E0,-1.519490204E0,3.198249207E0
1.899975387E1,8.135282593E0,-1.723515930E0,2.990331573E0
1.900975587E1,8.444240112E0,-2.133213959E0,2.928210754E0
1.901975688E1,8.746461639E0,-2.655926971E0,3.084934845E0
1.902975787E1,8.756341095E0,-3.041375427E0,3.208577728E0
1.903975987E1,8.585546265E0,-3.255280609E0,3.196153564E0
1.904976087E1,8.346343689E0,-3.248095551E0,3.135379944E0
1.905976187E1,8.322692871E0,-3.168910217E0,2.515518951E0
1.906976287E1,8.679850159E0,-3.335513763E0,1.635498962E0
1.907976488E1,9.240584106E0,-3.773502960E0,8.734336853E-1
1.908976587E1,9.389075317E0,-4.161047058E0,7.301815796E-1
1.909976687E1,8.801547089E0,-4.170178070E0,8.755293274E-1
1.910976950E1,8.025860138E0,-4.007616119E0,8.568182373E-1
1.911977050E1,7.748936005E0,-4.187841339E0,2.058219910E-1
1.912977150E1,7.978558502E0,-4.649631042E0,4.427792358E-1
1.913977350E1,8.798852692E0,-5.405708771E0,-5.598358154E-2
1.914977450E1,9.641749878E0,-5.907016296E0,-4.596940613E-1
1.915977550E1,1.013512390E1,-6.288423157E0,-4.016148376E-1
1.916977650E1,1.013856674E1,-6.068231049E0,-3.933819580E-1
1.917977850E1,9.704918518E0,-5.616919556E0,3.143463135E-2
1.918977950E1,9.110354919E0,-5.126988373E0,2.493814087E-1
1.919978050E1,8.609795837E0,-4.894072723E0,2.680924988E-1
1.920978250E1,8.437953186E0,-5.282215576E0,7.095245361E-1
1.921978350E1,8.642278290E0,-5.911956024E0,1.568737793E-1
1.922978450E1,8.914861450E0,-6.423741760E0,9.909393311E-2
1.923978550E1,9.043144684E0,-6.935527496E0,3.924838257E-1
1.924978750E1,8.810229034E0,-6.747518463E0,-1.398092651E-1
1.925978850E1,8.244106293E0,-6.343358917E0,1.451980591E-1
1.926978950E1,7.691904602E0,-6.184239807E0,8.795709229E-1
1.927979150E1,7.628586273E0,-5.946085052E0,4.810995483E-1
1.928979250E1,7.921976166E0,-5.831273804E0,7.699987793E-1
1.929979350E1,8.257877655E0,-5.635930023E0,1.024319916E0
1.930979550E1,8.569978638E0,-5.287604370E0,1.463955688E0
1.931979650E1,8.727900238E0,-5.289849701E0,2.049537964E0
1.932979750E1,8.741222534E0,-5.530549164E0,2.571801910E0
1.933979850E1,8.866362305E0,-6.016289062E0,2.852019196E0
1.934980050E1,9.012907562E0,-6.570436707E0,2.992876282E0
1.935980150E1,8.867260437E0,-6.969357147E0,3.162174225E0
1.936980250E1,8.657546539E0,-7.136858826E0,3.172203369E0
1.937980450E1,8.605604553E0,-7.183711395E0,3.052302704E0
1.938980550E1,8.543184357E0,-7.071594543E0,2.988235931E0
1.939980650E1,8.517138519E0,-7.001689911E0,2.803819427E0
1.940980850E1,8.646020508E0,-7.170089722E0,2.671793976E0
1.941980950E1,8.688981171E0,-7.481442261E0,2.702629852E0
1.942981050E1,8.513545990E0,-7.712861023E0,2.888243866E0
1.943981150E1,8.272996216E0,-7.933352509E0,3.030298462E0
1.944981350E1,8.055348816E0,-8.185128937E0,3.090922394E0
1.945981450E1,7.786358185E0,-8.544232178E0,3.164718933E0
1.946981550E1,7.437134399E0,-9.032367096E0,3.354673920E0
1.947981750E1,7.061266022E0,-9.603429565E0,3.420836334E0
1.948981850E1,6.841373291E0,-1.012524445E1,3.352278900E0
1.949981950E1,6.700665894E0,-1.057446030E1,3.352428589E0
1.950982150E1,6.529571686E0,-1.087892715E1,3.331771545E0
1.951982250E1,6.335126038E0,-1.105720642E1,3.321592712E0
1.952982350E1,6.064339142E0,-1.097323105E1,3.266656952E0
1.953982450E1,5.741610260E0,-1.070918015E1,3.203488312E0
1.954982650E1,5.574707336E0,-1.040576111E1,3.165916443E0
1.955982750E1,5.520220642E0,-1.014380585E1,2.919828186E0
1.956982850E1,5.602549438E0,-9.961934052E0,2.737207947E0
1.957983050E1,5.851631470E0,-1.002165985E1,2.734214172E0
1.958983150E1,5.946384430E0,-9.992919617E0,2.924169159E0
1.959983250E1,5.790558472E0,-9.856104126E0,3.026855621E0
1.960983350E1,5.657335510E0,-9.812395020E0,2.921624451E0
1.961983550E1,5.606441345E0,-9.818083191E0,2.534080353E0
1.962983650E1,5.801635437E0,-9.879605255E0,2.176324310E0
1.963983750E1,6.379583588E0,-1.005713608E1,2.266736298E0
1.964983950E1,6.824458466E0,-1.005683670E1,2.862647095E0
1.965984050E1,6.715036011E0,-9.816286926E0,3.646866302E0
1.966984150E1,6.251150665E0,-9.414073334E0,3.850442963E0
1.967984350E1,5.735473022E0,-8.980125732E0,3.403921509E0
1.968984450E1,5.375621338E0,-8.502618713E0,2.692600708E0
1.969984550E1,5.179229736E0,-8.074958038E0,1.857038269E0
1.970984650E1,5.093009033E0,-7.784861298E0,1.192420349E0
1.971984850E1,5.121898956E0,-7.674690399E0,7.170089722E-1
1.972984950E1,5.161267090E0,-7.681576080E0,4.016148376E-1
1.973985050E1,5.097050629E0,-7.758216705E0,1.848655701E-1
1.974985250E1,5.223687286E0,-7.828570404E0,2.694396973E-3
1.975985350E1,5.917195129E0,-7.932903442E0,2.130070496E-1
1.976985450E1,6.576873322E0,-7.844437408E0,1.679058380E0
1.977985650E1,6.498885498E0,-7.386689301E0,2.888842621E0
1.978985750E1,6.222111053E0,-6.835086365E0,3.483256531E0
1.979985850E1,6.206842804E0,-6.351891174E0,3.171754303E0
1.980985950E1,6.589297485E0,-6.054908752E0,2.520308990E0
1.981986150E1,7.060367889E0,-5.866899719E0,2.048639832E0
1.982986250E1,7.493267670E0,-5.760920105E0,2.289938049E0
1.983986350E1,7.794441376E0,-5.606141968E0,2.840642853E0
1.984986550E1,7.969277802E0,-5.404361572E0,3.054098969E0
1.985986650E1,8.225694580E0,-5.136269073E0,3.436553650E0
1.986986750E1,8.681347046E0,-4.883145447E0,3.845802612E0
1.987986950E1,9.078471222E0,-4.657863922E0,4.131109314E0
1.988987050E1,9.257798309E0,-4.558021545E0,3.224295044E0
1.989987150E1,9.338929596E0,-4.582420807E0,2.297572174E0
1.990987250E1,9.426198120E0,-4.608017578E0,2.196831665E0
1.991987450E1,9.378297729E0,-4.789739685E0,2.406545563E0
1.992987550E1,9.340127106E0,-5.012177124E0,2.476899261E0
1.993987650E1,9.410181427E0,-5.065615997E0,2.483186188E0
1.994987850E1,9.748028870E0,-4.997507629E0,2.751128998E0
1.995987950E1,1.010982651E1,-4.763843536E0,3.661835175E0
1.996988050E1,1.015009277E1,-4.452790375E0,4.098926239E0
1.997988250E1,9.964778137E0,-4.220024414E0,3.716471558E0
1.998988350E1,9.715845795E0,-4.129462738E0,2.941383362E0
1.999988450E1,9.390123138E0,-4.094435577E0,2.181264038E0
2.000988550E1,9.219328308E0,-4.229604492E0,9.122030640E-1
2.001988750E1,9.089997253E0,-4.302203522E0,1.409468994E0
2.002988850E1,8.810378723E0,-4.080813904E0,1.213077393E0
2.003988950E1,8.085436249E0,-3.840114441E0,6.004014587E-1
2.004989150E1,7.781867523E0,-3.872297516E0,-3.167413330E-1
2.005989250E1,8.246201935E0,-3.737877045E0,1.072369995E0
2.006989350E1,8.209528198E0,-2.915636902E0,1.364562378E0
2.007989550E1,7.613318024E0,-2.166893921E0,2.034269714E0
2.008989650E1,7.274871826E0,-1.922601929E0,2.650089111E0
2.009989750E1,7.435188446E0,-2.306852875E0,2.738106079E0
2.010989787E1,7.569459229E0,-2.639610901E0,2.440973969E0
2.011989987E1,7.555538177E0,-2.753374329E0,1.683249664E0
2.012990087E1,7.553442535E0,-2.791844330E0,1.007105713E0
2.013990187E1,7.685917053E0,-2.777474213E0,1.277293854E0
2.014990387E1,7.829618225E0,-2.570155334E0,1.946103058E0
2.015990487E1,7.999365234E0,-2.361938324E0,2.417323151E0
2.016990587E1,8.276738434E0,-2.242486725E0,2.618654480E0
2.017990787E1,8.498427429E0,-2.307152252E0,2.820285187E0
2.018990887E1,8.834179230E0,-2.390079803E0,3.020718384E0
2.019990987E1,9.294022980E0,-2.334694977E0,3.342998199E0
2.020991087E1,9.705816650E0,-2.203268280E0,3.820804596E0
2.021991287E1,1.008842102E1,-1.930535431E0,4.194727020E0
2.022991387E1,1.045890060E1,-1.617985382E0,5.367837524E0
2.023991487E1,1.093416229E1,-1.374741211E0,6.164780273E0
2.024991687E1,1.130913254E1,-1.179098053E0,6.939120026E0
2.025991787E1,1.171987839E1,-1.149908752E0,7.134014740E0
2.026991887E1,1.196955917E1,-1.054856415E0,7.045548706E0
2.027992087E1,1.204724762E1,-1.085093536E0,6.830296326E0
2.028992187E1,1.164024399E1,-1.157243500E0,6.316564636E0
2.029992287E1,1.081860260E1,-1.214424591E0,5.983357544E0
2.030992487E1,9.932445374E0,-1.207688599E0,5.910309448E0
2.031992587E1,9.387578430E0,-1.339564362E0,5.580844574E0
2.032992687E1,9.069340210E0,-1.415606232E0,5.572012939E0
2.033992787E1,8.871601410E0,-1.286873932E0,5.432053986E0
2.034992987E1,8.808432770E0,-1.097966766E0,5.324278107E0
2.035993087E1,8.803942108E0,-7.864645386E-1,5.268444214E0
2.036993187E1,8.735684052E0,-3.933819580E-1,5.342390442E0
2.037993387E1,8.671168213E0,-3.367996216E-2,5.680836639E0
2.038993487E1,8.761729889E0,1.978884888E-1,6.019282837E0
2.039993587E1,8.963959351E0,1.712438965E-1,6.313271484E0
2.040993787E1,9.024283905E0,4.415817261E-2,6.079457703E0
2.041993887E1,8.928333435E0,-2.582130432E-1,5.496569824E0
2.042993987E1,8.715775452E0,-5.046006775E-1,5.062322845E0
2.043994187E1,8.536598053E0,-3.306623840E-1,5.234464874E0
2.044994287E1,8.702004089E0,-3.215313721E-1,6.549031219E0
2.045994387E1,8.861123199E0,-1.062041473E0,8.409811707E0
2.046994487E1,8.137527924E0,-1.104852448E0,7.768994293E0
2.047994687E1,6.741081848E0,1.178050232E-1,4.910837860E0
2.048994787E1,5.892047424E0,1.337019653E0,2.798430634E0
2.049994887E1,5.624553680E0,2.186652832E0,2.117796021E0
2.050995087E1,5.552852783E0,2.840493164E0,2.638862457E0
2.051995187E1,5.860912170E0,3.136278076E0,3.584895172E0
2.052995287E1,6.570287018E0,3.097209320E0,4.909340973E0
2.053995487E1,7.539371796E0,2.830464020E0,5.577401733E0
2.054995587E1,8.431815948E0,2.425106964E0,5.335504761E0
2.055995687E1,9.009165344E0,2.113604736E0,4.824916534E0
2.056995787E1,9.191037140E0,2.247426453E0,4.850213928E0
2.057995987E1,8.892408142E0,2.592458954E0,5.168302460E0
2.058996087E1,8.692573700E0,2.797981567E0,5.538782043E0
2.059996187E1,8.765172729E0,3.159629517E0,5.823190613E0
2.060996387E1,8.856632538E0,3.624412994E0,5.647755432E0
2.061996487E1,8.969497833E0,3.801494751E0,5.352569275E0
2.062996587E1,8.907975769E0,3.788920898E0,5.075345764E0
2.063996787E1,8.673712921E0,3.820654907E0,4.810396729E0
2.064996887E1,8.406518555E0,3.695964203E0,4.848118286E0
2.065996987E1,8.052804108E0,3.461252289E0,5.051545258E0
2.066997187E1,7.644902344E0,3.293900299E0,4.719236298E0
2.067997287E1,7.302414551E0,3.067720642E0,4.386178894E0
2.068997387E1,6.893764343E0,3.021466827E0,4.104614410E0
2.069997487E1,6.409072266E0,3.189267883E0,3.851191406E0
2.070997687E1,6.205794983E0,3.547772369E0,3.845652924E0
2.071997787E1,6.309678955E0,4.082011414E0,4.152365112E0
2.072997887E1,6.553072815E0,4.626429291E0,4.306993561E0
2.073998087E1,7.009773102E0,4.719535675E0,4.190086670E0
2.074998187E1,7.807913361E0,4.177662506E0,4.484973450E0
2.075998287E1,9.193132782E0,3.002606049E0,5.627697144E0
2.076998487E1,9.611812134E0,2.677482147E0,8.893006897E0
2.077998587E1,8.163573761E0,4.711901550E0,8.193960571E0
2.078998687E1,7.322772217E0,6.114784241E0,6.257437592E0
2.079998887E1,7.353757782E0,6.385122070E0,4.898114319E0
2.080998987E1,7.341034241E0,6.380332031E0,3.200494537E0
2.081999087E1,6.876400452E0,6.200106812E0,3.116070099E0
2.082999187E1,6.036497040E0,5.892945557E0,3.394042053E0
2.083999387E1,5.129982147E0,5.527405701E0,3.564986572E0
2.084999487E1,4.707261200E0,4.934039612E0,4.138893127E0
2.085999587E1,4.731211395E0,4.484823761E0,4.737049255E0
2.086999787E1,4.788991241E0,4.467609558E0,5.095703430E0
2.087999887E1,4.909790039E0,4.680616608E0,5.201982422E0
2.088999987E1,5.113366699E0,5.098248138E0,4.834047546E0
2.090000187E1,5.210215302E0,5.611231384E0,4.167034607E0
2.091000287E1,5.040019226E0,6.114335175E0,3.476071472E0
2.092000387E1,4.625531158E0,6.514453125E0,3.182681580E0
2.093000587E1,4.388873291E0,6.797813873E0,3.381917267E0
2.094000687E1,4.290677490E0,7.046297150E0,3.594774628E0
2.095000787E1,4.280648346E0,7.230563965E0,3.691323853E0
2.096000987E1,4.439917145E0,7.161407776E0,3.545826416E0
2.097001087E1,4.697232056E0,6.984775085E0,3.494932251E0
2.098001187E1,4.797074432E0,6.888824615E0,3.622167664E0
2.099001287E1,4.638254700E0,7.066505127E0,3.895648956E0
2.100001487E1,4.366419983E0,7.419321442E0,3.623814240E0
2.101001587E1,4.224515076E0,7.569908295E0,3.421285400E0
2.102001688E1,4.009711761E0,7.674391022E0,3.081042938E0
2.103001887E1,3.795357513E0,7.675289154E0,2.652334442E0
2.104001987E1,3.649560699E0,7.517068176E0,2.477498016E0
2.105002087E1,3.563339996E0,7.316036224E0,2.585872650E0
2.106002287E1,3.461551666E0,7.263046417E0,2.802023163E0
2.107002387E1,3.314707031E0,7.370822296E0,2.921025696E0
2.108002488E1,3.136128387E0,7.564369812E0,2.890040131E0
2.109002687E1,2.960094452E0,7.747588806E0,2.783611450E0
2.110002787E1,2.775827637E0,7.817044373E0,2.650538177E0
2.111002892E1,2.533481598E0,7.863148499E0,2.697839813E0
2.112002992E1,2.510579224E0,8.018076324E0,3.185825043E0
2.113003192E1,2.653981018E0,8.326584778E0,3.700604553E0
2.114003292E1,2.822979584E0,8.800798645E0,4.080514526E0
2.115003392E1,2.914439392E0,9.211544495E0,4.165088654E0
2.116003592E1,2.746338959E0,9.480086060E0,3.827390900E0
2.117003692E1,2.300266571E0,9.490264893E0,3.334765320E0
2.118003792E1,1.635049896E0,9.341623993E0,2.749781799E0
2.119003992E1,8.065228271E-1,9.105115814E0,2.195334778E0
2.120004092E1,1.495390320E-1,8.845555573E0,1.816322937E0
2.121004192E1,-1.083746338E-1,8.649463348E0,1.786085815E0
2.122004392E1,-2.544708252E-3,8.668024750E0,1.906585236E0
2.123004492E1,1.504371643E-1,8.789272614E0,2.031874695E0
2.124004592E1,2.995271301E-1,8.802445221E0,1.933978271E0
2.125004792E1,5.022056580E-1,8.675808563E0,1.714085541E0
2.126004892E1,5.962101746E-1,8.517138519E0,1.546284485E0
2.127004992E1,5.421725464E-1,8.364605713E0,1.470092926E0
2.128005092E1,4.429289246E-1,8.275840302E0,1.563049622E0
2.129005292E1,3.986210632E-1,8.368198242E0,1.780697021E0
2.130005392E1,3.791615295E-1,8.646170197E0,2.171833649E0
2.131005492E1,4.409829712E-1,9.146729279E0,2.428549805E0
2.132005692E1,7.945477295E-1,9.597891083E0,2.361489258E0
2.133005792E1,1.533111877E0,9.802665253E0,2.648592224E0
2.134005892E1,2.221081238E0,9.986183624E0,2.932102661E0
2.135006092E1,2.404749298E0,1.021625519E1,3.266806641E0
2.136006192E1,2.047442322E0,1.040815613E1,3.561693420E0
2.137006292E1,1.413061523E0,1.038495438E1,3.522924042E0
2.138006492E1,8.449928284E-1,1.009156448E1,3.353177032E0
2.139006592E1,5.661227417E-1,9.589059448E0,3.000510406E0
2.140006692E1,5.438191223E-1,9.139693909E0,2.469414825E0
2.141006892E1,6.228547668E-1,8.898695068E0,1.870809631E0
2.142006992E1,7.075785828E-1,8.839568024E0,1.285826111E0
2.143007092E1,7.800279236E-1,8.854387207E0,1.156195679E0
2.144007292E1,8.318202209E-1,8.873247986E0,1.408271484E0
2.145007392E1,7.924520874E-1,8.820856934E0,1.686243439E0
2.146007492E1,7.259902954E-1,8.619974670E0,2.012265472E0
2.147007592E1,6.957531738E-1,8.371042328E0,2.166594543E0
2.148007792E1,7.629634094E-1,8.011040955E0,2.050885162E0
2.149007892E1,8.566685486E-1,7.637268219E0,1.819616089E0
2.150007992E1,8.532257080E-1,7.476951599E0,1.601519623E0
2.151008192E1,8.071215820E-1,7.438182220E0,1.501527557E0
2.152008292E1,1.017883301E0,7.364535370E0,1.458117828E0
2.153008392E1,1.435814209E0,7.275620270E0,1.483415222E0
2.154008592E1,1.912123718E0,7.060667267E0,1.471739502E0
2.155008692E1,2.426753540E0,6.734944611E0,1.513802032E0
2.156008792E1,2.921325073E0,6.341712341E0,1.451232147E0
2.157008992E1,3.205434265E0,5.931864624E0,1.259780273E0
2.158009092E1,3.294798431E0,5.545667725E0,1.029409332E0
2.159009192E1,3.256178741E0,5.175188141E0,9.174421692E-1
2.160009392E1,3.198997650E0,4.690945129E0,8.623567200E-1
2.161009492E1,3.060236206E0,4.249662781E0,9.395960999E-1
2.162009592E1,2.980901184E0,3.768712921E0,1.007105713E0
2.163009692E1,2.938838654E0,3.252735901E0,1.091530151E0
2.164009892E1,2.897524567E0,2.698288879E0,1.180445251E0
2.165009992E1,2.836900635E0,2.121687927E0,1.338217163E0
2.166010092E1,2.740052032E0,1.460213470E0,1.570833435E0
2.167010292E1,2.574047241E0,7.752378845E-1,1.839375000E0
2.168010392E1,2.358645172E0,4.041595459E-2,2.101779327E0
2.169010492E1,2.257455597E0,-6.971003723E-1,2.283202057E0
2.170010692E1,2.450104980E0,-1.443598022E0,2.380799103E0
2.171010792E1,2.849624176E0,-2.300266571E0,2.378703461E0
2.172010892E1,3.373834076E0,-3.244952087E0,2.346819763E0
2.173011092E1,4.020489349E0,-4.167034607E0,2.355352020E0
2.174011192E1,4.591102753E0,-4.835694122E0,2.651885376E0
2.175011292E1,4.950056305E0,-5.059778137E0,3.087329865E0
2.176011492E1,5.362897797E0,-4.984185333E0,3.447031860E0
2.177011592E1,6.133944397E0,-4.805606689E0,3.792513428E0
2.178011692E1,7.303911438E0,-4.716242523E0,3.935166779E0
2.179011892E1,8.478818207E0,-4.818030853E0,3.853885803E0
2.180011992E1,8.943451996E0,-5.009183350E0,3.982618103E0
2.181012092E1,8.614585876E0,-5.147046661E0,3.438200226E0
2.182012192E1,8.198900299E0,-5.809119873E0,2.322570190E0
2.183012392E1,8.522227936E0,-7.328310699E0,1.237326965E0
2.184012492E1,9.643546143E0,-9.394015045E0,5.327421570E-1
2.185012592E1,1.109896957E1,-1.139445511E1,5.691165161E-1
2.186012792E1,1.229378494E1,-1.286394928E1,1.672322388E0
2.187012892E1,1.325089462E1,-1.380489258E1,2.802621918E0
2.188012992E1,1.462488739E1,-1.446037949E1,3.414100342E0
2.189013192E1,1.637534729E1,-1.450064575E1,3.065924377E0
2.190013292E1,1.753393799E1,-1.394470184E1,2.733316040E0
2.191013392E1,1.797177750E1,-1.395742538E1,2.818189545E0
2.192013592E1,1.775233383E1,-1.451771027E1,3.763473816E0
2.193013692E1,1.712453934E1,-1.561462921E1,4.941973114E0
2.194013792E1,1.647084869E1,-1.671678726E1,5.251379700E0
2.195013892E1,1.567495377E1,-1.717917572E1,5.100493469E0
2.196014092E1,1.449091599E1,-1.660003006E1,4.578977966E0
2.197014192E1,1.286125488E1,-1.447909058E1,3.902384949E0
2.198014292E1,1.140762772E1,-1.195354248E1,3.161725159E0
2.199014492E1,1.056368271E1,-1.059017761E1,3.134332123E0
2.200014592E1,9.815538483E0,-1.035082535E1,3.651506653E0
2.201014692E1,9.000333710E0,-1.056218582E1,4.221670990E0
2.202014892E1,7.953111420E0,-1.063598236E1,4.481380920E0
2.203014992E1,7.094646606E0,-1.042432251E1,4.435276794E0
2.204015092E1,6.581663361E0,-9.960287476E0,3.993844757E0
2.205015292E1,6.171216888E0,-9.360484772E0,3.731290741E0
2.206015392E1,5.838159485E0,-8.861272888E0,3.608396301E0
2.207015492E1,5.526806946E0,-8.505313110E0,3.681594086E0
2.208015692E1,5.394631805E0,-8.313711548E0,3.913312225E0
2.209015792E1,5.495971069E0,-8.202492828E0,4.318369904E0
2.210015892E1,5.768853607E0,-7.898624725E0,4.408931580E0
2.211016175E1,6.050418091E0,-7.369325409E0,4.276157684E0
2.212016275E1,6.414011993E0,-6.879094849E0,4.009861450E0
2.213016375E1,6.735693054E0,-6.496191101E0,3.955075378E0
2.214016475E1,7.004084930E0,-6.318061523E0,4.129462738E0
2.215016675E1,7.237299957E0,-6.418652344E0,4.250560913E0
2.216016775E1,7.311695251E0,-6.646777954E0,4.291725311E0
2.217016875E1,7.226222992E0,-6.984026642E0,4.414320374E0
2.218017075E1,6.999145203E0,-7.279212799E0,4.018693085E0
2.219017175E1,6.774163055E0,-7.480095062E0,3.998934174E0
2.220017275E1,6.739734650E0,-7.651937714E0,3.882775726E0
2.221017475E1,6.659052429E0,-7.614216156E0,3.857328644E0
2.222017575E1,6.608008575E0,-7.456593933E0,3.759432220E0
2.223017675E1,6.672075348E0,-7.375163269E0,3.539838867E0
2.224017875E1,6.769672394E0,-7.351961517E0,3.308869171E0
2.225017975E1,6.972500610E0,-7.430398407E0,3.146307220E0
2.226018075E1,7.392676849E0,-7.618257751E0,3.092119904E0
2.227018275E1,7.691605225E0,-7.758216705E0,3.200045471E0
2.228018375E1,7.728129272E0,-7.743996277E0,3.309467926E0
2.229018475E1,7.848029938E0,-7.610923004E0,3.317700806E0
2.230018675E1,8.206534424E0,-7.487429810E0,3.243904266E0
2.231018775E1,8.682694244E0,-7.394772491E0,3.281476135E0
2.232018875E1,9.078171844E0,-7.274871826E0,3.345991974E0
2.233018975E1,9.427245941E0,-7.233557739E0,3.501069489E0
2.234019175E1,9.750723267E0,-7.121291199E0,3.625311127E0
2.235019275E1,9.916278992E0,-7.023694153E0,4.001029816E0
2.236019375E1,9.935588837E0,-6.891069946E0,4.497696991E0
2.237019575E1,9.796977081E0,-6.716383209E0,4.771028595E0
2.238019675E1,9.703721008E0,-6.562952271E0,5.347180481E0
2.239019775E1,9.471553802E0,-6.504423981E0,5.780828705E0
2.240019975E1,8.812474365E0,-6.584208069E0,5.880970459E0
2.241020075E1,7.798183594E0,-6.874454498E0,5.594765625E0
2.242020175E1,6.959028625E0,-7.426955566E0,4.950355682E0
2.243020375E1,6.562802582E0,-8.029302979E0,4.390370178E0
2.244020475E1,6.431974640E0,-8.490493927E0,3.846251678E0
2.245020575E1,6.483018494E0,-8.725654907E0,2.989882507E0
2.246020775E1,6.431375885E0,-8.461454315E0,2.525997162E0
2.247020875E1,6.172713776E0,-7.876919861E0,2.096390533E0
2.248020975E1,5.713169403E0,-7.212002563E0,1.794767761E0
2.249021175E1,5.218747559E0,-6.750212860E0,1.246158600E0
2.250021275E1,4.779411163E0,-6.421646118E0,1.117276611E0
2.251021375E1,4.862488403E0,-6.338718567E0,7.846682739E-1
2.252021575E1,5.190306702E0,-6.168971558E0,7.682025146E-1
2.253021675E1,5.399721222E0,-5.927972717E0,9.907896423E-1
2.254021775E1,5.459447021E0,-5.338049469E0,1.125210114E0
2.255021875E1,5.588478699E0,-4.675078125E0,8.174501038E-1
2.256022075E1,5.902825012E0,-4.044888611E0,4.822970581E-1
2.257022175E1,6.290069733E0,-3.451821899E0,4.537065125E-1
2.258022275E1,6.573131104E0,-2.981949005E0,2.888992310E-2
2.259022475E1,6.868916016E0,-2.704725494E0,-4.575984192E-1
2.260022575E1,7.526049500E0,-2.632874908E0,1.453477478E-1
2.261022675E1,8.138725433E0,-2.437381439E0,2.220781860E0
2.262022875E1,8.367749176E0,-1.927841034E0,3.942202148E0
2.263022975E1,8.797655182E0,-1.466350708E0,4.593797150E0
2.264023075E1,9.636959839E0,-1.031954041E0,5.056185608E0
2.265023275E1,1.053434372E1,-6.173162842E-1,4.976102142E0
2.266023375E1,1.112606323E1,-1.440005493E-1,5.291196899E0
2.267023475E1,1.100795883E1,5.384303284E-1,6.234984283E0
2.268023675E1,1.038884628E1,1.248703308E0,6.999893646E0
2.269023775E1,9.868677979E0,1.687141571E0,7.156318359E0
2.270023875E1,9.851164398E0,1.602268066E0,6.667734375E0
2.271024075E1,1.026954437E1,1.150357819E0,5.559139709E0
2.272024175E1,1.083372116E1,3.649411011E-1,5.041216736E0
2.273024275E1,1.112950607E1,-2.131567383E-1,4.495002594E0
2.274024475E1,1.063493454E1,-8.090675354E-1,3.929478607E0
2.275024575E1,9.805359650E0,-1.607058105E0,2.848127289E0
2.276024675E1,9.045090637E0,-2.494263153E0,1.573378143E0
2.277024875E1,8.416847076E0,-3.691174164E0,8.634045410E-1
2.278024975E1,8.044720917E0,-4.699327698E0,1.646575928E-2
2.279025075E1,7.617808685E0,-5.425617371E0,-2.429447937E-1
2.280025175E1,7.376360779E0,-5.925727386E0,-5.053491211E-1
2.281025375E1,7.328460388E0,-5.943390656E0,-4.285588074E-1
2.282025475E1,7.450606384E0,-5.532794495E0,-2.183958435E-1
2.283025575E1,7.691156158E0,-4.901108093E0,5.433700562E-2
2.284025775E1,7.838599548E0,-4.163142700E0,9.901908875E-1
2.285025875E1,7.890242157E0,-3.407064972E0,1.757195892E0
2.286025975E1,7.981103210E0,-2.834206238E0,2.899320831E0
2.287026175E1,8.101003876E0,-2.420765991E0,3.826492767E0
2.288026275E1,8.031248932E0,-2.089654541E0,4.673730927E0
2.289026375E1,7.958350525E0,-2.020498352E0,5.140011292E0
2.290026575E1,7.946225739E0,-2.291285248E0,5.072950745E0
2.291026675E1,7.914791107E0,-2.696642303E0,5.051844635E0
2.292026775E1,7.930209045E0,-3.015628967E0,4.825964355E0
2.293026975E1,7.940836945E0,-3.164718933E0,4.614454193E0
2.294027075E1,7.760462036E0,-3.010389862E0,4.505331116E0
2.295027175E1,7.486531677E0,-2.619253235E0,4.397405548E0
2.296027375E1,7.365732880E0,-2.176324310E0,4.102069702E0
2.297027475E1,7.399113464E0,-1.852996674E0,3.827690277E0
2.298027575E1,7.525750122E0,-1.749262390E0,3.508553925E0
2.299027775E1,7.655979309E0,-1.852397919E0,3.662433929E0
2.300027875E1,7.697443085E0,-2.003433838E0,3.791615295E0
2.301027975E1,7.616760864E0,-2.115850067E0,4.243076477E0
2.302028175E1,7.652686157E0,-2.129771118E0,4.433630219E0
2.303028275E1,7.868537292E0,-2.024989014E0,4.795727234E0
2.304028375E1,8.220305786E0,-1.846260681E0,4.896018677E0
2.305028575E1,8.513096924E0,-1.690135345E0,4.855153656E0
2.306028675E1,8.686436462E0,-1.633403320E0,4.814138947E0
2.307028775E1,8.876690826E0,-1.699715424E0,4.734354858E0
2.308028975E1,8.985813904E0,-1.817670135E0,4.821623383E0
2.309029075E1,8.924142151E0,-1.902543640E0,4.910538483E0
2.310029175E1,8.674910431E0,-1.912572784E0,5.092709656E0
2.311029179E1,8.436156921E0,-1.802701263E0,5.215005341E0
2.312029379E1,8.281827850E0,-1.654659119E0,5.154980164E0
2.313029479E1,8.157735901E0,-1.642833710E0,4.980443115E0
2.314029579E1,8.099357300E0,-1.876797180E0,4.928351440E0
2.315029779E1,8.364456024E0,-2.416275330E0,4.669389954E0
2.316029879E1,8.662635956E0,-3.152893524E0,5.190755768E0
2.317029979E1,8.576714630E0,-3.559148712E0,5.674998779E0
2.318030179E1,8.289611664E0,-3.323688354E0,5.723647614E0
2.319030279E1,8.111482086E0,-2.857707367E0,5.750142517E0
2.320030379E1,8.028255157E0,-2.474204865E0,5.896687775E0
2.321030579E1,7.881410522E0,-2.252964935E0,5.925727386E0
2.322030679E1,7.692203979E0,-2.354902954E0,5.715414734E0
2.323030779E1,7.464228058E0,-2.738854523E0,5.324727173E0
2.324030979E1,7.235653381E0,-3.271596680E0,4.806355133E0
2.325031079E1,7.075935516E0,-4.025279388E0,4.423301697E0
2.326031179E1,6.876849518E0,-4.856500854E0,4.536166992E0
2.327031379E1,6.617738342E0,-5.497018890E0,4.966372375E0
2.328031479E1,6.263425140E0,-5.869294739E0,5.146148529E0
2.329031579E1,5.796845398E0,-6.035449219E0,4.880600739E0
2.330031779E1,5.367388458E0,-6.147715759E0,4.387376404E0
2.331031879E1,5.074747009E0,-6.277795258E0,3.755839691E0
2.332031979E1,4.794080658E0,-6.403982849E0,3.307521973E0
2.333032179E1,4.668491821E0,-6.509064331E0,3.307372284E0
2.334032279E1,4.944517822E0,-6.492299194E0,3.259172516E0
2.335032379E1,5.666316833E0,-6.180048523E0,3.121009827E0
2.336032579E1,6.307583313E0,-5.177732849E0,3.160677338E0
2.337032679E1,6.592890015E0,-3.783681793E0,3.445085907E0
2.338032779E1,6.441405029E0,-2.632276154E0,4.094435577E0
2.339032979E1,5.901178436E0,-1.836680603E0,5.011129303E0
2.340033079E1,5.454058228E0,-1.733545074E0,5.546565857E0
2.341033179E1,5.636977844E0,-2.431543579E0,5.829477539E0
2.342033379E1,6.732549591E0,-3.595672760E0,5.817652130E0
2.343033479E1,7.892038422E0,-4.819976807E0,6.221063232E0
2.344033579E1,8.519982605E0,-5.855523376E0,6.913223877E0
2.345033679E1,8.766968994E0,-6.577621765E0,7.467221832E0
2.346033879E1,8.746761017E0,-7.319778442E0,8.698860626E0
2.347033979E1,8.862919464E0,-7.483388214E0,8.600365448E0
2.348034079E1,9.097032623E0,-7.329059143E0,9.893675995E0
2.349034279E1,9.992620239E0,-6.529122620E0,9.012608185E0
2.350034379E1,1.069525909E1,-5.186265106E0,9.277557220E0
2.351034479E1,1.109702362E1,-3.904480591E0,9.635462952E0
2.352034679E1,1.141017242E1,-2.709814911E0,9.182205505E0
2.353034779E1,1.159174484E1,-2.166145477E0,9.457333374E0
2.354034879E1,1.147573608E1,-2.193538513E0,9.109756165E0
2.355035079E1,1.089150101E1,-2.578687592E0,8.503816223E0
2.356035179E1,1.027164001E1,-3.509152679E0,7.479196930E0
2.357035279E1,9.453740845E0,-4.726121979E0,6.485114136E0
2.358035479E1,8.506959686E0,-5.625152435E0,6.489604797E0
2.359035579E1,8.003406830E0,-6.340365143E0,6.077062683E0
2.360035679E1,7.964637451E0,-6.566544800E0,5.655988312E0
2.361035879E1,7.942483521E0,-6.597829742E0,5.250331879E0
2.362035979E1,7.773185577E0,-6.567143555E0,4.874912567E0
2.363036079E1,7.564519501E0,-6.615043945E0,4.429139557E0
2.364036279E1,7.254065094E0,-6.750961304E0,4.054169312E0
2.365036379E1,6.908284149E0,-6.939269714E0,3.758833466E0
2.366036479E1,6.542893982E0,-7.141648865E0,3.644620972E0
2.367036679E1,6.221362610E0,-7.266189880E0,3.630999298E0
2.368036779E1,6.044580231E0,-7.300169220E0,3.494632874E0
2.369036879E1,5.839356995E0,-7.268435211E0,3.220403137E0
2.370037079E1,5.583089905E0,-7.011719055E0,2.919828186E0
2.371037179E1,5.401218109E0,-6.713090057E0,2.694396973E0
2.372037279E1,5.191204834E0,-6.537056122E0,2.563119965E0
2.373037479E1,4.874164124E0,-6.531517639E0,2.444566498E0
2.374037579E1,4.624183960E0,-6.570586395E0,2.333198090E0
2.375037679E1,4.562661896E0,-6.627168732E0,2.118245087E0
2.376037879E1,4.508324890E0,-6.628366241E0,1.905387726E0
2.377037979E1,4.409680023E0,-6.456224213E0,1.905088348E0
2.378038079E1,4.432432709E0,-6.226901093E0,1.874402161E0
2.379038279E1,4.508474579E0,-6.102809143E0,1.993853760E0
2.380038379E1,4.622836761E0,-6.142326965E0,1.921404419E0
2.381038479E1,4.617597656E0,-6.236930237E0,2.051184540E0
2.382038679E1,4.567751312E0,-6.321504364E0,2.137554932E0
2.383038779E1,4.497098236E0,-6.494544525E0,2.178869019E0
2.384038879E1,4.486470337E0,-6.648424530E0,2.025737457E0
2.385039079E1,4.633165283E0,-6.516548767E0,1.683698730E0
2.386039179E1,4.774621124E0,-6.095624084E0,1.487157440E0
2.387039279E1,4.827311554E0,-5.595963135E0,1.410666504E0
2.388039379E1,4.821773071E0,-5.188510437E0,1.157542877E0
2.389039579E1,4.795427856E0,-4.848267975E0,1.208586731E0
2.390039679E1,4.678071899E0,-4.649780731E0,1.042881317E0
2.391039779E1,4.645888824E0,-4.552782440E0,1.355131989E0
2.392039979E1,5.066963196E0,-4.876559143E0,2.113604736E0
2.393040079E1,5.925877075E0,-6.165528717E0,2.775079193E0
2.394040179E1,6.493945770E0,-7.991282043E0,3.003055115E0
2.395040379E1,6.269412689E0,-9.279652863E0,2.957400055E0
2.396040479E1,5.705535278E0,-9.702224121E0,2.624941406E0
2.397040579E1,5.245691528E0,-9.500443726E0,2.476300507E0
2.398040779E1,4.672683105E0,-9.144034882E0,2.168241119E0
2.399040879E1,4.192481689E0,-8.879534912E0,1.741328888E0
2.400040979E1,4.106111298E0,-8.803043976E0,1.116378479E0
2.401041179E1,4.566254425E0,-8.987759857E0,1.615141296E-1
2.402041279E1,5.408253479E0,-9.282197571E0,1.856140137E-1
2.403041379E1,5.987548828E0,-9.326505432E0,5.608836365E-1
2.404041579E1,6.042933655E0,-9.144334259E0,8.024812317E-1
2.405041679E1,5.928571472E0,-8.927884369E0,1.384321289E0
2.406041779E1,5.621110840E0,-8.690627747E0,1.792522430E0
2.407041979E1,5.249284058E0,-8.568182373E0,1.813179474E0
2.408042079E1,4.944368134E0,-8.567733307E0,1.705852661E0
2.409042179E1,4.655618591E0,-8.704099731E0,1.383423157E0
2.410042379E1,4.575235748E0,-8.925339661E0,1.557211761E0
2.411042479E1,4.315226440E0,-8.899593201E0,1.848805389E0
2.412042579E1,3.985611877E0,-8.708291016E0,1.504820709E0
2.413042779E1,3.942351837E0,-8.544980621E0,1.952839050E0
2.414042879E1,3.629502411E0,-8.247100067E0,1.987267456E0
2.415042979E1,3.382366333E0,-8.077802124E0,1.570534058E0
2.416043179E1,3.583697662E0,-8.100854187E0,1.990560608E0
2.417043279E1,3.573369141E0,-8.018375702E0,2.136357422E0
2.418043379E1,3.231480103E0,-7.889344025E0,2.280807037E0
2.419043579E1,2.936743011E0,-7.928263092E0,1.995350647E0
2.420043679E1,3.092718658E0,-8.195607147E0,2.108365631E0
2.421043779E1,3.405867462E0,-8.676257629E0,2.168241119E0
2.422043979E1,3.645818481E0,-9.141789551E0,2.150278473E0
2.423044079E1,3.656596069E0,-9.406139832E0,2.132465515E0
2.424044179E1,3.638334045E0,-9.499246216E0,2.050436096E0
2.425044379E1,3.701352997E0,-9.508377228E0,2.028431854E0
2.426044479E1,3.865112457E0,-9.668693848E0,1.735491028E0
2.427044579E1,4.352947998E0,-9.980794830E0,1.449286194E0
2.428044779E1,4.990322571E0,-1.024813889E1,1.561852112E0
2.429044879E1,5.250780945E0,-1.024514511E1,1.690434723E0
2.430044979E1,5.217699738E0,-1.010234207E1,1.823507996E0
2.431045179E1,5.254523163E0,-9.838291168E0,1.969903564E0
2.432045279E1,5.320835266E0,-9.477391663E0,2.223476257E0
2.433045379E1,5.494623871E0,-9.286987610E0,2.175575867E0
2.434045579E1,5.826334076E0,-9.445507965E0,2.008523254E0
2.435045679E1,6.327192535E0,-9.698631592E0,2.104024658E0
2.436045779E1,6.737489319E0,-1.003692810E1,1.680704956E0
2.437045979E1,7.007078705E0,-1.021730301E1,1.999841309E0
2.438046079E1,6.996450806E0,-1.060125458E1,1.742526398E0
2.439046179E1,6.032904510E0,-1.037732025E1,2.479893036E0
2.440046379E1,4.575086060E0,-9.667496338E0,2.422412567E0
2.441046479E1,3.378773804E0,-9.145531769E0,2.044298859E0
2.442046579E1,2.485730896E0,-9.146729279E0,1.797013092E0
2.443046779E1,1.994452515E0,-9.369166718E0,1.364412689E0
2.444046879E1,1.807491302E0,-9.588760071E0,1.257085876E0
2.445046979E1,1.834435272E0,-9.723479919E0,1.386267242E0
2.446047179E1,1.866169281E0,-9.656569061E0,1.497635651E0
2.447047279E1,1.878743134E0,-9.508377228E0,1.664089508E0
2.448047379E1,2.313738556E0,-9.523944855E0,1.718576202E0
2.449047579E1,3.007845154E0,-9.677076416E0,1.989363098E0
2.450047679E1,3.430117035E0,-9.731114044E0,2.469414825E0
2.451047779E1,3.748654633E0,-9.862840118E0,2.794389038E0
2.452047979E1,4.108955383E0,-1.008722351E1,2.962938538E0
2.453048079E1,4.305796051E0,-1.025218048E1,3.109034729E0
2.454048179E1,4.456682281E0,-1.034079620E1,3.102897491E0
2.455048379E1,4.508025513E0,-1.030636780E1,3.190615082E0
2.456048479E1,4.489464111E0,-1.008273285E1,3.329077148E0
2.457048579E1,4.370311890E0,-9.830207977E0,3.159479828E0
2.458048779E1,4.240082703E0,-9.787397003E0,2.874173126E0
2.459048879E1,4.158202972E0,-9.926607513E0,2.515818329E0
2.460048979E1,4.006119232E0,-1.011731094E1,2.372266846E0
2.461049179E1,3.950285339E0,-1.032807266E1,2.245630188E0
2.462049279E1,3.906426544E0,-1.045815216E1,1.865121460E0
2.463049379E1,3.737427979E0,-1.035381912E1,1.796264648E0
2.464049579E1,3.461102600E0,-1.011401779E1,1.676962738E0
2.465049679E1,3.318598938E0,-9.959089966E0,1.618883514E0
2.466049779E1,3.434308319E0,-1.002809647E1,1.988764343E0
2.467049979E1,3.523373108E0,-1.021790176E1,2.022743683E0
2.468050079E1,3.386856995E0,-1.011880783E1,2.284998322E0
2.469050179E1,3.362457733E0,-9.799072723E0,2.304457855E0
2.470050279E1,3.433859253E0,-9.573940887E0,2.473606110E0
2.471050479E1,3.513343964E0,-9.553583221E0,2.461032257E0
2.472050579E1,3.594475250E0,-9.767638092E0,2.195484467E0
2.473050679E1,3.423081665E0,-1.005279510E1,2.337089996E0
2.474050879E1,2.978206787E0,-1.004336472E1,2.621199188E0
2.475050979E1,2.690056000E0,-9.817783813E0,2.920876007E0
2.476051179E1,2.811154175E0,-9.512867889E0,3.130889282E0
2.477051279E1,3.298241272E0,-9.172326050E0,3.253484344E0
2.478051379E1,3.904779968E0,-8.978628845E0,3.237767029E0
2.479051579E1,4.368216248E0,-8.974437561E0,3.349734192E0
2.480051679E1,4.638404388E0,-9.130113831E0,3.351979523E0
2.481051779E1,4.827012177E0,-9.361831970E0,3.621269531E0
2.482051979E1,5.238955536E0,-9.631421356E0,3.585493927E0
2.483052079E1,5.729934540E0,-9.965825958E0,3.478017426E0
2.484052179E1,6.148015137E0,-1.021161484E1,3.149750061E0
2.485052279E1,6.432872772E0,-1.023646317E1,2.517764282E0
2.486052479E1,6.403084717E0,-1.007599686E1,1.778601379E0
2.487052579E1,5.847739563E0,-9.583371277E0,1.496887207E0
2.488052679E1,5.088518372E0,-8.980125732E0,1.513502655E0
2.489052879E1,4.525838470E0,-8.669521637E0,1.115031281E0
2.490052979E1,4.116589508E0,-8.606053619E0,6.256988525E-1
2.491053079E1,3.836671600E0,-8.373137970E0,2.579136658E-1
2.492053279E1,3.894002380E0,-7.950866089E0,-3.119512939E-1
2.493053379E1,4.322710876E0,-7.779771881E0,-5.764512634E-1
2.494053479E1,4.716092834E0,-7.868836670E0,-2.811154175E-1
2.495053679E1,4.830904083E0,-8.102051697E0,2.844085693E-1
2.496053779E1,4.662803650E0,-8.387059021E0,4.810995483E-1
2.497053979E1,4.246070251E0,-8.615034943E0,9.762698364E-1
2.498054079E1,4.066144409E0,-8.690028992E0,9.337582397E-1
2.499054179E1,4.118984528E0,-8.651409302E0,8.261320496E-1
2.500054279E1,4.298012238E0,-8.644972687E0,9.535171509E-1
2.501054479E1,4.436174927E0,-8.680897980E0,1.326990509E0
2.502054579E1,4.599036255E0,-8.624914398E0,1.367406464E0
2.503054679E1,5.009931793E0,-8.606502686E0,1.270857239E0
2.504054879E1,5.465733948E0,-8.491392059E0,9.283694458E-1
2.505054979E1,5.692063293E0,-8.058192902E0,1.363364868E0
2.506055079E1,6.078260193E0,-7.578889618E0,1.295855255E0
2.507055279E1,6.799161072E0,-7.222181396E0,1.542242889E0
2.508055379E1,7.559280396E0,-7.017556915E0,1.664837952E0
2.509055479E1,8.070766754E0,-6.752158813E0,1.858984222E0
2.510055679E1,8.509055328E0,-6.611301727E0,2.086361389E0
2.511055817E1,8.738228760E0,-6.646927643E0,2.374661865E0
2.512056017E1,8.928333435E0,-6.731352081E0,2.476150818E0
2.513056117E1,9.351802826E0,-6.913523254E0,2.630479889E0
2.514056217E1,9.840985565E0,-7.064110107E0,2.249073029E0
2.515056317E1,1.034768188E1,-7.048542480E0,2.285896454E0
2.516056517E1,1.083881058E1,-6.978039093E0,2.470312958E0
2.517056617E1,1.119686600E1,-6.835984497E0,2.635718994E0
2.518056817E1,1.152887558E1,-6.775061188E0,2.763403473E0
2.519056917E1,1.191462341E1,-6.781348114E0,2.886148224E0
2.520057017E1,1.207164688E1,-6.684200134E0,2.935994568E0
2.521057217E1,1.192031158E1,-6.485563202E0,3.078198853E0
2.522057317E1,1.154070099E1,-6.201154633E0,3.171305237E0
2.523057417E1,1.126422592E1,-6.001769257E0,3.430117035E0
2.524057517E1,1.113998428E1,-5.947731628E0,3.577111359E0
2.525057717E1,1.110271179E1,-5.935606842E0,3.491788788E0
2.526057817E1,1.098161362E1,-5.757028198E0,3.827390900E0
2.527058017E1,1.080258591E1,-5.343587952E0,3.850293274E0
2.528058117E1,1.057431061E1,-4.976251831E0,3.667223969E0
2.529058217E1,1.024155258E1,-4.676125946E0,3.309916992E0
2.530058417E1,9.969418488E0,-4.391567688E0,3.140918427E0
2.531058517E1,9.747879181E0,-4.080813904E0,2.762505341E0
2.532058617E1,9.469907227E0,-3.707789612E0,2.477048950E0
2.533058817E1,9.285790100E0,-3.461252289E0,2.093097382E0
2.534058917E1,9.179960175E0,-3.230881348E0,1.742825775E0
2.535059017E1,8.891060944E0,-2.989283752E0,1.897903290E0
2.536059217E1,8.551716614E0,-2.509232025E0,1.672621765E0
2.537059317E1,8.243657227E0,-2.104024658E0,1.543590088E0
2.538059417E1,8.125852203E0,-1.759291534E0,1.638193359E0
2.539059617E1,8.294850769E0,-1.460961914E0,1.440155182E0
2.540059717E1,8.444539490E0,-1.296753387E0,1.335073700E0
2.541059817E1,8.392298126E0,-9.979747009E-1,1.577419739E0
2.542060017E1,8.303383026E0,-5.408253479E-1,1.657203827E0
2.543060117E1,8.309819641E0,-1.431024170E-1,1.582359467E0
2.544060217E1,8.245902557E0,2.883004761E-1,1.873054962E0
2.545060417E1,8.291407928E0,6.584806824E-1,1.535057831E0
2.546060517E1,8.209079132E0,8.714877319E-1,1.560504913E0
2.547060617E1,8.148006134E0,1.074016571E0,1.580563202E0
2.548060817E1,8.068371735E0,1.192270660E0,1.733545074E0
2.549060917E1,7.864346008E0,1.492695923E0,1.685944061E0
2.550061017E1,7.686964874E0,1.742227020E0,1.876497803E0
2.551061217E1,7.566315765E0,2.073937225E0,2.301164703E0
2.552061317E1,7.309150543E0,2.516866150E0,2.660567322E0
2.553061417E1,6.977889404E0,2.960543518E0,2.642904053E0
2.554061617E1,6.680607605E0,3.249143372E0,2.532134399E0
2.555061717E1,6.442602539E0,3.456911316E0,2.382295990E0
2.556061817E1,6.208938446E0,3.698658600E0,2.521805878E0
2.557062017E1,5.975723419E0,3.813020782E0,2.614612885E0
2.558062117E1,5.705984344E0,3.957171021E0,2.689756622E0
2.559062217E1,5.441634064E0,4.114044800E0,2.579436035E0
2.560062417E1,5.238656158E0,4.285887451E0,2.429298248E0
2.561062517E1,5.217100983E0,4.522245941E0,2.048939209E0
2.562062617E1,5.350174255E0,4.734803925E0,2.010768585E0
2.563062817E1,5.572012939E0,4.886438599E0,2.030228119E0
2.564062917E1,5.731581116E0,5.012626190E0,2.121388550E0
2.565063017E1,5.854026489E0,5.164260864E0,2.333347778E0
2.566063217E1,5.951324158E0,5.362448730E0,2.288291473E0
2.567063317E1,6.141279144E0,5.599855042E0,2.251468048E0
2.568063417E1,6.496340790E0,5.895939331E0,2.259251862E0
2.569063617E1,7.009174347E0,6.144272919E0,2.112856293E0
2.570063717E1,7.504045258E0,6.545887756E0,2.469714203E0
2.571063817E1,7.822133789E0,6.979535980E0,2.689457245E0
2.572064017E1,7.777676239E0,7.529192963E0,2.954705658E0
2.573064117E1,7.659122772E0,7.935448151E0,3.079246674E0
2.574064217E1,7.599396973E0,8.075107727E0,3.119962006E0
2.575064417E1,7.634124756E0,7.914192352E0,2.951861572E0
2.576064517E1,7.735314331E0,7.399712219E0,2.868934021E0
2.577064617E1,7.800129547E0,6.931934967E0,3.104993134E0
2.578064817E1,7.726033630E0,6.643634491E0,3.288212128E0
2.579064917E1,7.391329651E0,6.722969513E0,3.437900848E0
2.580065017E1,6.857689362E0,7.061864777E0,3.094514923E0
2.581065217E1,6.217770081E0,7.468419342E0,2.651136932E0
2.582065317E1,5.659281464E0,7.860304413E0,2.174378357E0
2.583065517E1,5.356161804E0,8.145760803E0,1.327439575E0
2.584065617E1,5.362598419E0,8.205037537E0,6.774911499E-1
2.585065717E1,5.544619904E0,7.825726318E0,5.183720398E-1
2.586065817E1,5.430108032E0,7.274722137E0,5.043013000E-1
2.587066017E1,4.786745911E0,6.934180298E0,4.797523499E-1
2.588066117E1,3.954326935E0,6.737040253E0,9.210346985E-1
2.589066317E1,3.296445007E0,6.600075073E0,1.191073151E0
2.590066417E1,2.949466553E0,6.409371643E0,1.078207855E0
2.591066517E1,2.912792816E0,5.950276337E0,1.037043457E0
2.592066717E1,2.814597015E0,5.735772400E0,1.594035187E0
2.593066817E1,2.257455597E0,6.361171875E0,2.026186523E0
2.594066917E1,1.904339905E0,7.011719055E0,2.048789520E0
2.595067117E1,1.914069672E0,7.749235382E0,2.162253571E0
2.596067217E1,1.859732666E0,8.392597504E0,1.922452240E0
2.597067317E1,1.614392853E0,9.090596008E0,2.102677460E0
2.598067517E1,1.598675537E0,9.465566254E0,2.011816406E0
2.599067617E1,1.814227295E0,9.548793182E0,2.420915680E0
2.600067717E1,1.893262939E0,9.438921661E0,1.996248779E0
2.601067917E1,1.544488220E0,9.194779358E0,1.715432739E0
2.602068017E1,8.869056702E-1,8.834179230E0,1.617236938E0
2.603068117E1,1.580712891E-1,8.394992523E0,1.485810242E0
2.604068317E1,-5.084925842E-1,8.092022552E0,1.458417206E0
2.605068417E1,-9.250762939E-1,7.942333832E0,1.516346741E0
2.606068517E1,-1.092428284E0,8.039032745E0,1.422791290E0
2.607068717E1,-1.104852448E0,8.310717773E0,7.614665222E-1
2.608068817E1,-1.065184937E0,8.668473816E0,7.547305298E-1
2.609068917E1,-1.138233032E0,9.051676941E0,6.414161682E-1
2.610069117E1,-1.276395721E0,9.445657654E0,5.836363220E-1
2.611069237E1,-1.457668762E0,9.757608948E0,4.966671753E-1
2.612069337E1,-1.553170166E0,9.883796539E0,3.152444458E-1
2.613069537E1,-1.536704407E0,9.755812683E0,8.143066406E-2
2.614069637E1,-1.315614166E0,9.494007111E0,-5.343887329E-2
2.615069737E1,-1.041683807E0,9.269923096E0,-1.284329224E-1
2.616069937E1,-8.110134888E-1,9.141340485E0,-7.200027466E-2
2.617070037E1,-5.590873718E-1,9.198521576E0,4.909790039E-2
2.618070237E1,-4.164340210E-1,9.376501465E0,2.664459229E-2
2.619070337E1,-3.836521912E-1,9.596843262E0,2.095642090E-3
2.620070437E1,-3.857478333E-1,9.793683929E0,-7.349716187E-2
2.621070537E1,-3.870950317E-1,9.791588287E0,-5.194198608E-2
2.622070737E1,-4.143383789E-1,9.663005676E0,6.032455444E-2
2.623070837E1,-4.947212219E-1,9.512269135E0,8.113128662E-2
2.624071037E1,-5.189707947E-1,9.380692749E0,1.254391479E-1
2.625071137E1,-5.081932068E-1,9.267528076E0,1.654060364E-1
2.626071237E1,-4.728666687E-1,9.178463287E0,1.754351807E-1
2.627071437E1,-4.628375244E-1,9.070837097E0,1.874102783E-1
2.628071537E1,-4.713697815E-1,8.993448029E0,2.219883728E-1
2.629071637E1,-4.261637878E-1,8.957822113E0,3.463796997E-1
2.630071837E1,-2.392025757E-1,8.934919739E0,5.438191223E-1
2.631071937E1,3.951782227E-2,8.928333435E0,8.044271851E-1
2.632072037E1,2.674937439E-1,8.991502075E0,8.948391724E-1
2.633072237E1,4.068539429E-1,9.036708069E0,9.680369568E-1
2.634072337E1,5.198689270E-1,9.047036591E0,1.026415558E0
2.635072437E1,5.559439087E-1,9.002129974E0,1.052311707E0
2.636072637E1,5.622308350E-1,8.972341919E0,1.071621552E0
2.637072737E1,5.240602112E-1,8.910370789E0,1.135987701E0
2.638072837E1,5.134323120E-1,8.856033783E0,1.154100037E0
2.639073037E1,4.607418823E-1,8.698411560E0,1.110839996E0
2.640073137E1,3.854484558E-1,8.482111359E0,9.683363342E-1
2.641073237E1,3.285667419E-1,8.218509521E0,8.279283142E-1
2.642073437E1,4.459226990E-1,7.969876556E0,1.046623535E0
2.643073537E1,6.553372192E-1,7.836503906E0,1.125659180E0
2.644073637E1,8.132588196E-1,7.779472504E0,1.240320740E0
2.645073837E1,9.868977356E-1,7.741301880E0,1.364712067E0
2.646073937E1,1.279838562E0,7.622299347E0,1.525178375E0
2.647074037E1,1.610800323E0,7.452552338E0,1.669777679E0
2.648074237E1,1.888173523E0,7.222480774E0,1.726060638E0
2.649074337E1,2.077679443E0,6.992409210E0,1.788929901E0
2.650074537E1,2.225721588E0,6.773264923E0,1.788480835E0
2.651074637E1,2.341730347E0,6.562353516E0,1.827549591E0
2.652074737E1,2.509531403E0,6.276298370E0,1.939816132E0
2.653074938E1,2.802921295E0,5.940546570E0,2.042203217E0
2.654075037E1,3.157683563E0,5.531746674E0,2.174827423E0
2.655075137E1,3.555406494E0,5.123246155E0,2.296224976E0
2.656075337E1,3.986060944E0,4.858147430E0,2.376308441E0
2.657075437E1,4.436474304E0,4.677473145E0,2.593506775E0
2.658075537E1,4.956492920E0,4.445006561E0,2.840792542E0
2.659075738E1,5.380411377E0,4.265230408E0,3.051853638E0
2.660075837E1,5.792953491E0,4.098028107E0,3.041375427E0
2.661075937E1,6.428531799E0,3.823798370E0,3.003204803E0
2.662076137E1,7.055278473E0,3.586691437E0,3.478915558E0
2.663076237E1,7.359745331E0,3.648662567E0,4.040098572E0
2.664076337E1,7.443720703E0,3.940555573E0,4.421355743E0
2.665076538E1,7.447013855E0,4.134851532E0,4.739144897E0
2.666076637E1,7.273524628E0,4.143533478E0,4.899760895E0
2.667076737E1,6.944359131E0,3.968098297E0,4.682263184E0
2.668076937E1,6.813830566E0,3.498075714E0,3.741170197E0
2.669077037E1,7.196285248E0,2.667602692E0,2.350711670E0
2.670077137E1,7.765701141E0,1.859582977E0,1.477427673E0
2.671077338E1,7.920329590E0,1.305585022E0,1.544188843E0
2.672077437E1,7.919880524E0,9.470805359E-1,2.282453613E0
2.673077537E1,8.253836060E0,6.477030945E-1,2.716251526E0
2.674077737E1,8.958570557E0,4.673281860E-1,2.878214722E0
2.675077837E1,9.904752960E0,4.333488464E-1,2.694846039E0
2.676078037E1,1.100526443E1,5.517526245E-1,2.114802246E0
2.677078138E1,1.198273178E1,5.324427795E-1,1.985321503E0
2.678078237E1,1.292891418E1,4.629872131E-1,2.001338196E0
2.679078437E1,1.380788635E1,2.890489197E-1,2.800975342E0
2.680078537E1,1.462324081E1,1.800755310E-1,4.069287872E0
2.681078637E1,1.526465698E1,3.179388428E-1,5.263205109E0
2.682078837E1,1.565414703E1,6.032455444E-1,6.060746613E0
2.683078938E1,1.581850525E1,9.108558655E-1,6.556216278E0
2.684079037E1,1.571581879E1,1.084045715E0,6.641688538E0
2.685079237E1,1.531450333E1,1.138831787E0,6.622079315E0
2.686079337E1,1.465811829E1,1.296304321E0,6.417155457E0
2.687079437E1,1.378468460E1,1.561702423E0,6.261479187E0
2.688079637E1,1.300286041E1,1.673370209E0,6.139931946E0
2.689079737E1,1.242027191E1,1.603465576E0,6.037395172E0
2.690079837E1,1.197449890E1,1.412313080E0,5.984854431E0
2.691080037E1,1.155447235E1,1.137334900E0,5.915398865E0
2.692080137E1,1.108085724E1,8.900491333E-1,5.617368622E0
2.693080237E1,1.050695068E1,6.716532898E-1,5.565276947E0
2.694080437E1,1.000249969E1,3.944297791E-1,5.281317444E0
2.695080537E1,9.663454742E0,-1.167572021E-2,5.422773285E0
2.696080637E1,9.480535126E0,-4.333488464E-1,5.544619904E0
2.697080837E1,9.332193604E0,-7.382647705E-1,5.685926056E0
2.698080937E1,9.225615234E0,-8.634045410E-1,5.887706451E0
2.699081137E1,9.276359711E0,-8.414002991E-1,6.068680115E0
2.700081237E1,9.433083801E0,-7.484436035E-1,6.341712341E0
2.701081337E1,9.563911743E0,-4.875361633E-1,6.587950287E0
2.702081537E1,9.577234039E0,-1.002914429E-1,6.792125702E0
2.703081637E1,9.569899292E0,2.414479065E-1,7.142696686E0
2.704081737E1,9.664352875E0,5.050497437E-1,7.304210815E0
2.705081937E1,9.706265717E0,7.917036438E-1,7.688611450E0
2.706082037E1,9.689350891E0,1.072220306E0,7.912396088E0
2.707082137E1,9.585017853E0,1.270857239E0,7.653883667E0
2.708082337E1,9.383836212E0,1.362616425E0,7.455995178E0
2.709082437E1,9.155261536E0,1.345252533E0,6.501579895E0
2.710082537E1,8.725654907E0,1.210832062E0,5.863007812E0
2.711082700E1,8.311765594E0,9.577084351E-1,4.990771637E0
2.712082800E1,7.714208221E0,6.153703308E-1,4.120331726E0
2.713082900E1,7.009473724E0,2.552192688E-1,3.805686035E0
2.714083100E1,6.414311371E0,-1.652563477E-1,3.752696228E0
2.715083200E1,6.147416382E0,-4.999603271E-1,3.686234436E0
2.716083300E1,6.243067474E0,-7.110214233E-1,3.911216583E0
2.717083500E1,6.726262665E0,-6.885681152E-1,4.098327484E0
2.718083600E1,7.405400391E0,-3.959266663E-1,4.055217133E0
2.719083700E1,8.053851929E0,5.508544922E-2,4.255201263E0
2.720083900E1,8.687035217E0,5.156776428E-1,4.550686798E0
2.721084000E1,9.344917145E0,8.346643066E-1,4.578528900E0
2.722084200E1,9.789342957E0,9.949809265E-1,5.219346313E0
2.723084300E1,1.007360184E1,1.097966766E0,5.710325317E0
2.724084400E1,1.012674133E1,1.025816803E0,5.615123291E0
2.725084600E1,9.889035645E0,8.532257080E-1,6.075715485E0
2.726084700E1,9.671388245E0,8.970845032E-1,6.008355560E0
2.727084800E1,9.627529449E0,8.095166016E-1,5.938450928E0
2.728085000E1,9.614955597E0,5.613327026E-1,5.990692291E0
2.729085100E1,9.432934113E0,7.978408813E-2,5.879024506E0
2.730085200E1,8.571325836E0,-2.080673218E-2,6.155349884E0
2.731085400E1,8.156089325E0,-3.698808289E-1,5.887856140E0
2.732085500E1,7.482939148E0,-3.941304016E-1,6.155349884E0
2.733085600E1,6.861431580E0,2.676434326E-1,5.334756317E0
2.734085800E1,7.139253845E0,4.942721558E-1,4.738097076E0
2.735085900E1,7.657176819E0,4.764591980E-1,4.749772797E0
2.736086000E1,7.650889893E0,9.301657104E-1,4.843328247E0
2.737086200E1,7.187004547E0,1.431922302E0,5.112468567E0
2.738086300E1,6.798412628E0,1.570084991E0,5.639522552E0
2.739086400E1,6.653364258E0,1.500629425E0,6.126609650E0
2.740086600E1,6.882388000E0,1.313518524E0,6.306385803E0
2.741086700E1,7.443121948E0,1.032103729E0,6.270310822E0
2.742086800E1,7.982899475E0,8.458909607E-1,6.229894867E0
2.743087000E1,8.266409912E0,7.635621643E-1,6.140680389E0
2.744087100E1,8.217312012E0,7.926017761E-1,6.005062408E0
2.745087300E1,7.960595856E0,7.750881958E-1,5.854625244E0
2.746087400E1,7.734266510E0,7.063810730E-1,5.709427185E0
2.747087500E1,7.652087402E0,6.997947693E-1,5.533692627E0
2.748087700E1,7.754474487E0,7.843688965E-1,5.370232544E0
2.749087800E1,7.926616516E0,9.478289795E-1,5.244643707E0
2.750087900E1,8.069569244E0,1.255139923E0,5.032235413E0
2.751088100E1,8.272247772E0,1.565744019E0,4.797822876E0
2.752088200E1,8.416847076E0,1.865121460E0,4.664300537E0
2.753088300E1,8.521928558E0,2.039359131E0,4.547094269E0
2.754088500E1,8.556656342E0,2.090103607E0,4.398603058E0
2.755088600E1,8.579259338E0,2.016606445E0,4.230802002E0
2.756088700E1,8.588090973E0,1.877845001E0,4.089944916E0
2.757088900E1,8.583001556E0,1.737287292E0,4.003424835E0
2.758089000E1,8.556806030E0,1.668131104E0,3.895798645E0
2.759089100E1,8.547675018E0,1.705702972E0,3.559897156E0
2.760089300E1,8.561596069E0,1.698368225E0,3.063080292E0
2.761089400E1,8.477620697E0,1.770218811E0,2.724933472E0
2.762089500E1,8.340206451E0,1.856888580E0,2.672093353E0
2.763089700E1,8.321944427E0,1.856738892E0,2.790347443E0
2.764089800E1,8.452023926E0,1.837429047E0,2.856210480E0
2.765090000E1,8.655600586E0,1.842069397E0,3.016377411E0
2.766090100E1,8.916957092E0,1.922901306E0,3.233426056E0
2.767090200E1,9.114396515E0,2.059716797E0,3.466192017E0
2.768090400E1,9.288484497E0,2.290387115E0,3.391946411E0
2.769090500E1,9.420959015E0,2.485581207E0,3.411256256E0
2.770090600E1,9.520052948E0,2.597997437E0,3.021466827E0
2.771090800E1,9.518106995E0,2.683020630E0,3.295995941E0
2.772090900E1,9.467212830E0,2.603984985E0,3.107088776E0
2.773091000E1,9.210945740E0,2.520009613E0,3.278182983E0
2.774091200E1,8.971144409E0,2.489622803E0,3.195854187E0
2.775091300E1,8.940458221E0,2.439477081E0,3.266806641E0
2.776091400E1,8.988059235E0,2.305355988E0,3.588038635E0
2.777091600E1,8.982221375E0,2.217339020E0,3.600462799E0
2.778091700E1,8.844657440E0,2.214494934E0,3.642824707E0
2.779091800E1,8.705446930E0,2.296823730E0,3.481011200E0
2.780092000E1,8.678502960E0,2.379451904E0,3.399580536E0
2.781092100E1,8.659492493E0,2.419718170E0,3.468437347E0
2.782092300E1,8.593779144E0,2.484084320E0,3.595822449E0
2.783092400E1,8.488997040E0,2.548300781E0,3.612587585E0
2.784092500E1,8.550070038E0,2.533032532E0,3.472478943E0
2.785092700E1,8.798104248E0,2.423310699E0,3.335214386E0
2.786092800E1,9.006470947E0,2.381996613E0,3.350482635E0
2.787092900E1,9.022637329E0,2.418820038E0,3.334615631E0
2.788093100E1,8.852740631E0,2.457140350E0,3.197949829E0
2.789093200E1,8.628057861E0,2.467768250E0,3.144361267E0
2.790093300E1,8.409362640E0,2.431992645E0,3.376977539E0
2.791093500E1,8.224646759E0,2.336940308E0,3.470233612E0
2.792093600E1,8.131839752E0,2.152823181E0,3.227588196E0
2.793093700E1,8.109536133E0,2.005529480E0,3.185375977E0
2.794093900E1,8.091723175E0,2.081421661E0,3.004552002E0
2.795094000E1,7.998167725E0,2.289339294E0,3.009791107E0
2.796094200E1,7.911198578E0,2.481689301E0,2.723885651E0
2.797094300E1,7.872728577E0,2.681523743E0,2.370769958E0
2.798094400E1,8.071664886E0,2.857407990E0,2.309397583E0
2.799094600E1,8.367898865E0,2.990930328E0,2.399210815E0
2.800094700E1,8.602311401E0,3.124752045E0,2.594255219E0
2.801094800E1,8.978628845E0,2.937042389E0,2.762355652E0
2.802095000E1,9.545799408E0,2.256557465E0,2.049687653E0
2.803095100E1,1.016595978E1,1.435215454E0,1.307830353E0
2.804095200E1,1.058104660E1,8.256829834E-1,1.187630310E0
2.805095400E1,1.061143341E1,5.963598633E-1,8.934919739E-1
2.806095500E1,1.028690826E1,8.574169922E-1,1.024918671E0
2.807095600E1,1.002450394E1,1.310524750E0,8.533753967E-1
2.808095800E1,1.015263748E1,1.754950562E0,8.168513489E-1
2.809095900E1,1.082563797E1,1.956132202E0,7.529342651E-1
2.810096000E1,1.183858154E1,1.826950836E0,5.712121582E-1
2.811096200E1,1.273596542E1,1.632355499E0,3.833528137E-1
2.812096300E1,1.313323929E1,1.423390045E0,4.360432434E-1
2.813096400E1,1.321931030E1,1.141376495E0,-3.058140564E-1
2.814096600E1,1.273686356E1,9.871971130E-1,-3.716770935E-1
2.815096700E1,1.207314377E1,9.888436890E-1,-4.035607910E-1
2.816096900E1,1.170116730E1,9.337582397E-1,-3.582051086E-1
2.817097000E1,1.162841858E1,8.220904541E-1,-6.008505249E-1
2.818097100E1,1.169009033E1,7.702981567E-1,-9.731263733E-1
2.819097300E1,1.159249329E1,7.482939148E-1,-5.966592407E-1
2.820097400E1,1.145343246E1,7.497908020E-1,-1.063837738E0
2.821097500E1,1.110675339E1,7.191046143E-1,-1.412612457E0
2.822097700E1,1.066487228E1,5.884263611E-1,-1.265019379E0
2.823097800E1,1.038106247E1,4.382885742E-1,-1.899400177E0
2.824097900E1,9.952204285E0,3.689826965E-1,-2.193239136E0
2.825098100E1,9.388177185E0,4.799020386E-1,-1.735790405E0
2.826098200E1,8.953032074E0,7.282356262E-1,-1.711989899E0
2.827098300E1,8.607999573E0,1.009949799E0,-1.679507446E0
2.828098500E1,8.342751160E0,1.238973541E0,-1.579365692E0
2.829098600E1,8.202792206E0,1.324445801E0,-1.453926544E0
2.830098800E1,8.248447266E0,1.219963074E0,-1.529219971E0
2.831098900E1,8.322992249E0,1.002016296E0,-1.431323547E0
2.832099000E1,8.361312561E0,9.032217407E-1,-1.204844513E0
2.833099200E1,8.402626648E0,9.859996033E-1,-6.514453125E-1
2.834099300E1,8.606652374E0,1.091829529E0,-5.745053101E-1
2.835099400E1,8.846004639E0,1.327439575E0,-4.245172119E-1
2.836099600E1,9.070388031E0,1.544188843E0,-1.826202393E-1
2.837099700E1,9.273365936E0,1.728904724E0,-1.152603149E-2
2.838099800E1,9.540859680E0,1.718875580E0,-5.613327026E-2
2.839100000E1,9.750124512E0,1.572180634E0,-5.912704468E-2
2.840100100E1,9.745933228E0,1.512754211E0,2.454895020E-2
2.841100200E1,9.684710541E0,1.431024170E0,1.733395386E-1
2.842100400E1,9.543254700E0,1.456022186E0,-4.864883423E-2
2.843100500E1,9.095835114E0,1.571731567E0,1.486408997E-1
2.844100600E1,8.731492767E0,1.771416321E0,1.225950623E-1
2.845100800E1,8.315358124E0,1.976639557E0,1.901046753E-2
2.846100900E1,7.995024261E0,2.120939484E0,1.092727661E-2
2.847101100E1,7.734266510E0,2.170336761E0,-4.191284180E-3
2.848101200E1,7.533084869E0,2.128723297E0,1.028361511E-1
2.849101300E1,7.470065918E0,2.040706329E0,2.609074402E-1
2.850101500E1,7.436535645E0,1.960024109E0,4.107458496E-1
2.851101600E1,7.358847198E0,2.048939209E0,6.156697083E-1
2.852101700E1,7.343429260E0,2.236648865E0,8.473878479E-1
2.853101900E1,7.493267670E0,2.255958710E0,1.007405090E0
2.854102000E1,7.822133789E0,2.127974854E0,1.164877625E0
2.855102100E1,8.172555084E0,1.954036560E0,1.405577087E0
2.856102300E1,8.367150421E0,1.996248779E0,1.625320129E0
2.857102400E1,8.304281158E0,2.255210266E0,1.903292084E0
2.858102500E1,8.153993683E0,2.487826538E0,2.293380890E0
2.859102700E1,8.204139404E0,2.443368988E0,2.575244751E0
2.860102800E1,8.375233612E0,2.202220459E0,2.665806427E0
2.861103000E1,8.576415253E0,1.974394226E0,2.674787750E0
2.862103100E1,8.640631714E0,1.957928467E0,2.758463745E0
2.863103200E1,8.642877045E0,2.024090881E0,2.914888458E0
2.864103400E1,8.643924866E0,2.095492401E0,3.115171967E0
2.865103500E1,8.605903931E0,2.185605011E0,3.311413879E0
2.866103600E1,8.759035492E0,2.221829681E0,3.380121002E0
2.867103800E1,9.075028381E0,2.173031158E0,3.373385010E0
2.868103900E1,9.514065399E0,1.998344421E0,3.335214386E0
2.869104000E1,9.850116577E0,1.841320953E0,3.321143646E0
2.870104200E1,9.954299927E0,1.782193909E0,3.343596954E0
2.871104300E1,9.904154205E0,1.808539124E0,3.514391785E0
2.872104400E1,9.870773621E0,1.752555542E0,3.717220001E0
2.873104600E1,9.786199493E0,1.789528656E0,4.061504059E0
2.874104700E1,9.687105560E0,1.727258148E0,4.297563171E0
2.875104900E1,9.611812134E0,1.568288727E0,4.531227264E0
2.876105000E1,9.520801392E0,1.333726501E0,4.698279877E0
2.877105100E1,9.219028931E0,1.119971008E0,4.934488678E0
2.878105300E1,8.777896271E0,1.218166809E0,5.215155029E0
2.879105400E1,8.384065247E0,1.207838287E0,5.390889587E0
2.880105500E1,8.032895508E0,1.279539185E0,5.443580017E0
2.881105700E1,7.847281494E0,1.333576813E0,5.273383942E0
2.882105800E1,7.849826202E0,1.299896851E0,5.233117676E0
2.883105900E1,7.909252625E0,1.230291595E0,5.206622772E0
2.884106100E1,7.926766205E0,1.144669647E0,5.176984406E0
2.885106200E1,7.938441925E0,1.078656921E0,5.057981873E0
2.886106300E1,7.966134338E0,1.031954041E0,4.999303894E0
2.887106500E1,8.098608856E0,1.002165985E0,5.050946503E0
2.888106600E1,8.270002441E0,1.025667114E0,5.221441956E0
2.889106800E1,8.502019958E0,1.075214081E0,5.576204224E0
2.890106900E1,8.790021057E0,1.081800385E0,5.962251434E0
2.891107000E1,9.020841064E0,1.053359528E0,6.416107635E0
2.892107200E1,9.077124023E0,1.266216888E0,6.834038544E0
2.893107300E1,9.130413208E0,1.153950348E0,7.161707153E0
2.894107400E1,9.172625427E0,7.119195557E-1,7.458240509E0
2.895107600E1,8.882828064E0,1.007405090E0,8.229885864E0
2.896107700E1,8.601413269E0,1.841770020E0,8.103698273E0
2.897107800E1,8.475824432E0,2.156116333E0,8.214318237E0
2.898108000E1,8.028704224E0,2.155517578E0,8.842561798E0
2.899108100E1,8.118218079E0,2.066153412E0,8.676107941E0
2.900108200E1,8.426876221E0,1.768871613E0,8.562943268E0
2.901108400E1,8.387957153E0,1.686542816E0,8.630003815E0
2.902108500E1,8.233777771E0,1.752405853E0,8.450227661E0
2.903108700E1,8.168513489E0,1.699416046E0,8.366102600E0
2.904108800E1,8.266260223E0,1.709445190E0,8.324489136E0
2.905108900E1,8.413254547E0,1.721569977E0,8.090375977E0
2.906109100E1,8.486152954E0,1.705253906E0,7.779322815E0
2.907109200E1,8.258626099E0,1.731000366E0,7.492818604E0
2.908109300E1,7.660919037E0,1.796863403E0,7.557783508E0
2.909109500E1,6.927444305E0,1.844763794E0,7.768395538E0
2.910109600E1,6.467151489E0,1.768123169E0,7.895481262E0
2.911109700E1,6.270909576E0,1.745819550E0,7.868686981E0
2.912109950E1,6.266119537E0,1.825004883E0,7.754175110E0
2.913110050E1,6.345903625E0,1.929637299E0,7.719147949E0
2.914110250E1,6.354435883E0,2.088906097E0,7.658224640E0
2.915110350E1,6.336473236E0,2.132764893E0,7.554340668E0
2.916110450E1,6.292464752E0,2.106569366E0,7.412735138E0
2.917110650E1,6.135441284E0,2.066752167E0,7.186256104E0
2.918110750E1,5.972130890E0,2.046693878E0,6.861431580E0
2.919110850E1,5.822142792E0,2.111359406E0,6.618486786E0
2.920111050E1,5.782774658E0,2.147584076E0,6.403084717E0
2.921111150E1,5.880072327E0,2.022743683E0,6.302044830E0
2.922111250E1,6.004014587E0,1.874551849E0,6.314468994E0
2.923111450E1,6.124663696E0,1.815574493E0,6.402935028E0
2.924111550E1,6.169570312E0,1.882036285E0,6.613097992E0
2.925111650E1,6.182593231E0,2.036365356E0,6.862928467E0
2.926111850E1,6.242319031E0,2.257305908E0,7.013964386E0
2.927111950E1,6.420897675E0,2.471809845E0,6.971003723E0
2.928112150E1,6.626270599E0,2.664159851E0,6.912026367E0
2.929112250E1,6.750063171E0,2.833757172E0,7.076983337E0
2.930112350E1,6.691235504E0,2.928510132E0,7.555089111E0
2.931112550E1,6.586303711E0,2.931803284E0,8.125403137E0
2.932112650E1,6.513554993E0,3.017425232E0,8.558153229E0
2.933112750E1,6.371500397E0,3.183430023E0,8.746162262E0
2.934112950E1,6.362070007E0,3.306174774E0,8.588839417E0
2.935113050E1,6.520740051E0,3.362158356E0,8.262817383E0
2.936113150E1,6.451434174E0,3.353925476E0,8.147706757E0
2.937113350E1,6.068530426E0,3.288361816E0,8.190517731E0
2.938113450E1,5.717061310E0,3.190615082E0,8.122559052E0
2.939113650E1,5.479056244E0,3.066523132E0,7.964038696E0
2.940113750E1,5.366939392E0,2.837200012E0,7.792196045E0
2.941113850E1,5.458399200E0,2.479294281E0,7.530091095E0
2.942114050E1,5.687273254E0,2.052681427E0,7.241940308E0
2.943114150E1,5.922134857E0,1.676962738E0,7.185657349E0
2.944114250E1,6.083798676E0,1.463356934E0,7.288643188E0
2.945114450E1,6.096671906E0,1.439107361E0,7.458090820E0
2.946114550E1,5.922883301E0,1.512305145E0,7.642657013E0
2.947114650E1,5.574108582E0,1.601519623E0,7.738457794E0
2.948114850E1,5.245392151E0,1.550924835E0,7.569908295E0
2.949114950E1,5.118007050E0,1.357976074E0,7.114405518E0
2.950115150E1,5.168302460E0,1.079405365E0,6.781198425E0
2.951115250E1,5.359754333E0,6.744973755E-1,6.477929077E0
2.952115350E1,5.516478424E0,2.799179077E-1,6.209986267E0
2.953115550E1,5.621410217E0,7.185058594E-2,6.045328674E0
2.954115650E1,5.729784851E0,2.260299683E-2,6.019881592E0
2.955115750E1,5.716013489E0,9.056167603E-2,6.068231049E0
2.956115950E1,5.515729980E0,1.405577087E-1,6.177204437E0
2.957116050E1,5.414989471E0,-9.280700684E-3,6.109545135E0
2.958116150E1,5.554798737E0,-3.016227722E-1,6.527476044E0
2.959116350E1,5.690416718E0,-6.653663635E-1,6.693929901E0
2.960116450E1,5.955814819E0,-9.258247375E-1,6.581363983E0
2.961116550E1,6.199058990E0,-1.054107971E0,6.805747375E0
2.962116750E1,6.472240906E0,-1.309177551E0,6.624624023E0
2.963116850E1,7.213349762E0,-1.685345306E0,6.230792999E0
2.964117050E1,8.335865479E0,-2.012115784E0,6.445147247E0
2.965117150E1,9.281000061E0,-2.029479675E0,6.793323212E0
2.966117250E1,9.779164124E0,-1.778302002E0,6.981332245E0
2.967117450E1,1.018601807E1,-1.574276276E0,7.231162720E0
2.968117550E1,1.055155792E1,-1.560953979E0,7.603887634E0
2.969117650E1,1.082938019E1,-1.666783905E0,7.808811493E0
2.970117850E1,1.095496902E1,-1.827699280E0,7.715256042E0
2.971117950E1,1.093416229E1,-1.945055237E0,7.560328217E0
2.972118050E1,1.073836945E1,-1.834734650E0,7.444020081E0
2.973118250E1,1.055964111E1,-1.689835968E0,7.449708252E0
2.974118350E1,1.041085052E1,-1.535207520E0,7.481891327E0
2.975118550E1,1.027433441E1,-1.581311646E0,7.497908020E0
2.976118650E1,1.011446686E1,-1.891766052E0,7.427254944E0
2.977118750E1,9.901609497E0,-2.420167236E0,7.096442871E0
2.978118950E1,9.708211670E0,-3.164868622E0,6.502178650E0
2.979119050E1,9.472451935E0,-4.136348419E0,5.767805786E0
2.980119150E1,9.015003204E0,-4.997208252E0,5.158872070E0
2.981119350E1,8.544381866E0,-5.651797028E0,4.935985565E0
2.982119450E1,8.195457458E0,-5.951024780E0,5.179229736E0
2.983119550E1,8.005352783E0,-5.931565247E0,5.238207092E0
2.984119750E1,7.844886475E0,-5.689817963E0,5.215903473E0
2.985119850E1,7.816744995E0,-5.223986664E0,5.235063629E0
2.986120050E1,7.996371460E0,-4.663851471E0,5.065765686E0
2.987120150E1,8.381969604E0,-4.132007446E0,4.600383453E0
2.988120250E1,8.943002930E0,-3.774999847E0,4.096531219E0
2.989120450E1,9.664951630E0,-3.730691986E0,3.668870544E0
2.990120550E1,1.030472122E1,-3.994593201E0,3.242108002E0
2.991120650E1,1.066517166E1,-4.390519867E0,2.833607483E0
2.992120850E1,1.061083466E1,-4.666096802E0,2.406395874E0
2.993120950E1,1.063328796E1,-4.866380310E0,1.861079865E0
2.994121050E1,1.095182556E1,-4.945565643E0,1.199156342E0
2.995121250E1,1.137439682E1,-4.879403229E0,5.345384216E-1
2.996121350E1,1.168769531E1,-4.612657928E0,6.563850403E-1
2.997121550E1,1.180370407E1,-4.101770325E0,1.071920929E0
2.998121650E1,1.166688858E1,-3.434607697E0,1.617087250E0
2.999121750E1,1.145507904E1,-2.959944763E0,2.123334503E0
3.000121950E1,1.127096191E1,-2.744393005E0,2.279908905E0
3.001122050E1,1.131047974E1,-2.742297363E0,2.026635590E0
3.002122150E1,1.142873383E1,-2.668800201E0,1.866618347E0
3.003122350E1,1.126003464E1,-2.525398407E0,2.576142883E0
3.004122450E1,1.010832962E1,-2.054328003E0,3.639681244E0
3.005122550E1,8.783584442E0,-1.616638184E0,3.600762177E0
3.006122750E1,8.099357300E0,-1.576072540E0,3.805536346E0
3.007122850E1,7.694299622E0,-1.791175232E0,3.410058746E0
3.008123050E1,7.408693542E0,-2.367177429E0,2.196681976E0
3.009123150E1,7.454947357E0,-3.019520874E0,1.063688049E0
3.010123250E1,7.785160675E0,-3.561693420E0,1.764830017E-1
3.011123450E1,8.259075165E0,-3.813769226E0,-3.079096985E-1
3.012123462E1,8.679401093E0,-3.892206116E0,-5.562432861E-1
3.013123562E1,9.026978302E0,-3.799548798E0,-5.685177612E-1
3.014123762E1,9.546248474E0,-3.737427979E0,-8.316705322E-1
3.015123862E1,1.013377670E1,-3.819906464E0,-1.403930511E0
3.016123962E1,1.063837738E1,-4.007915497E0,-1.751956787E0
3.017124162E1,1.091664871E1,-4.086801453E0,-1.931134186E0
3.018124262E1,1.086695206E1,-3.993246002E0,-1.425485687E0
3.019124462E1,1.061098434E1,-3.717519379E0,-4.531077576E-1
3.020124562E1,1.032073792E1,-3.446133728E0,2.234852600E-1
3.021124662E1,1.003543121E1,-3.379222870E0,5.222639465E-1
3.022124862E1,9.736053772E0,-3.358116760E0,6.177653503E-1
3.023124962E1,9.450298004E0,-3.317700806E0,5.959107971E-1
3.024125062E1,9.192534027E0,-3.221001892E0,7.044351196E-1
3.025125262E1,9.018146667E0,-3.114573212E0,1.004411316E0
3.026125362E1,9.032666473E0,-3.023861847E0,1.381926270E0
3.027125462E1,9.186396790E0,-2.986589355E0,1.455124054E0
3.028125662E1,9.322014771E0,-3.012335815E0,1.355730743E0
3.029125762E1,9.401649170E0,-3.009940796E0,1.093176727E0
3.030125962E1,9.436077576E0,-2.965183868E0,6.450086975E-1
3.031126062E1,9.442065125E0,-2.993774414E0,-3.906875610E-2
3.032126162E1,9.397607574E0,-3.088976440E0,-7.128176880E-1
3.033126362E1,9.373657379E0,-3.211721191E0,-1.182241516E0
3.034126462E1,9.399254150E0,-3.355422363E0,-1.129251709E0
3.035126562E1,9.644593964E0,-3.584446106E0,-4.596940613E-1
3.036126762E1,9.988428955E0,-3.922293549E0,7.634124756E-3
3.037126862E1,1.026191025E1,-4.355941772E0,4.879852295E-2
3.038126962E1,1.033675461E1,-4.700225830E0,1.017883301E-1
3.039127162E1,1.033600616E1,-4.934937744E0,-1.392105103E-1
3.040127262E1,1.011117371E1,-5.195845184E0,-5.637277222E-1
3.041127462E1,9.632020111E0,-5.315446472E0,-5.155279541E-1
3.042127562E1,9.522897034E0,-5.498964844E0,-1.562750244E-1
3.043127662E1,9.835596771E0,-5.936804352E0,4.116439819E-2
3.044127862E1,1.003947281E1,-6.286626892E0,3.113525391E-1
3.045127962E1,9.981842651E0,-6.441405029E0,6.969506836E-1
3.046128062E1,9.955048370E0,-6.572532349E0,9.048683167E-1
3.047128262E1,1.004501129E1,-6.697073364E0,1.073417816E0
3.048128362E1,1.016880386E1,-6.751859436E0,1.608554993E0
3.049128462E1,1.046354095E1,-6.807393951E0,2.106569366E0
3.050128662E1,1.075154205E1,-6.878795471E0,2.599045258E0
3.051128762E1,1.088461533E1,-6.758146362E0,3.620072021E0
3.052128962E1,1.109388016E1,-6.541546783E0,4.523293762E0
3.053129062E1,1.140987305E1,-6.403234406E0,5.165608063E0
3.054129162E1,1.166838547E1,-6.234535217E0,5.219196625E0
3.055129362E1,1.176224030E1,-5.835764465E0,5.223986664E0
3.056129462E1,1.175445648E1,-5.275778961E0,6.035449219E0
3.057129562E1,1.161000687E1,-4.681814117E0,7.534432068E0
3.058129762E1,1.147379013E1,-4.257446594E0,8.690328369E0
3.059129862E1,1.147468826E1,-4.152514801E0,9.461524658E0
3.060129962E1,1.150013535E1,-4.095184021E0,1.009874954E1
3.061130162E1,1.124581421E1,-3.464545441E0,1.002061203E1
3.062130262E1,1.066187851E1,-1.997595978E0,9.175918579E0
3.063130462E1,1.004186783E1,-1.580712891E-1,8.477321320E0
3.064130562E1,9.351653137E0,1.620979156E0,8.284372559E0
3.065130662E1,8.626261597E0,3.016976166E0,8.251890106E0
3.066130862E1,8.204588470E0,3.942800903E0,7.937843170E0
3.067130962E1,8.269852753E0,4.322261810E0,7.584128723E0
3.068131062E1,8.499774628E0,4.291575623E0,7.213050385E0
3.069131262E1,8.560997314E0,4.045038300E0,6.704408112E0
3.070131362E1,8.389304352E0,3.688479767E0,6.117927704E0
3.071131562E1,8.170609131E0,3.269650726E0,5.775439911E0
3.072131662E1,8.055049438E0,2.726879425E0,5.670358429E0
3.073131762E1,8.074958038E0,2.037263489E0,5.665119324E0
3.074131962E1,8.203840027E0,1.300944672E0,5.697003021E0
3.075132062E1,8.525072021E0,6.089337158E-1,5.629942474E0
3.076132162E1,9.024134216E0,1.242416382E-2,5.282664642E0
3.077132362E1,9.478289795E0,-4.002676392E-1,4.916526031E0
3.078132462E1,9.762997742E0,-4.014651489E-1,4.843328247E0
3.079132562E1,9.894574127E0,3.802093506E-2,4.889731750E0
3.080132762E1,9.986483002E0,8.283773804E-1,5.196443939E0
3.081132862E1,1.014605118E1,1.869761810E0,5.895340576E0
3.082133062E1,1.039348663E1,2.984942780E0,6.781348114E0
3.083133162E1,1.072819061E1,3.979624329E0,7.604636078E0
3.084133262E1,1.118339401E1,4.729265442E0,8.611442413E0
3.085133462E1,1.173784103E1,5.280269623E0,9.203311615E0
3.086133562E1,1.240365646E1,5.579048309E0,9.439221039E0
3.087133662E1,1.289792862E1,5.672454071E0,9.134305115E0
3.088133862E1,1.300465668E1,5.374124451E0,8.722661133E0
3.089133962E1,1.269105881E1,4.774172058E0,8.234376526E0
3.090134162E1,1.190145081E1,3.940256195E0,7.215894470E0
3.091134262E1,1.082279388E1,3.213966522E0,6.700366516E0
3.092134362E1,9.796677704E0,2.559976501E0,5.928870850E0
3.093134562E1,8.911717987E0,1.977388000E0,5.254523163E0
3.094134662E1,8.067174225E0,1.578766937E0,4.753065948E0
3.095134762E1,7.270530853E0,1.393302612E0,4.494852905E0
3.096134962E1,6.552174683E0,1.397942963E0,4.268972626E0
3.097135062E1,6.038892059E0,1.623523865E0,3.900289307E0
3.098135162E1,5.651946716E0,1.861379242E0,4.043391724E0
3.099135362E1,5.512885895E0,2.276765442E0,3.547472992E0
3.100135462E1,5.457800446E0,2.731519775E0,3.394042053E0
3.101135662E1,5.593717804E0,3.234174500E0,3.150498505E0
3.102135762E1,5.706732788E0,3.725901947E0,3.119363251E0
3.103135862E1,5.538033600E0,4.393663330E0,3.117566986E0
3.104136062E1,5.099745026E0,5.116210785E0,3.040776672E0
3.105136162E1,4.569846954E0,5.634133759E0,2.879711609E0
3.106136262E1,4.058659973E0,5.890251160E0,2.715353394E0
3.107136462E1,3.525917816E0,5.868396606E0,2.545756073E0
3.108136562E1,3.052602081E0,5.572462006E0,2.282752991E0
3.109136762E1,2.776576080E0,5.167554016E0,2.029779053E0
3.110136862E1,2.698737946E0,4.897964630E0,1.973196716E0
3.111136962E1,2.682122498E0,4.830005951E0,1.985770569E0
3.112137212E1,2.580783234E0,5.014123077E0,2.031575317E0
3.113137312E1,2.496658173E0,5.461093597E0,1.969454498E0
3.114137412E1,2.624642029E0,5.973029022E0,1.861528931E0
3.115137612E1,2.952160950E0,6.435118103E0,1.846260681E0
3.116137712E1,3.278182983E0,6.940317535E0,1.947899323E0
3.117137912E1,3.277584229E0,7.754474487E0,2.194586334E0
3.118138012E1,3.041824493E0,8.437653809E0,2.435285797E0
3.119138112E1,2.922223206E0,8.766220551E0,2.450254669E0
3.120138312E1,3.178190918E0,8.371042328E0,2.214494934E0
3.121138412E1,3.606749725E0,7.643255768E0,1.897154846E0
3.122138512E1,3.835773468E0,7.200177155E0,2.005529480E0
3.123138712E1,3.427572327E0,7.103328552E0,2.294728088E0
3.124138812E1,2.603386230E0,7.169191589E0,2.953059082E0
3.125138912E1,1.604663086E0,7.376360779E0,3.733685760E0
3.126139112E1,6.887178040E-1,7.631729736E0,3.794758759E0
3.127139212E1,-7.514373779E-2,7.791148224E0,3.253035278E0
3.128139412E1,-7.214996338E-1,7.642058258E0,2.685415649E0
3.129139512E1,-1.495540009E0,7.442972260E0,2.130669250E0
3.130139612E1,-2.409689026E0,7.376809845E0,1.855092316E0
3.131139812E1,-3.219355316E0,7.591313782E0,1.872456207E0
3.132139912E1,-3.954027557E0,7.856861572E0,1.875599670E0
3.133140012E1,-4.359983368E0,8.156987457E0,1.767374725E0
3.134140212E1,-4.199067993E0,8.585097198E0,1.656904449E0
3.135140312E1,-3.721860352E0,8.957373047E0,1.752405853E0
3.136140512E1,-3.226690063E0,9.261390839E0,1.863774261E0
3.137140612E1,-2.655627594E0,9.420360260E0,1.976938934E0
3.138140712E1,-1.951342163E0,9.325158234E0,2.113305359E0
3.139140912E1,-1.318158875E0,9.193881226E0,2.339485016E0
3.140141012E1,-8.261320496E-1,9.186097412E0,2.525847473E0
3.141141112E1,-5.162763977E-1,9.347761230E0,2.517165527E0
3.142141312E1,-2.868035889E-1,9.547745361E0,2.410437469E0
3.143141412E1,-6.765930176E-2,9.600884857E0,2.221679993E0
3.144141612E1,1.216969299E-1,9.483379211E0,2.037263489E0
3.145141712E1,2.430944824E-1,9.258097687E0,1.872755585E0
3.146141812E1,3.213816833E-1,9.032367096E0,1.755249939E0
3.147142012E1,3.812571716E-1,8.813821564E0,1.639390869E0
3.148142112E1,3.770658875E-1,8.678353271E0,1.456321564E0
3.149142212E1,4.456233215E-1,8.611292725E0,1.317709808E0
3.150142412E1,7.017407227E-1,8.682993622E0,1.279688873E0
3.151142512E1,1.026565247E0,8.859476624E0,1.461860046E0
3.152142712E1,1.335073700E0,9.056167603E0,1.697619781E0
3.153142812E1,1.568887482E0,9.161398773E0,1.928589478E0
3.154142912E1,1.718875580E0,9.162296906E0,2.093396759E0
3.155143112E1,1.789079590E0,9.093440094E0,2.075134735E0
3.156143212E1,1.745071106E0,8.977581024E0,2.052232361E0
3.157143312E1,1.632205811E0,8.898695068E0,2.029030609E0
3.158143512E1,1.493444366E0,8.798104248E0,1.915416870E0
3.159143612E1,1.405128021E0,8.634344788E0,1.765728149E0
3.160143812E1,1.407822418E0,8.399034119E0,1.651515656E0
3.161143912E1,1.472188568E0,8.092471619E0,1.653611298E0
3.162144012E1,1.600471802E0,7.821535034E0,1.731898499E0
3.163144212E1,1.702709198E0,7.662565613E0,1.749112701E0
3.164144312E1,1.711241455E0,7.586972809E0,1.684896240E0
3.165144412E1,1.688339081E0,7.600145416E0,1.642833710E0
3.166144612E1,1.716779938E0,7.633675690E0,1.592687988E0
3.167144712E1,1.761686554E0,7.577991486E0,1.533261566E0
3.168144912E1,1.889071655E0,7.333100739E0,1.408720551E0
3.169145012E1,2.135159912E0,6.807244263E0,1.247206421E0
3.170145112E1,2.438129883E0,6.145320740E0,1.140328674E0
3.171145312E1,2.667902069E0,5.464237061E0,1.150058441E0
3.172145412E1,2.867137756E0,4.900060272E0,1.174008636E0
3.173145512E1,3.058140564E0,4.490511932E0,1.155297546E0
3.174145712E1,3.245999908E0,4.225113831E0,1.205443268E0
3.175145812E1,3.469784546E0,3.927382965E0,1.123413849E0
3.176146012E1,3.730093231E0,3.553610229E0,9.578581238E-1
3.177146112E1,4.055965576E0,3.087030487E0,7.685018921E-1
3.178146212E1,4.324656830E0,2.642305298E0,6.718029785E-1
3.179146412E1,4.570595398E0,2.143692169E0,5.426216125E-1
3.180146512E1,4.667144623E0,1.790127411E0,7.235952759E-1
3.181146612E1,4.691693573E0,1.482816467E0,9.062155151E-1
3.182146812E1,5.030738525E0,1.009949799E0,9.906399536E-1
3.183146912E1,5.573809204E0,4.183799744E-1,1.063688049E0
3.184147112E1,6.054908752E0,-2.547702026E-1,1.519190826E0
3.185147212E1,6.731352081E0,-7.295828247E-1,1.969155121E0
3.186147312E1,7.591164093E0,-9.822573853E-1,2.256856842E0
3.187147512E1,8.521479492E0,-1.023721161E0,2.014361115E0
3.188147612E1,9.457183685E0,-9.711804199E-1,1.833686829E0
3.189147712E1,1.049512527E1,-1.018931122E0,1.817221069E0
3.190147912E1,1.142873383E1,-1.073268127E0,1.935924225E0
3.191148012E1,1.206730591E1,-1.242117004E0,2.789748688E0
3.192148212E1,1.256936188E1,-1.526675262E0,3.631598053E0
3.193148312E1,1.313234116E1,-2.030677185E0,4.553830261E0
3.194148412E1,1.396490982E1,-2.734513550E0,4.997208252E0
3.195148612E1,1.497815277E1,-3.355572052E0,5.140909424E0
3.196148712E1,1.568932388E1,-3.742517395E0,5.097649384E0
3.197148812E1,1.594693817E1,-3.519930267E0,5.512137451E0
3.198149012E1,1.586790253E1,-3.021616516E0,5.713169403E0
3.199149112E1,1.566552338E1,-2.529739380E0,5.906567230E0
3.200149312E1,1.605097183E1,-2.758912811E0,5.861959991E0
3.201149412E1,1.634091888E1,-3.042423248E0,5.705834656E0
3.202149512E1,1.622670639E1,-3.057092743E0,5.707181854E0
3.203149712E1,1.572195602E1,-2.933599548E0,6.081703033E0
3.204149812E1,1.492875549E1,-2.623145142E0,6.155649261E0
3.205149912E1,1.416025360E1,-2.447410583E0,5.864355011E0
3.206150112E1,1.357691666E1,-2.688708801E0,5.472919006E0
3.207150212E1,1.298759216E1,-3.084934845E0,5.164560242E0
3.208150412E1,1.240620117E1,-3.348536682E0,4.867278442E0
3.209150512E1,1.181298477E1,-3.470083923E0,4.615202637E0
3.210150612E1,1.122770187E1,-3.503763885E0,4.388124847E0
3.211150812E1,1.075363770E1,-3.593876495E0,3.976181488E0
3.212150942E1,1.050260971E1,-3.698808289E0,3.633094940E0
3.213151042E1,1.031055908E1,-3.775748291E0,3.546574860E0
3.214151242E1,1.007405090E1,-3.739074554E0,3.710034943E0
3.215151342E1,9.793085175E0,-3.467090149E0,4.006418610E0
3.216151542E1,9.586814117E0,-3.054548035E0,4.226161652E0
3.217151642E1,9.523046722E0,-2.732567596E0,4.383035431E0
3.218151742E1,9.526339874E0,-2.598895569E0,4.367168427E0
3.219151942E1,9.545200653E0,-2.624642029E0,4.215084686E0
3.220152042E1,9.500593414E0,-2.663261719E0,4.055366821E0
3.221152142E1,9.347611542E0,-2.711311798E0,3.953129425E0
3.222152342E1,9.144334259E0,-2.796933746E0,3.923640747E0
3.223152442E1,8.950936432E0,-2.862048340E0,3.926933899E0
3.224152642E1,8.799601135E0,-2.958747253E0,4.015399933E0
3.225152742E1,8.465495911E0,-3.044967957E0,4.048181763E0
3.226152842E1,8.026009827E0,-2.993774414E0,3.964356079E0
3.227153042E1,7.755222931E0,-3.021167450E0,3.899989929E0
3.228153142E1,7.591912537E0,-3.171604614E0,3.877686310E0
3.229153242E1,7.378755798E0,-3.302731934E0,3.731440430E0
3.230153442E1,7.319928131E0,-3.277733917E0,3.458408203E0
3.231153542E1,7.350764008E0,-3.089874573E0,3.217109985E0
3.232153742E1,7.358398132E0,-2.812800751E0,3.031346283E0
3.233153842E1,7.451504517E0,-2.601889343E0,2.932551727E0
3.234153942E1,7.670648804E0,-2.562072144E0,2.874023438E0
3.235154142E1,8.023315430E0,-2.659220123E0,2.799029388E0
3.236154242E1,8.395291901E0,-2.831960907E0,2.848127289E0
3.237154342E1,8.745563507E0,-2.985840912E0,3.117866364E0
3.238154542E1,9.025331726E0,-2.888992310E0,3.524869995E0
3.239154642E1,9.278305664E0,-2.851869507E0,4.011807404E0
3.240154842E1,9.518705750E0,-2.730621643E0,4.571792908E0
3.241154942E1,9.821376343E0,-2.691253510E0,5.035678253E0
3.242155042E1,1.025726990E1,-2.555785217E0,5.077591095E0
3.243155242E1,1.056832306E1,-2.661315765E0,5.141208801E0
3.244155342E1,1.048120422E1,-2.650837555E0,5.465584259E0
3.245155442E1,1.011207184E1,-2.445015564E0,5.788013763E0
3.246155642E1,9.779463501E0,-2.182611237E0,5.927823029E0
3.247155742E1,9.600435791E0,-1.989961853E0,6.046975250E0
3.248155942E1,9.546547852E0,-1.931283875E0,6.372398529E0
3.249156042E1,9.459578705E0,-2.177671509E0,6.897057495E0
3.250156142E1,9.306746521E0,-2.246079254E0,7.151678009E0
3.251156342E1,9.194479980E0,-2.459535370E0,6.366111603E0
3.252156442E1,9.052575073E0,-2.470911713E0,5.293591919E0
3.253156542E1,8.477620697E0,-2.311193848E0,5.014422455E0
3.254156742E1,7.173831940E0,-1.885628815E0,5.612877960E0
3.255156842E1,6.159241791E0,-1.490899658E0,6.153553619E0
3.256157042E1,5.969885559E0,-1.252445526E0,6.205944672E0
3.257157142E1,6.276747437E0,-1.020128632E0,6.122268677E0
3.258157242E1,6.710695038E0,-6.243516541E-1,6.181395721E0
3.259157442E1,6.901997223E0,-8.756790161E-2,6.233337708E0
3.260157542E1,6.600524139E0,4.394860840E-1,6.305188293E0
3.261157642E1,6.101911011E0,6.894662476E-1,6.159840546E0
3.262157842E1,5.705086212E0,5.150788879E-1,6.056854706E0
3.263157942E1,5.392835541E0,-2.739303589E-2,6.092330933E0
3.264158142E1,5.172942810E0,-6.472540283E-1,6.001469879E0
3.265158242E1,4.733456726E0,-1.046922913E0,5.814658356E0
3.266158342E1,4.038302307E0,-1.052611084E0,5.672304382E0
3.267158542E1,3.725602570E0,-8.425978088E-1,5.341492310E0
3.268158642E1,4.045337677E0,-7.330256653E-1,5.213358765E0
3.269158742E1,4.748575287E0,-7.646099854E-1,5.491779785E0
3.270158942E1,5.635480957E0,-8.071215820E-1,5.978866882E0
3.271159042E1,6.572532349E0,-7.827223206E-1,6.392905884E0
3.272159242E1,7.487280121E0,-7.695497131E-1,6.615493011E0
3.273159342E1,8.419541473E0,-7.984396362E-1,6.749763794E0
3.274159442E1,9.243577881E0,-8.241860962E-1,6.856042786E0
3.275159642E1,9.931996307E0,-7.870632935E-1,6.855144653E0
3.276159742E1,1.035082535E1,-6.755451965E-1,6.880891113E0
3.277159942E1,1.041384430E1,-4.818479919E-1,7.024292908E0
3.278160042E1,1.035037628E1,-2.902464294E-1,7.118596802E0
3.279160142E1,1.032702484E1,-2.695893860E-1,7.137906647E0
3.280160342E1,1.035337006E1,-3.736230469E-1,7.301815796E0
3.281160442E1,1.029813492E1,-6.015989685E-1,7.383396149E0
3.282160542E1,1.014036301E1,-7.825726318E-1,7.304809570E0
3.283160742E1,9.958191833E0,-9.267228699E-1,7.055278473E0
3.284160842E1,9.808652802E0,-1.142274628E0,6.685697021E0
3.285161042E1,9.668095093E0,-1.338366852E0,6.204447784E0
3.286161142E1,9.522298279E0,-1.437161407E0,5.674699402E0
3.287161242E1,9.255702667E0,-1.435514832E0,5.327720947E0
3.288161442E1,8.923543396E0,-1.365610199E0,5.199437714E0
3.289161542E1,8.549920349E0,-1.240919495E0,5.103636932E0
3.290161642E1,8.244405670E0,-1.158740387E0,4.941973114E0
3.291161842E1,8.045619049E0,-1.186133423E0,4.723128204E0
3.292161942E1,8.059390411E0,-1.408121796E0,4.371359711E0
3.293162142E1,8.254584503E0,-1.782942352E0,3.797004089E0
3.294162242E1,8.788823547E0,-2.345472565E0,3.070415039E0
3.295162342E1,9.530082092E0,-2.884651337E0,2.624791718E0
3.296162542E1,1.010458740E1,-2.995870056E0,2.644550629E0
3.297162642E1,1.042641815E1,-2.722837830E0,2.921025696E0
3.298162842E1,1.043240570E1,-2.262245636E0,3.582500153E0
3.299162942E1,9.971963196E0,-1.801803131E0,4.664150848E0
3.300163042E1,9.237590332E0,-1.461560669E0,5.833818512E0
3.301163242E1,8.554560699E0,-1.185534668E0,6.490951996E0
3.302163342E1,7.945028229E0,-1.124761047E0,6.495891724E0
3.303163442E1,7.338938599E0,-1.410367126E0,6.621630249E0
3.304163642E1,6.889722748E0,-1.829046478E0,5.889652405E0
3.305163742E1,6.603966980E0,-2.153122559E0,5.052293701E0
3.306163942E1,6.512207794E0,-2.432292023E0,4.318968658E0
3.307164042E1,6.577472076E0,-2.688409424E0,3.634292450E0
3.308164142E1,6.432124329E0,-2.811303864E0,3.245101776E0
3.309164342E1,5.969286804E0,-2.616708527E0,2.968926086E0
3.310164442E1,5.450316010E0,-2.642005920E0,2.740501099E0
3.311164542E1,4.970563660E0,-2.857407990E0,2.353106689E0
3.312164725E1,4.661606140E0,-3.023861847E0,2.011517029E0
3.313164825E1,4.515210571E0,-3.297343140E0,1.725312195E0
3.314165025E1,4.353247375E0,-3.816313934E0,1.885778503E0
3.315165125E1,4.700824585E0,-4.701273651E0,1.247954865E0
3.316165225E1,5.339246979E0,-5.597160645E0,4.059558105E-1
3.317165425E1,5.948330383E0,-6.280040588E0,6.361770630E-2
3.318165525E1,6.691385193E0,-6.694828033E0,-7.261399841E-1
3.319165625E1,7.467670898E0,-7.020101624E0,-6.610253906E-1
3.320165825E1,8.175548859E0,-7.092401276E0,-1.103205872E0
3.321165925E1,8.828341370E0,-6.815626831E0,-4.472698975E-1
3.322166125E1,9.770781555E0,-6.681805115E0,-3.821553040E-1
3.323166225E1,1.063343765E1,-6.535708923E0,-1.654060364E-1
3.324166325E1,1.136736145E1,-6.280789032E0,-1.344204712E-1
3.325166525E1,1.181103882E1,-6.096522217E0,7.214996338E-1
3.326166625E1,1.225142303E1,-6.102060699E0,6.707551575E-1
3.327166725E1,1.266037262E1,-6.118975525E0,6.957531738E-1
3.328166925E1,1.281080978E1,-6.226152649E0,1.517244873E0
3.329167025E1,1.276156219E1,-6.556216278E0,9.764195251E-1
3.330167225E1,1.232836304E1,-6.693331146E0,1.221759338E0
3.331167325E1,1.185070633E1,-6.780749359E0,9.639953613E-1
3.332167425E1,1.116543137E1,-6.862629089E0,9.758207703E-1
3.333167625E1,1.050874695E1,-6.909481659E0,9.753717041E-1
3.334167725E1,1.001417542E1,-6.844516754E0,8.662486267E-1
3.335167925E1,9.660760345E0,-6.812483368E0,7.143145752E-1
3.336168025E1,9.537865906E0,-7.086413727E0,4.209246826E-1
3.337168125E1,9.448801117E0,-7.467820587E0,5.119354248E-2
3.338168325E1,9.294022980E0,-7.720944214E0,-2.200424194E-1
3.339168425E1,9.048383789E0,-7.669600983E0,-2.350112915E-1
3.340168525E1,8.744216309E0,-7.409741364E0,-1.074765015E-1
3.341168725E1,8.448281708E0,-7.087012482E0,-3.412902832E-2
3.342168825E1,8.282875671E0,-6.799759827E0,-2.290237427E-2
3.343169025E1,8.238418121E0,-6.601122894E0,-5.239105225E-3
3.344169125E1,8.170160065E0,-6.418352966E0,-1.826202393E-2
3.345169225E1,8.114326172E0,-6.225404205E0,-8.098159790E-2
3.346169425E1,8.184530182E0,-6.065536652E0,7.559280396E-2
3.347169525E1,8.442144470E0,-5.867498474E0,2.685415649E-1
3.348169725E1,8.891360321E0,-5.683231659E0,3.278182983E-2
3.349169825E1,9.462273102E0,-5.506449280E0,4.550537109E-2
3.350169925E1,9.845476227E0,-5.198988647E0,6.827302551E-1
3.351170125E1,9.868378601E0,-4.755760345E0,1.117725677E0
3.352170225E1,9.839638367E0,-4.344565430E0,1.562151489E0
3.353170325E1,9.852960663E0,-4.051774292E0,2.032772827E0
3.354170525E1,9.809850311E0,-3.913461914E0,2.409689026E0
3.355170625E1,9.729766846E0,-3.892505493E0,2.659070435E0
3.356170825E1,9.589807892E0,-3.974235535E0,2.602188721E0
3.357170925E1,9.612859955E0,-4.063000946E0,2.310744781E0
3.358171025E1,9.842033386E0,-4.144132233E0,1.754950562E0
3.359171225E1,1.032268387E1,-4.173620911E0,1.690434723E0
3.360171325E1,1.060275146E1,-3.985611877E0,2.830164642E0
3.361171425E1,1.024245071E1,-3.518583069E0,3.601510620E0
3.362171625E1,9.892478485E0,-3.194207611E0,3.358865204E0
3.363171725E1,9.968370667E0,-3.006647644E0,3.301983490E0
3.364171925E1,9.995314636E0,-2.931054840E0,2.956352234E0
3.365172025E1,9.993218994E0,-3.058589630E0,1.962119751E0
3.366172125E1,9.962832184E0,-3.112926636E0,2.075733490E0
3.367172325E1,9.613758087E0,-3.075055389E0,2.081122284E0
3.368172425E1,9.348958740E0,-2.947969666E0,2.255659332E0
3.369172625E1,9.155710602E0,-2.728975067E0,2.328857117E0
3.370172725E1,9.230405273E0,-2.621049500E0,1.738185425E0
3.371172825E1,9.445358276E0,-2.578986969E0,1.422042847E0
3.372173025E1,9.467362518E0,-2.540067902E0,8.170010376E-1
3.373173125E1,9.362580414E0,-2.551294556E0,-2.918930054E-1
3.374173225E1,9.375004578E0,-2.488275604E0,-1.078956299E0
3.375173425E1,9.693093109E0,-2.417323151E0,-1.372046814E0
3.376173525E1,9.960736542E0,-2.232756958E0,-1.311273193E0
3.377173725E1,1.013018417E1,-1.921105042E0,-1.068627777E0
3.378173825E1,1.011416748E1,-1.445993042E0,-5.375321960E-1
3.379173925E1,1.003079086E1,-1.176703033E0,-2.993774414E-1
3.380174125E1,1.017224670E1,-1.093775482E0,1.960922241E-2
3.381174225E1,1.028735733E1,-1.122815094E0,3.725752258E-1
3.382174425E1,1.014679962E1,-1.348845062E0,2.329156494E-1
3.383174525E1,9.753417664E0,-1.695224762E0,8.696914673E-2
3.384174625E1,9.168883209E0,-2.029180298E0,-2.338137817E-1
3.385174825E1,8.573870544E0,-2.240690460E0,-7.643106079E-1
3.386174925E1,8.202492828E0,-2.310295715E0,-1.072968750E0
3.387175025E1,8.076005859E0,-2.307152252E0,-1.730102234E0
3.388175225E1,7.770491180E0,-2.160606995E0,-1.345851288E0
3.389175325E1,7.311096497E0,-2.127525787E0,-2.392474823E0
3.390175525E1,7.279512177E0,-2.205962677E0,-2.935395813E0
3.391175625E1,7.261399841E0,-2.182162170E0,-2.991529083E0
3.392175725E1,6.835535431E0,-1.900897064E0,-2.884052582E0
3.393175925E1,6.290818176E0,-1.346450043E0,-2.726430359E0
3.394176025E1,6.217770081E0,-1.028361511E0,-2.134561157E0
3.395176125E1,6.755002899E0,-1.043779449E0,-1.374292145E0
3.396176325E1,7.328460388E0,-1.210832062E0,-9.942324829E-1
3.397176425E1,7.887996826E0,-1.699865112E0,-5.078938293E-1
3.398176625E1,8.475075989E0,-2.398462372E0,-2.930905151E-1
3.399176725E1,8.868158569E0,-3.023562469E0,2.163002014E-1
3.400176825E1,9.175170135E0,-3.219205627E0,1.666035461E-1
3.401177025E1,9.514664154E0,-3.057841187E0,4.032614136E-1
3.402177125E1,9.942474518E0,-2.573747864E0,5.292993164E-1
3.403177325E1,1.033106644E1,-1.823208618E0,6.321354675E-1
3.404177425E1,1.051638107E1,-1.065035248E0,7.954458618E-1
3.405177525E1,1.064900528E1,-3.650907898E-1,1.384321289E0
3.406177725E1,1.090901459E1,3.757186890E-2,1.482068024E0
3.407177825E1,1.112890732E1,2.050735474E-1,1.655706940E0
3.408177925E1,1.111453720E1,2.586621094E-1,2.145488434E0
3.409178125E1,1.113279922E1,9.999206543E-2,2.038460999E0
3.410178225E1,1.089718918E1,2.260299683E-2,2.267335052E0
3.411178425E1,1.042626846E1,3.547622681E-2,2.182012482E0
3.412178525E1,9.869576111E0,1.281335449E-1,1.933678894E0
3.413178625E1,9.401948547E0,1.989363098E-1,1.838327179E0
3.414178825E1,9.050479431E0,3.137475586E-1,1.619931335E0
3.415178925E1,8.896300049E0,3.800596619E-1,1.397643585E0
3.416179125E1,8.840017090E0,4.191284180E-1,1.111139374E0
3.417179225E1,8.794960785E0,4.240681458E-1,1.428928528E0
3.418179325E1,8.852890320E0,3.363505554E-1,1.130449219E0
3.419179525E1,8.848100281E0,3.052153015E-1,1.404978333E0
3.420179625E1,8.810229034E0,2.770738220E-1,1.794169006E0
3.421179825E1,8.765172729E0,3.330574036E-1,1.665736084E0
3.422179925E1,8.822204132E0,3.285667419E-1,1.694027252E0
3.423180025E1,9.118438110E0,3.023712158E-1,2.231559448E0
3.424180225E1,9.706565094E0,2.143542480E-1,2.676733704E0
3.425180325E1,1.026984375E1,1.814227295E-1,3.263064423E0
3.426180425E1,1.092188782E1,2.906954956E-1,3.572770386E0
3.427180625E1,1.145073807E1,6.950047302E-1,4.206851807E0
3.428180725E1,1.179981216E1,1.022373962E0,4.150718536E0
3.429180925E1,1.185654419E1,1.406624908E0,4.421655121E0
3.430181025E1,1.194321396E1,1.507066040E0,3.975582733E0
3.431181125E1,1.173290131E1,1.405577087E0,3.565435638E0
3.432181325E1,1.146900009E1,1.280287628E0,3.731739807E0
3.433181425E1,1.162273041E1,8.584648132E-1,4.019441528E0
3.434181625E1,1.224633362E1,2.891986084E-1,4.508923645E0
3.435181725E1,1.293999115E1,1.930984497E-1,5.962999878E0
3.436181825E1,1.380983231E1,1.862127686E-1,5.750292206E0
3.437182025E1,1.423839111E1,-1.478924561E-1,4.694986725E0
3.438182125E1,1.325014618E1,2.360591125E-1,3.237467651E0
3.439182225E1,1.167751648E1,8.696914673E-1,5.162763977E-1
3.440182425E1,1.048075516E1,1.107546844E0,5.989045715E-1
3.441182525E1,1.031654663E1,1.294208679E0,2.796933746E0
3.442182725E1,1.117246674E1,1.493743744E0,4.262685699E0
3.443182825E1,1.215726883E1,1.770218811E0,5.079986115E0
3.444182925E1,1.297876053E1,2.446362762E0,5.057832184E0
3.445183125E1,1.311856979E1,3.051853638E0,4.181255035E0
3.446183225E1,1.238434662E1,3.090623016E0,3.786226501E0
3.447183425E1,1.131856293E1,2.875370636E0,3.618275757E0
3.448183525E1,1.067235672E1,2.056723022E0,4.130360870E0
3.449183625E1,1.055904236E1,1.262025604E0,4.600233765E0
3.450183825E1,1.046458878E1,9.053173828E-1,4.829257507E0
3.451183925E1,1.010578491E1,1.058299255E0,4.809498596E0
3.452184125E1,9.529932404E0,1.538800049E0,4.381089478E0
3.453184225E1,8.885522461E0,2.078128510E0,4.090543671E0
3.454184325E1,8.445737000E0,2.493963776E0,3.799698486E0
3.455184525E1,8.261021118E0,2.621947632E0,3.542084198E0
3.456184625E1,8.161478119E0,2.531236267E0,3.559747467E0
3.457184725E1,7.993377686E0,2.431842957E0,3.749253387E0
3.458184925E1,7.717201996E0,2.442021790E0,3.939657440E0
3.459185025E1,7.417076111E0,2.728526001E0,4.128863983E0
3.460185225E1,7.223678284E0,3.222049713E0,4.423002319E0
3.461185325E1,7.172634430E0,3.751648407E0,4.699178009E0
3.462185425E1,7.056475983E0,4.256997528E0,4.690346375E0
3.463185625E1,6.869215393E0,4.696782990E0,4.421355743E0
3.464185725E1,6.674320679E0,4.984784088E0,3.999682617E0
3.465185925E1,6.271358643E0,5.068011017E0,3.641477509E0
3.466186025E1,5.659580841E0,4.977599030E0,3.428620148E0
3.467186125E1,5.069507904E0,4.773573303E0,3.363954620E0
3.468186325E1,4.579876099E0,4.637356567E0,3.382815399E0
3.469186425E1,4.210444336E0,4.637655945E0,3.357667694E0
3.470186625E1,4.044439545E0,4.708608398E0,3.172502747E0
3.471186725E1,3.992497559E0,4.830455017E0,2.911295929E0
3.472186825E1,3.955075378E0,4.962181091E0,2.481988678E0
3.473187025E1,3.827839966E0,5.118755493E0,1.997745667E0
3.474187125E1,3.625011749E0,5.403014374E0,1.607956238E0
3.475187225E1,3.422931976E0,5.860463104E0,1.316811676E0
3.476187425E1,3.251987457E0,6.401887207E0,1.239422607E0
3.477187525E1,3.165916443E0,6.922504578E0,1.133143616E0
3.478187725E1,3.260819092E0,7.328310699E0,1.124311981E0
3.479187825E1,3.584296417E0,7.537874908E0,1.131347351E0
3.480187925E1,3.971990204E0,7.604037323E0,1.381926270E0
3.481188125E1,4.217629395E0,7.714058533E0,1.613494720E0
3.482188225E1,4.271068268E0,7.900420990E0,1.851200409E0
3.483188425E1,4.150419159E0,8.074508972E0,1.966011658E0
3.484188525E1,3.937561798E0,8.140222321E0,1.766925659E0
3.485188625E1,3.710184631E0,8.102500763E0,1.536704407E0
3.486188825E1,3.465293884E0,8.034242706E0,1.281934204E0
3.487188925E1,3.210523682E0,7.858957214E0,1.035995636E0
3.488189125E1,3.014730835E0,7.589667206E0,8.391549683E-1
3.489189225E1,3.027903442E0,7.344177704E0,6.767427063E-1
3.490189325E1,3.124901733E0,7.255561981E0,5.291496277E-1
3.491189525E1,3.093467102E0,7.477250977E0,4.171824646E-1
3.492189625E1,2.867586823E0,7.910150757E0,2.863545227E-1
3.493189825E1,2.510579224E0,8.378377075E0,1.730401611E-1
3.494189925E1,2.111060028E0,8.792715454E0,1.408570862E-1
3.495190025E1,1.796264648E0,9.090296631E0,7.544311523E-2
3.496190225E1,1.651815033E0,9.189839630E0,-8.756790161E-2
3.497190325E1,1.739382935E0,9.132209473E0,-2.360591125E-1
3.498190425E1,2.054926758E0,8.987161102E0,-4.174818420E-1
3.499190625E1,2.452949066E0,8.614286499E0,-6.972500610E-1
3.500190725E1,2.863545227E0,8.123307495E0,-8.595126343E-1
3.501190925E1,3.291205902E0,7.662415924E0,-7.975415039E-1
3.502191025E1,3.676804047E0,7.369475098E0,-6.283932495E-1
3.503191125E1,3.900289307E0,7.262297974E0,-3.929328918E-1
3.504191325E1,3.928281097E0,7.310198364E0,-1.422042847E-1
3.505191425E1,3.823199615E0,7.456743622E0,-1.113684082E-1
3.506191625E1,3.677851868E0,7.532635803E0,-3.338058472E-1
3.507191725E1,3.531605988E0,7.483088837E0,-7.086264038E-1
3.508191825E1,3.373385010E0,7.260352020E0,-1.027762756E0
3.509192025E1,3.365900574E0,6.781797180E0,-1.335971832E0
3.510192125E1,3.776796112E0,5.996380463E0,-1.684447174E0
3.511192325E1,4.372407532E0,5.110223236E0,-1.843117218E0
3.512192429E1,4.926854553E0,4.366419983E0,-1.752106476E0
3.513192529E1,5.425767059E0,3.906426544E0,-1.262474670E0
3.514192729E1,5.899382172E0,3.666026459E0,-4.858895874E-1
3.515192829E1,6.294111328E0,3.545676727E0,4.535568237E-1
3.516192929E1,6.627468109E0,3.482657776E0,1.517544250E0
3.517193129E1,7.026687927E0,3.233126678E0,2.485880585E0
3.518193229E1,7.425159302E0,2.794688416E0,3.495980072E0
3.519193429E1,7.785759430E0,2.335443420E0,4.244423676E0
3.520193529E1,7.979456635E0,1.955383759E0,5.482199707E0
3.521193629E1,8.095764771E0,1.800455933E0,7.026837616E0
3.522193829E1,8.047864380E0,2.039957886E0,8.047415314E0
3.523193929E1,7.552394714E0,2.704575806E0,8.263865204E0
3.524194129E1,6.899003448E0,3.541186066E0,7.748037872E0
3.525194229E1,6.631210327E0,4.117337952E0,7.367080078E0
3.526194329E1,6.905140686E0,4.443659363E0,6.675967255E0
3.527194529E1,7.404053192E0,4.812791748E0,6.335425415E0
3.528194629E1,7.779622192E0,4.807103577E0,6.525081024E0
3.529194829E1,7.845485229E0,4.370461578E0,6.882088623E0
3.530194929E1,7.824379120E0,3.779340820E0,7.328610077E0
3.531195029E1,7.851323090E0,3.203638000E0,7.591014404E0
3.532195229E1,7.932154999E0,2.733615417E0,7.881859589E0
3.533195329E1,8.331524506E0,2.336790619E0,7.940387878E0
3.534195529E1,8.736731873E0,2.353555756E0,8.448730774E0
3.535195629E1,9.036408691E0,2.290985870E0,8.886869659E0
3.536195729E1,9.026080170E0,2.359692993E0,9.709409180E0
3.537195929E1,8.665180664E0,2.579885101E0,1.049317932E1
3.538196029E1,7.994874573E0,2.879262543E0,1.078417419E1
3.539196229E1,7.340884552E0,3.043171692E0,1.024843826E1
3.540196329E1,6.920408936E0,2.917882233E0,8.939709778E0
3.541196429E1,6.377787323E0,2.394869843E0,8.382418671E0
3.542196629E1,5.451214142E0,1.820514221E0,8.025261383E0
3.543196729E1,4.384382629E0,1.603315887E0,8.101752319E0
3.544196829E1,3.920347595E0,1.459614716E0,8.015232239E0
3.545197029E1,4.201013947E0,1.320104828E0,7.731272736E0
3.546197129E1,4.720583496E0,1.339714050E0,7.948022003E0
3.547197329E1,5.255121918E0,1.462309113E0,7.739804993E0
3.548197429E1,5.652994537E0,1.509760437E0,7.859855347E0
3.549197529E1,5.879323883E0,1.467398529E0,8.072862396E0
3.550197729E1,5.935457153E0,1.511257324E0,8.263865204E0
3.551197829E1,6.021079102E0,1.704954529E0,8.329428864E0
3.552198029E1,6.316714325E0,1.908531189E0,8.111332397E0
3.553198129E1,6.658902740E0,1.888772278E0,7.923772430E0
3.554198229E1,6.993007965E0,1.837429047E0,7.900420990E0
3.555198429E1,7.441325684E0,1.897454224E0,7.746091919E0
3.556198529E1,7.948321381E0,1.701062622E0,7.526348877E0
3.557198729E1,8.239016876E0,1.350791016E0,7.248077545E0
3.558198829E1,8.460107117E0,8.786727905E-1,6.913523254E0
3.559198929E1,8.577912140E0,4.438270569E-1,6.309080200E0
3.560199129E1,8.327183533E0,9.415420532E-2,5.807024231E0
3.561199229E1,8.028704224E0,-4.213737488E-1,5.534740448E0
3.562199429E1,7.881410522E0,-8.854087830E-1,5.101690979E0
3.563199529E1,7.657176819E0,-1.074465637E0,4.828209686E0
3.564199629E1,7.543413391E0,-1.181493073E0,4.410428467E0
3.565199829E1,7.728578339E0,-1.299747162E0,3.958069153E0
3.566199929E1,8.046068115E0,-1.422342224E0,3.385060730E0
3.567200029E1,8.108039246E0,-1.471440125E0,2.862048340E0
3.568200229E1,8.002658386E0,-1.587299194E0,2.499202881E0
3.569200329E1,7.957751770E0,-1.901046753E0,2.376607819E0
3.570200529E1,8.019124146E0,-2.254910889E0,2.340532837E0
3.571200629E1,8.259224854E0,-2.707120514E0,2.837649078E0
3.572200729E1,8.816216583E0,-3.041674805E0,2.809058533E0
3.573200929E1,9.347761230E0,-3.132835236E0,2.792293396E0
3.574201029E1,9.686506805E0,-3.181783447E0,3.071013794E0
3.575201229E1,9.871671753E0,-3.111729126E0,3.265459442E0
3.576201329E1,1.020877075E1,-3.233875122E0,3.708987122E0
3.577201429E1,1.067924240E1,-3.578009491E0,3.995790710E0
3.578201629E1,1.086979614E1,-3.725153503E0,4.169130249E0
3.579201729E1,1.094987961E1,-3.844305725E0,4.200115814E0
3.580201929E1,1.090587112E1,-3.829935608E0,4.288881226E0
3.581202029E1,1.092652817E1,-3.826193390E0,4.337679749E0
3.582202129E1,1.079854431E1,-3.604205017E0,4.381388855E0
3.583202329E1,1.069256470E1,-3.550466766E0,4.549489288E0
3.584202429E1,1.058987823E1,-3.676654358E0,4.611460419E0
3.585202629E1,1.041953247E1,-3.864663391E0,4.618944855E0
3.586202729E1,1.017374359E1,-4.019441528E0,4.622687073E0
3.587202829E1,9.869576111E0,-4.144730988E0,4.679718475E0
3.588203029E1,9.650282135E0,-4.268972626E0,4.639751587E0
3.589203129E1,9.553583221E0,-4.326602783E0,4.561763763E0
3.590203329E1,9.447154541E0,-4.316873016E0,4.657863922E0
3.591203429E1,9.256600800E0,-4.239184570E0,4.647984467E0
3.592203529E1,9.027127991E0,-4.040248260E0,4.422553253E0
3.593203729E1,8.780590668E0,-3.812871094E0,4.293222198E0
3.594203829E1,8.494086456E0,-3.655248871E0,4.421954498E0
3.595204029E1,8.396639099E0,-3.681145020E0,4.538711700E0
3.596204129E1,8.463250580E0,-3.833079071E0,4.454137573E0
3.597204229E1,8.472231903E0,-3.986659698E0,4.297563171E0
3.598204429E1,8.348139954E0,-4.004322968E0,4.156855774E0
3.599204529E1,8.184829559E0,-3.911515961E0,4.058959351E0
3.600204629E1,7.974217529E0,-3.805686035E0,4.075874176E0
3.601204829E1,7.803422699E0,-3.730392609E0,4.150269470E0
3.602204929E1,7.789202271E0,-3.741469574E0,4.229903870E0
3.603205129E1,7.894882507E0,-3.873195648E0,4.260590057E0
3.604205229E1,8.031548309E0,-4.141138458E0,4.281995544E0
3.605205329E1,8.088130646E0,-4.398153992E0,4.301904144E0
3.606205529E1,8.072563019E0,-4.480033722E0,4.257895660E0
3.607205629E1,8.080795898E0,-4.431983643E0,4.245172119E0
3.608205829E1,8.100405121E0,-4.339625702E0,4.301904144E0
3.609205929E1,8.185877380E0,-4.217180328E0,4.368066559E0
3.610206029E1,8.377628632E0,-4.159999237E0,4.369713135E0
3.611206229E1,8.573870544E0,-4.246519318E0,4.338278503E0
3.612206304E1,8.643775177E0,-4.387975159E0,4.271966400E0
3.613206504E1,8.669521637E0,-4.599036255E0,4.105662231E0
3.614206604E1,8.648864594E0,-4.737648010E0,4.015250244E0
3.615206704E1,8.556356964E0,-4.656965790E0,4.051175537E0
3.616206904E1,8.564290466E0,-4.550686798E0,4.185146942E0
3.617207004E1,8.684939575E0,-4.375550995E0,4.354594574E0
3.618207204E1,8.850944366E0,-4.163442078E0,4.559368744E0
3.619207304E1,9.030421143E0,-4.029171295E0,4.704566803E0
3.620207404E1,9.237141266E0,-3.965104523E0,4.700674896E0
3.621207604E1,9.348359985E0,-3.981869659E0,4.784201202E0
3.622207704E1,9.245074768E0,-3.956871643E0,5.030588837E0
3.623207904E1,9.244026947E0,-4.005819855E0,5.334606628E0
3.624208004E1,9.302405548E0,-4.024530945E0,5.529201965E0
3.625208104E1,9.362879791E0,-3.754791870E0,5.468278656E0
3.626208304E1,9.407187653E0,-3.368445282E0,5.210514679E0
3.627208404E1,9.346713409E0,-3.176095276E0,5.309758301E0
3.628208604E1,9.127120056E0,-3.050057373E0,5.707930298E0
3.629208704E1,8.985664215E0,-3.032244415E0,5.964347076E0
3.630208804E1,9.037306824E0,-3.109483795E0,6.121370544E0
3.631209004E1,9.125323792E0,-3.135529633E0,6.222560120E0
3.632209104E1,9.261091461E0,-3.170257416E0,6.175108795E0
3.633209304E1,9.429341583E0,-3.078797607E0,6.043233032E0
3.634209404E1,9.681567078E0,-3.028502197E0,5.899082794E0
3.635209504E1,9.972561951E0,-3.320993958E0,5.867049408E0
3.636209704E1,1.023137375E1,-4.038152618E0,6.277046814E0
3.637209804E1,1.004590942E1,-3.744463348E0,6.702462158E0
3.638210004E1,9.759255524E0,-3.014132080E0,6.593788147E0
3.639210104E1,9.568402405E0,-2.509830780E0,5.728587341E0
3.640210204E1,9.114097137E0,-2.345023499E0,4.053271179E0
3.641210404E1,8.304879913E0,-2.501148834E0,2.706521759E0
3.642210504E1,6.750961304E0,-2.386936340E0,2.826721802E0
3.643210604E1,5.334157562E0,-2.127825165E0,3.747307434E0
3.644210804E1,4.838987274E0,-2.038161621E0,4.507576447E0
3.645210904E1,5.342540131E0,-1.937421112E0,4.793481903E0
3.646211104E1,6.004912720E0,-1.675016785E0,5.155429230E0
3.647211204E1,6.275549927E0,-1.306632843E0,5.629343719E0
3.648211304E1,6.255491638E0,-1.015039215E0,5.991889801E0
3.649211504E1,6.008056183E0,-8.511300659E-1,6.246660004E0
3.650211604E1,5.802383881E0,-9.761201477E-1,6.148314514E0
3.651211804E1,5.723048859E0,-1.360071716E0,5.715863800E0
3.652211904E1,5.675597534E0,-1.692829742E0,5.096451874E0
3.653212004E1,5.613476715E0,-1.853894806E0,4.573140106E0
3.654212204E1,5.631589050E0,-1.892215118E0,4.346361694E0
3.655212304E1,5.769152985E0,-1.811532898E0,4.340823212E0
3.656212504E1,6.041885834E0,-1.577719116E0,4.416116638E0
3.657212604E1,6.433621216E0,-1.248403931E0,4.582420807E0
3.658212704E1,6.852001190E0,-9.259744263E-1,4.716990967E0
3.659212904E1,7.387288055E0,-6.968009949E-1,4.742138672E0
3.660213004E1,8.074508972E0,-6.652166748E-1,4.837490387E0
3.661213204E1,8.729846191E0,-8.084687805E-1,5.150190125E0
3.662213304E1,9.141639862E0,-1.028361511E0,5.547014923E0
3.663213404E1,9.415270844E0,-1.124311981E0,5.712870026E0
3.664213604E1,9.618548126E0,-1.185983734E0,5.688021698E0
3.665213704E1,9.762249298E0,-1.240769806E0,5.602399750E0
3.666213904E1,9.759704590E0,-1.259780273E0,5.657185822E0
3.667214004E1,9.611063690E0,-1.284179535E0,5.879922638E0
3.668214104E1,9.337133331E0,-1.258433075E0,6.115083618E0
3.669214304E1,8.944649506E0,-1.169368286E0,6.323001251E0
3.670214404E1,8.549321594E0,-1.026415558E0,6.408024445E0
3.671214604E1,8.305478668E0,-8.948391724E-1,6.265071716E0
3.672214704E1,8.220754852E0,-8.548722839E-1,5.959257660E0
3.673214804E1,8.155490570E0,-9.948312378E-1,5.483247528E0
3.674215004E1,7.983049164E0,-1.324296112E0,4.898114319E0
3.675215104E1,7.805069275E0,-1.907034302E0,4.403842163E0
3.676215304E1,7.565717010E0,-2.478695526E0,4.073329468E0
3.677215404E1,7.288792877E0,-2.848576355E0,3.898942108E0
3.678215504E1,7.099736023E0,-3.011737061E0,3.896547089E0
3.679215704E1,7.059170380E0,-2.940335541E0,3.905378723E0
3.680215804E1,7.289990387E0,-2.751877441E0,3.838617554E0
3.681216004E1,7.777825928E0,-2.625839539E0,3.834575958E0
3.682216104E1,8.215515747E0,-2.664608917E0,4.003275146E0
3.683216204E1,8.394094391E0,-2.641856232E0,4.239633636E0
3.684216404E1,8.438252563E0,-2.583627319E0,4.373754730E0
3.685216504E1,8.410410461E0,-2.647694092E0,4.470154266E0
3.686216704E1,8.424780579E0,-2.839445343E0,4.422253876E0
3.687216804E1,8.550369415E0,-3.123554535E0,4.231700134E0
3.688216904E1,8.599916382E0,-3.369343414E0,3.950584717E0
3.689217104E1,8.597072296E0,-3.536096649E0,3.744014282E0
3.690217204E1,8.467441864E0,-3.500919800E0,3.590733032E0
3.691217404E1,8.216413879E0,-3.271596680E0,3.913461914E0
3.692217504E1,8.023016052E0,-3.081492004E0,3.970493317E0
3.693217604E1,7.736062775E0,-2.886597290E0,4.055965576E0
3.694217804E1,7.272925873E0,-2.670446777E0,4.379891968E0
3.695217904E1,6.737639008E0,-2.441572723E0,4.218826904E0
3.696218104E1,6.222410431E0,-2.575544128E0,4.193679199E0
3.697218204E1,6.136938171E0,-3.299588470E0,3.758683777E0
3.698218304E1,6.408623199E0,-4.491559753E0,3.491639099E0
3.699218504E1,6.650819550E0,-5.525310059E0,2.829565887E0
3.700218604E1,6.748266907E0,-6.169570312E0,2.172582092E0
3.701218804E1,6.560557251E0,-6.818620605E0,1.752555542E0
3.702218904E1,5.910608826E0,-7.203320618E0,1.996847534E0
3.703219004E1,5.338049469E0,-7.311246185E0,1.265618134E0
3.704219204E1,5.068759460E0,-7.477250977E0,1.200952606E0
3.705219304E1,5.083578644E0,-7.879763947E0,1.391057281E0
3.706219504E1,5.525908813E0,-8.289761353E0,3.574566650E-1
3.707219604E1,5.993835754E0,-8.721912689E0,3.215313721E-1
3.708219704E1,6.382577362E0,-8.930578766E0,6.897656250E-1
3.709219904E1,6.741530914E0,-9.128018188E0,4.013154602E-1
3.710220004E1,6.854994965E0,-8.948691101E0,5.758525085E-1
3.711220204E1,6.994953918E0,-8.631051636E0,7.731422424E-1
3.712220350E1,7.358847198E0,-8.653654633E0,7.581733704E-1
3.713220450E1,7.797734528E0,-8.966653748E0,7.226971436E-1
3.714220650E1,8.139174500E0,-9.466314697E0,8.161029053E-1
3.715220750E1,8.499026184E0,-9.874665527E0,1.012344818E0
3.716220950E1,8.965605927E0,-1.000624191E1,1.483115845E0
3.717221050E1,9.392518158E0,-9.991722107E0,1.876647491E0
3.718221150E1,9.692045288E0,-1.005803421E1,2.105072479E0
3.719221350E1,9.969119110E0,-1.024289978E1,2.228266296E0
3.720221450E1,1.006327332E1,-1.038076309E1,2.374661865E0
3.721221650E1,9.927954712E0,-1.030756531E1,2.621348877E0
3.722221750E1,9.753866730E0,-1.000908600E1,2.979703674E0
3.723221850E1,9.751621399E0,-9.779613190E0,3.201692047E0
3.724222050E1,9.829758911E0,-9.865983582E0,3.407064972E0
3.725222150E1,9.814939728E0,-1.023631348E1,3.615132294E0
3.726222350E1,9.637259216E0,-1.051772827E1,3.659589844E0
3.727222450E1,9.485474854E0,-1.058074722E1,3.653003540E0
3.728222550E1,9.465266876E0,-1.055829391E1,3.610791321E0
3.729222750E1,9.226513367E0,-1.046339127E1,3.599414978E0
3.730222850E1,8.871751099E0,-1.023900787E1,3.504512329E0
3.731223050E1,8.686885529E0,-9.999206543E0,3.423680420E0
3.732223150E1,8.616681519E0,-9.787546692E0,3.322041779E0
3.733223250E1,8.540040894E0,-9.696535950E0,2.853067017E0
3.734223450E1,8.786578217E0,-9.687404938E0,2.412832489E0
3.735223550E1,9.287736053E0,-9.628427582E0,2.284549255E0
3.736223750E1,9.486522675E0,-9.288484497E0,2.895279236E0
3.737223850E1,9.040899353E0,-8.594677277E0,4.802612915E0
3.738223950E1,8.028255157E0,-7.707771606E0,5.655838623E0
3.739224150E1,7.152127075E0,-6.983427887E0,5.604645081E0
3.740224250E1,6.983128510E0,-6.726412354E0,4.763394470E0
3.741224450E1,7.606282654E0,-6.793173523E0,4.435426483E0
3.742224550E1,8.106242981E0,-6.872807922E0,5.634433136E0
3.743224650E1,7.750582581E0,-6.721772003E0,5.697601776E0
3.744224850E1,6.700067139E0,-6.519692230E0,5.203928375E0
3.745224950E1,5.635930023E0,-6.512656860E0,4.453389130E0
3.746225150E1,4.949756927E0,-6.578070831E0,3.476969604E0
3.747225250E1,4.745880890E0,-6.572532349E0,2.044598236E0
3.748225350E1,4.850064240E0,-6.501280518E0,5.668711853E-1
3.749225550E1,4.916526031E0,-6.353388062E0,-1.107546844E0
3.750225650E1,4.753515015E0,-6.311175842E0,-2.762056274E0
3.751225850E1,4.379742279E0,-6.373596039E0,-4.288432159E0
3.752225950E1,4.035308533E0,-6.501430206E0,-5.240003357E0
3.753226050E1,3.979474640E0,-6.637048187E0,-5.589077454E0
3.754226250E1,4.349505157E0,-6.677613831E0,-5.691165161E0
3.755226350E1,5.061275024E0,-6.593339081E0,-5.329217834E0
3.756226550E1,5.926026764E0,-6.267017670E0,-4.492457886E0
3.757226650E1,6.737938385E0,-5.766159210E0,-3.707490234E0
3.758226750E1,7.402855682E0,-5.103636932E0,-2.831362152E0
3.759226950E1,8.119116211E0,-4.429139557E0,-2.148931274E0
3.760227050E1,8.919501801E0,-3.900888062E0,-9.901908875E-1
3.761227250E1,9.654922485E0,-3.449127502E0,1.624122620E-1
3.762227350E1,1.035741165E1,-3.117566986E0,1.597028961E0
3.763227450E1,1.099239120E1,-2.715952148E0,2.966082001E0
3.764227650E1,1.136571487E1,-2.236050110E0,3.651207275E0
3.765227750E1,1.154085068E1,-1.709295502E0,4.406087494E0
3.766227950E1,1.157063873E1,-1.120719452E0,4.850064240E0
3.767228050E1,1.128847549E1,-7.294331360E-1,4.794529724E0
3.768228150E1,1.082548828E1,-6.322851562E-1,4.614603882E0
3.769228350E1,1.033465897E1,-7.442523193E-1,4.120780792E0
3.770228450E1,1.005054977E1,-1.024918671E0,3.698059845E0
3.771228650E1,9.838291168E0,-1.301693115E0,3.503913574E0
3.772228750E1,9.576784973E0,-1.456022186E0,3.209026794E0
3.773228850E1,9.089398499E0,-1.544039154E0,2.857707367E0
3.774229050E1,8.550519104E0,-1.645827484E0,2.453098755E0
3.775229150E1,8.286318512E0,-1.885628815E0,2.016007690E0
3.776229350E1,8.187823334E0,-2.205663300E0,1.596130829E0
3.777229450E1,8.086035004E0,-2.431842957E0,1.156794434E0
3.778229550E1,8.069120178E0,-2.442919922E0,1.403032379E0
3.779229750E1,8.232879639E0,-2.245031433E0,1.431922302E0
3.780229850E1,8.453520813E0,-1.786385193E0,2.533331909E0
3.781230050E1,8.777147827E0,-1.330882416E0,2.730022888E0
3.782230150E1,9.140741730E0,-1.053060150E0,3.372337189E0
3.783230250E1,9.552984467E0,-9.548643494E-1,3.462000732E0
3.784230450E1,9.942175140E0,-1.062490540E0,3.807182922E0
3.785230550E1,1.030097900E1,-1.285676422E0,4.723726959E0
3.786230750E1,1.069151688E1,-1.408720551E0,4.989125061E0
3.787230850E1,1.093071945E1,-1.333427124E0,5.356910248E0
3.788230950E1,1.093910202E1,-1.120270386E0,5.661826172E0
3.789231150E1,1.075303894E1,-9.171427917E-1,5.321733398E0
3.790231250E1,1.036729111E1,-7.563771057E-1,5.504952393E0
3.791231450E1,9.987680511E0,-6.719526672E-1,5.499114532E0
3.792231550E1,9.600435791E0,-6.809339905E-1,5.161716156E0
3.793231650E1,9.168583832E0,-6.752458191E-1,5.144202576E0
3.794231850E1,8.844507751E0,-7.108717346E-1,4.794230347E0
3.795231950E1,8.503816223E0,-6.926097107E-1,4.652175751E0
3.796232150E1,8.186176758E0,-6.414161682E-1,4.688849487E0
3.797232250E1,7.924670563E0,-5.578898621E-1,4.653972015E0
3.798232450E1,7.760911102E0,-4.737648010E-1,4.755311279E0
3.799232550E1,7.676636353E0,-4.700225830E-1,4.699327698E0
3.800232650E1,7.633376312E0,-5.197192383E-1,4.652624817E0
3.801232850E1,7.592361603E0,-5.596861267E-1,4.672234039E0
3.802232950E1,7.534581757E0,-5.746549988E-1,4.728666687E0
3.803233150E1,7.429051208E0,-5.264552307E-1,4.701273651E0
3.804233250E1,7.381749573E0,-4.242178345E-1,4.589156799E0
3.805233350E1,7.449558563E0,-2.573149109E-1,4.504283295E0
3.806233550E1,7.614515533E0,-1.347198486E-3,4.409081268E0
3.807233650E1,7.756719818E0,2.649490356E-1,4.364773407E0
3.808233850E1,7.924820251E0,4.649331665E-1,4.422403564E0
3.809233950E1,8.088579712E0,6.548881531E-1,4.538262634E0
3.810234050E1,8.225095825E0,8.111631775E-1,4.734504547E0
3.811234250E1,8.359965363E0,8.930429077E-1,5.035678253E0
3.812234350E1,8.511600037E0,8.973838806E-1,5.326523438E0
3.813234550E1,8.644074554E0,8.657995605E-1,5.518723755E0
3.814234650E1,8.644523621E0,8.107141113E-1,5.501509552E0
3.815234750E1,8.474177856E0,7.231462097E-1,5.392985229E0
3.816234950E1,8.136031036E0,5.948629761E-1,5.221891022E0
3.817235050E1,7.712711334E0,4.617897034E-1,5.080734558E0
3.818235250E1,7.403005371E0,3.188369751E-1,4.798721008E0
3.819235350E1,7.149432678E0,2.151026917E-1,4.773722992E0
3.820235450E1,6.960076447E0,2.077679443E-1,4.828958130E0
3.821235650E1,6.895111542E0,2.803669739E-1,4.871619415E0
3.822235750E1,6.922055511E0,4.170327759E-1,5.075944519E0
3.823235950E1,7.020700378E0,5.795947266E-1,5.332810364E0
3.824236050E1,7.204967194E0,6.979985046E-1,5.436694336E0
3.825236150E1,7.389683075E0,7.722441101E-1,5.658083954E0
3.826236350E1,7.613467712E0,7.435038757E-1,5.761668549E0
3.827236450E1,7.845036163E0,6.981481934E-1,5.839207306E0
3.828236650E1,8.088579712E0,6.518943787E-1,5.918991394E0
3.829236750E1,8.378826141E0,5.349874878E-1,5.995482330E0
3.830236950E1,8.554261322E0,4.668791199E-1,6.150110779E0
3.831237050E1,8.639134827E0,6.737489319E-1,6.279741211E0
3.832237150E1,8.873397675E0,1.058748322E0,6.463558960E0
3.833237350E1,9.249415741E0,1.375190277E0,6.667584686E0
3.834237450E1,9.488468628E0,1.676813049E0,6.964417419E0
3.835237650E1,9.716893616E0,1.981728973E0,7.026089172E0
3.836237750E1,9.929301910E0,2.001487885E0,6.887028351E0
3.837237850E1,1.003213806E1,1.999392242E0,6.929390259E0
3.838238050E1,9.968370667E0,1.918859711E0,7.202422485E0
3.839238150E1,9.685159607E0,1.799258423E0,7.297025757E0
3.840238350E1,9.359886017E0,1.675166473E0,7.294930115E0
3.841238450E1,9.059161377E0,1.562600555E0,7.139403534E0
3.842238550E1,8.785081329E0,1.553469543E0,6.876400452E0
3.843238750E1,8.481362915E0,1.616638184E0,6.609804840E0
3.844238850E1,8.134534149E0,1.694176941E0,6.361471252E0
3.845239050E1,7.837102661E0,1.710493011E0,6.110293579E0
3.846239150E1,7.603288879E0,1.656006317E0,6.004912720E0
3.847239250E1,7.362140350E0,1.588796082E0,5.991440735E0
3.848239450E1,7.209008789E0,1.525328064E0,6.080056458E0
3.849239550E1,7.098239136E0,1.545685730E0,6.263574829E0
3.850239750E1,7.026388550E0,1.669927368E0,6.484216003E0
3.851239850E1,6.986421661E0,1.868713989E0,6.651717682E0
3.852239950E1,6.981182556E0,2.032473450E0,6.735992432E0
3.853240150E1,6.976242828E0,2.186652832E0,6.971752167E0
3.854240250E1,6.979236603E0,2.211800537E0,6.947951660E0
3.855240450E1,6.955885162E0,2.276316376E0,7.125332794E0
3.856240550E1,7.059320068E0,2.438878326E0,7.475454712E0
3.857240750E1,7.426955566E0,2.681972809E0,7.817643127E0
3.858240850E1,8.011040955E0,3.154689789E0,8.258177032E0
3.859240950E1,8.650361481E0,3.751798096E0,8.759634247E0
3.860241150E1,9.285790100E0,4.334685974E0,8.710835724E0
3.861241250E1,9.739047546E0,4.804409180E0,8.580606537E0
3.862241450E1,9.912686462E0,4.959486694E0,8.298143921E0
3.863241550E1,9.726623383E0,4.844675446E0,7.980205078E0
3.864241650E1,9.325008545E0,4.222718811E0,6.950047302E0
3.865241850E1,8.596623230E0,3.068020020E0,5.659580841E0
3.866241950E1,7.130721588E0,1.820813599E0,4.781357117E0
3.867242150E1,4.949756927E0,1.430126038E0,5.009333038E0
3.868242250E1,3.289709015E0,1.349743195E0,4.794829102E0
3.869242350E1,2.834804993E0,1.503772888E0,4.799170074E0
3.870242550E1,3.305126953E0,1.903441772E0,4.304598541E0
3.871242650E1,4.019441528E0,2.639760590E0,3.983067169E0
3.872242850E1,4.374652863E0,3.604354706E0,4.273163910E0
3.873242950E1,4.539310455E0,4.525389404E0,4.991819458E0
3.874243050E1,4.812642059E0,5.265151062E0,5.737269287E0
3.875243250E1,5.210514679E0,5.685476990E0,6.277944946E0
3.876243350E1,5.683830414E0,5.730383606E0,6.607709198E0
3.877243550E1,6.119125214E0,5.510341187E0,6.806645508E0
3.878243650E1,6.431076508E0,5.200335846E0,6.964716797E0
3.879243850E1,6.437513123E0,5.040019226E0,7.269632721E0
3.880243950E1,6.192921753E0,5.148693237E0,7.582631836E0
3.881244050E1,6.038742371E0,5.301974487E0,7.612120514E0
3.882244250E1,6.050268402E0,5.390440521E0,7.412735138E0
3.883244350E1,5.987698517E0,5.534291382E0,6.953639832E0
3.884244550E1,5.808970184E0,5.670657806E0,6.488257599E0
3.885244650E1,5.644013214E0,5.708529053E0,6.284531250E0
3.886244750E1,5.523813171E0,5.792504425E0,6.331832886E0
3.887244950E1,5.547314301E0,5.950426025E0,6.448739777E0
3.888245050E1,5.713319092E0,6.105802917E0,6.597979431E0
3.889245250E1,5.946833496E0,6.261778564E0,6.525979156E0
3.890245350E1,6.138285370E0,6.350094910E0,6.261179810E0
3.891245450E1,6.205196228E0,6.348298645E0,6.006409607E0
3.892245650E1,6.035449219E0,6.290069733E0,5.910309448E0
3.893245750E1,5.723497925E0,6.158193970E0,6.007607117E0
3.894245950E1,5.530998230E0,6.000272369E0,6.079158325E0
3.895246050E1,5.493576050E0,5.906267853E0,5.994434509E0
3.896246250E1,5.519023132E0,5.838608551E0,5.864804077E0
3.897246350E1,5.516927490E0,5.760920105E0,5.602549438E0
3.898246450E1,5.382057953E0,5.843548279E0,5.357209625E0
3.899246650E1,5.105283508E0,6.028713226E0,5.127138062E0
3.900246750E1,4.932542725E0,6.147266693E0,4.840035095E0
3.901246950E1,4.838089142E0,6.095175018E0,4.427343292E0
3.902247050E1,4.676575012E0,5.884413300E0,4.013004913E0
3.903247150E1,4.462669830E0,5.702541504E0,3.672912140E0
3.904247350E1,4.345463562E0,5.639223175E0,3.366349640E0
3.905247450E1,4.421655121E0,5.712420959E0,2.992876282E0
3.906247650E1,4.641098785E0,5.771697693E0,2.609822845E0
3.907247750E1,4.814138947E0,5.619913330E0,2.365680542E0
3.908247850E1,4.835394745E0,5.125491486E0,2.207609253E0
3.909248050E1,4.519551544E0,4.671186218E0,2.215243378E0
3.910248150E1,4.095782776E0,4.536765747E0,2.288441162E0
3.911248350E1,3.949686584E0,4.589007111E0,2.026785278E0
3.912248354E1,4.064946899E0,4.563560028E0,1.612596588E0
3.913248554E1,4.254901886E0,4.587510223E0,1.206940155E0
3.914248654E1,4.254901886E0,4.952451324E0,8.545729065E-1
3.915248754E1,3.996539154E0,5.526357880E0,3.550616455E-1
3.916248954E1,3.538491669E0,6.139632568E0,-2.668949890E-1
3.917249054E1,2.883603516E0,6.543043671E0,-1.041683807E0
3.918249254E1,2.246228943E0,6.689439240E0,-1.878743134E0
3.919249354E1,1.917512512E0,6.476132812E0,-2.427651672E0
3.920249454E1,1.865869904E0,6.213578796E0,-2.745141449E0
3.921249654E1,2.243983612E0,5.850134583E0,-3.219654694E0
3.922249754E1,2.916984100E0,5.683081970E0,-1.529219971E0
3.923249954E1,2.964734802E0,5.870941315E0,5.664221191E-1
3.924250054E1,2.132914581E0,6.197562103E0,1.726210327E0
3.925250154E1,1.372346191E0,5.921985168E0,1.730401611E0
3.926250354E1,1.828597412E0,4.588857422E0,5.182223511E-1
3.927250454E1,3.261567535E0,2.940036163E0,7.364685059E-2
3.928250654E1,4.721032562E0,1.793570251E0,1.390608215E-1
3.929250754E1,5.677693176E0,1.316961365E0,4.864883423E-2
3.930250954E1,6.194568329E0,1.179098053E0,-8.827143860E-1
3.931251054E1,6.554270325E0,9.650431824E-1,-2.311343536E0
3.932251154E1,6.834337921E0,6.147715759E-1,-2.637066193E0
3.933251354E1,7.234755249E0,1.381626892E-1,-3.538791046E0
3.934251454E1,7.712711334E0,-5.655239868E-1,-4.414020996E0
3.935251654E1,8.487799530E0,-1.506317596E0,-5.286107483E0
3.936251754E1,9.764494629E0,-2.602338409E0,-5.991590424E0
3.937251854E1,1.123533600E1,-3.623814240E0,-6.225853271E0
3.938252054E1,1.271411087E1,-4.235891418E0,-5.949078827E0
3.939252154E1,1.391266846E1,-4.401596832E0,-5.389542389E0
3.940252354E1,1.450513641E1,-4.376748505E0,-4.775369568E0
3.941252454E1,1.449166443E1,-4.373305664E0,-4.552632751E0
3.942252554E1,1.403810760E1,-4.250411224E0,-4.336033173E0
3.943252754E1,1.372525818E1,-4.239334259E0,-4.328848114E0
3.944252854E1,1.365460510E1,-4.256099396E0,-3.674409027E0
3.945253054E1,1.339983490E1,-4.246070251E0,-2.873424683E0
3.946253154E1,1.273386978E1,-4.102967834E0,-2.187550964E0
3.947253354E1,1.197644485E1,-3.827839966E0,-1.583407288E0
3.948253454E1,1.136721176E1,-3.637585602E0,-1.146316223E0
3.949253554E1,1.082009949E1,-3.514092407E0,-7.783813477E-1
3.950253754E1,1.035247192E1,-3.387156372E0,-7.262896729E-1
3.951253854E1,9.944570160E0,-3.565285950E0,-4.623884583E-1
3.952254054E1,9.639354858E0,-3.611090698E0,-5.343887329E-2
3.953254154E1,9.144184570E0,-3.607498169E0,8.681945801E-1
3.954254254E1,8.609197083E0,-3.529510345E0,1.135388947E0
3.955254454E1,8.285570068E0,-3.526217194E0,1.827699280E0
3.956254554E1,8.419691162E0,-3.482208710E0,1.616189117E0
3.957254754E1,8.830586700E0,-3.429368591E0,1.630708923E0
3.958254854E1,9.253457336E0,-3.490291901E0,1.547332306E0
3.959254954E1,9.286239166E0,-3.577710114E0,1.448687439E0
3.960255154E1,8.834029541E0,-3.589834900E0,1.510059814E0
3.961255254E1,8.056995392E0,-3.405867462E0,2.182012482E0
3.962255454E1,7.479645996E0,-3.155138855E0,2.902763672E0
3.963255554E1,7.589667206E0,-2.997965698E0,3.092419281E0
3.964255754E1,8.092770996E0,-3.104843445E0,3.239114227E0
3.965255854E1,8.469387817E0,-3.050656128E0,2.839445343E0
3.966255954E1,8.569529572E0,-2.875220947E0,3.518283691E0
3.967256154E1,8.839118958E0,-3.046165466E0,4.367916870E0
3.968256254E1,9.272767181E0,-3.300935669E0,4.702920227E0
3.969256454E1,9.675729218E0,-3.601211243E0,5.366190948E0
3.970256554E1,1.002390518E1,-3.875740356E0,5.376818848E0
3.971256654E1,1.022763153E1,-3.841311951E0,4.716092834E0
3.972256854E1,1.014425491E1,-3.917653198E0,4.818479919E0
3.973256954E1,1.009051666E1,-4.095782776E0,4.676425323E0
3.974257154E1,9.831255798E0,-4.384083252E0,4.604874115E0
3.975257254E1,9.463320923E0,-4.750371552E0,4.757257233E0
3.976257454E1,9.039252777E0,-5.195096741E0,5.397475891E0
3.977257554E1,8.826545105E0,-5.372328186E0,5.000351715E0
3.978257654E1,8.708141327E0,-5.639223175E0,5.616021423E0
3.979257854E1,8.857081604E0,-5.761369171E0,5.232818298E0
3.980257954E1,8.996741180E0,-5.453609161E0,5.123994598E0
3.981258154E1,9.084608459E0,-4.980293427E0,5.267845459E0
3.982258254E1,9.162596283E0,-4.546046448E0,4.971761169E0
3.983258354E1,9.104966125E0,-4.550088043E0,5.533093872E0
3.984258554E1,8.937763824E0,-4.835843811E0,5.827082520E0
3.985258654E1,8.456813965E0,-5.149741058E0,5.994733887E0
3.986258854E1,8.056845703E0,-5.281467133E0,5.671406250E0
3.987258954E1,7.834857330E0,-5.499114532E0,5.811065826E0
3.988259154E1,7.652985535E0,-5.563780060E0,5.870641937E0
3.989259254E1,7.540569305E0,-5.323829041E0,5.705834656E0
3.990259354E1,7.488777008E0,-5.062771912E0,5.965993652E0
3.991259554E1,7.520960083E0,-5.154381409E0,6.105802917E0
3.992259654E1,7.378905487E0,-5.205874329E0,6.001918945E0
3.993259854E1,7.328011322E0,-5.225782928E0,5.462889862E0
3.994259954E1,7.230414276E0,-5.348377991E0,5.368585968E0
3.995260054E1,7.273674316E0,-5.351371765E0,4.827610931E0
3.996260254E1,7.319928131E0,-5.068310394E0,4.734205170E0
3.997260354E1,7.466772766E0,-4.924609222E0,4.441713409E0
3.998260554E1,7.698191528E0,-5.008135529E0,4.489913177E0
3.999260654E1,8.081843719E0,-4.996759186E0,3.677103424E0
4.000260754E1,8.130941620E0,-4.945865021E0,3.637286224E0
4.001260954E1,8.213120728E0,-5.309758301E0,3.672014008E0
4.002261054E1,8.176596680E0,-5.683231659E0,3.768114166E0
4.003261254E1,8.179440765E0,-5.886359253E0,3.276237030E0
4.004261354E1,8.078849945E0,-6.036796417E0,3.430715790E0
4.005261554E1,8.117170258E0,-6.361770630E0,3.783831482E0
4.006261654E1,8.213270416E0,-6.493197327E0,3.930676117E0
4.007261754E1,8.226443024E0,-6.464606781E0,4.106410675E0
4.008261954E1,8.125403137E0,-6.310427399E0,4.014352112E0
4.009262054E1,7.960146790E0,-6.202202454E0,3.904929657E0
4.010262254E1,7.799081726E0,-6.111940155E0,3.622766418E0
4.011262354E1,7.533683624E0,-5.871689758E0,3.421884155E0
4.012262512E1,7.299720154E0,-5.711073761E0,3.201392670E0
4.013262712E1,7.249873810E0,-5.755231934E0,3.048261108E0
4.014262812E1,7.246580658E0,-5.898034973E0,3.150797882E0
4.015263012E1,7.249424744E0,-6.013295288E0,3.336112518E0
4.016263112E1,7.290140076E0,-6.049819336E0,3.420087891E0
4.017263312E1,7.411986694E0,-6.074817352E0,3.548670502E0
4.018263412E1,7.565567322E0,-6.002667389E0,3.560346222E0
4.019263512E1,7.733368378E0,-5.789660339E0,3.539988556E0
4.020263712E1,7.988138580E0,-5.529800720E0,3.374582520E0
4.021263812E1,8.221802673E0,-5.275778961E0,3.331023102E0
4.022264012E1,8.375233612E0,-5.143753510E0,3.251837769E0
4.023264112E1,8.466693420E0,-5.170847168E0,3.031495972E0
4.024264212E1,8.522677002E0,-5.287155304E0,3.427272949E0
4.025264412E1,8.749605103E0,-5.460345154E0,3.766018524E0
4.026264512E1,9.216783600E0,-5.674699402E0,3.956123199E0
4.027264712E1,9.785001984E0,-5.773344269E0,4.173321533E0
4.028264812E1,1.034438873E1,-5.688770142E0,4.308340759E0
4.029265012E1,1.080049026E1,-5.600453796E0,4.352199554E0
4.030265112E1,1.093850327E1,-5.450016632E0,3.992647247E0
4.031265212E1,1.091260712E1,-5.212161255E0,3.914958801E0
4.032265412E1,1.088895630E1,-5.119503937E0,4.254602509E0
4.033265512E1,1.102187988E1,-5.001249847E0,4.047583008E0
4.034265712E1,1.122306152E1,-4.812791748E0,4.050277405E0
4.035265812E1,1.142828476E1,-4.716242523E0,4.587360535E0
4.036265912E1,1.148471741E1,-4.394262085E0,4.427792358E0
4.037266112E1,1.132350266E1,-4.029620361E0,4.691992950E0
4.038266212E1,1.118519028E1,-3.932472382E0,4.935985565E0
4.039266412E1,1.107187592E1,-3.848946075E0,5.161117401E0
4.040266512E1,1.103131027E1,-3.835773468E0,5.375771027E0
4.041266712E1,1.106319397E1,-3.830384674E0,5.509143677E0
4.042266812E1,1.111977631E1,-3.609294434E0,5.272186432E0
4.043266912E1,1.102831650E1,-3.427422638E0,4.971162415E0
4.044267112E1,1.078911392E1,-3.200943604E0,4.532873840E0
4.045267212E1,1.044408142E1,-3.087778931E0,4.395160217E0
4.046267412E1,1.017688705E1,-2.852168884E0,3.937412109E0
4.047267512E1,9.846224670E0,-2.657423859E0,3.865262146E0
4.048267612E1,9.412127380E0,-2.330952759E0,3.826642456E0
4.049267812E1,8.960965576E0,-1.935774536E0,3.832779694E0
4.050267912E1,8.565038910E0,-1.692979431E0,3.732637939E0
4.051268112E1,8.142916718E0,-1.559307404E0,3.694766693E0
4.052268212E1,7.693551178E0,-1.456022186E0,3.621868286E0
4.053268412E1,7.271129608E0,-1.297052765E0,3.543581085E0
4.054268512E1,6.948101349E0,-1.098266144E0,3.575764160E0
4.055268612E1,6.747967529E0,-8.247848511E-1,3.190315704E0
4.056268812E1,6.645131378E0,-6.439608765E-1,3.150199127E0
4.057268912E1,6.777156830E0,-4.508624268E-1,2.626438293E0
4.058269112E1,6.913822632E0,-6.616241455E-2,2.290087738E0
4.059269212E1,7.143145752E0,2.148033142E-1,2.277064819E0
4.060269312E1,7.262747040E0,6.399192810E-1,2.550396423E0
4.061269512E1,7.322323151E0,1.066831512E0,2.793939972E0
4.062269612E1,7.358996887E0,1.592687988E0,3.185974731E0
4.063269812E1,7.476801910E0,1.985171814E0,3.526815948E0
4.064269912E1,7.676935730E0,2.313439178E0,3.494932251E0
4.065270112E1,7.974367218E0,2.557731171E0,3.183280334E0
4.066270212E1,8.115224304E0,2.761307831E0,3.016976166E0
4.067270312E1,8.111332397E0,2.908451843E0,2.887196045E0
4.068270512E1,7.900420990E0,3.132535858E0,2.823278961E0
4.069270612E1,7.614515533E0,3.233426056E0,2.838846588E0
4.070270812E1,7.459887085E0,3.291355591E0,2.793490906E0
4.071270912E1,7.591313782E0,3.235671387E0,2.608775024E0
4.072271112E1,7.883206787E0,3.122806091E0,2.374512177E0
4.073271212E1,8.121660919E0,3.100652161E0,2.230661316E0
4.074271312E1,8.180338898E0,3.191513214E0,2.466720428E0
4.075271512E1,8.169561310E0,3.391497345E0,2.543061676E0
4.076271612E1,8.134534149E0,3.489393768E0,2.685265961E0
4.077271812E1,8.165669403E0,3.530258789E0,2.703827362E0
4.078271912E1,8.182733917E0,3.643124084E0,2.780767365E0
4.079272012E1,8.124205627E0,3.756887512E0,2.802172852E0
4.080272212E1,8.016878815E0,3.854035492E0,2.843037872E0
4.081272312E1,7.883206787E0,3.968247986E0,2.884950714E0
4.082272512E1,7.709118805E0,4.119583282E0,2.885100403E0
4.083272612E1,7.536228333E0,4.269421692E0,2.962190094E0
4.084272812E1,7.480244751E0,4.379742279E0,3.107687531E0
4.085272912E1,7.526348877E0,4.433929596E0,3.277135162E0
4.086273012E1,7.558082886E0,4.461172943E0,3.394790497E0
4.087273212E1,7.489076385E0,4.469555511E0,3.474424896E0
4.088273312E1,7.305258636E0,4.514312439E0,3.444337463E0
4.089273512E1,7.094796295E0,4.531526642E0,3.507506104E0
4.090273612E1,6.912924500E0,4.508324890E0,3.660787354E0
4.091273812E1,6.754404144E0,4.577930145E0,3.991000671E0
4.092273912E1,6.715934143E0,4.650379486E0,4.332590332E0
4.093274012E1,6.973997498E0,4.704267426E0,4.455484772E0
4.094274212E1,7.505392456E0,4.934338989E0,4.489164734E0
4.095274312E1,8.199049988E0,5.139562225E0,4.107907562E0
4.096274512E1,8.809630280E0,5.495971069E0,3.901337128E0
4.097274612E1,9.161249084E0,5.913752289E0,3.698957977E0
4.098274712E1,9.253307648E0,6.319558411E0,3.565285950E0
4.099274912E1,9.166039124E0,6.569388885E0,3.771856384E0
4.100275012E1,9.047335968E0,6.369853821E0,4.534520416E0
4.101275212E1,8.524922333E0,6.553372192E0,4.462220764E0
4.102275312E1,7.880362701E0,6.836134186E0,4.413871307E0
4.103275512E1,7.705226898E0,6.548133087E0,4.112547913E0
4.104275612E1,7.533683624E0,5.983806610E0,3.691174164E0
4.105275712E1,6.923851776E0,5.652695160E0,3.337010651E0
4.106275912E1,6.345454559E0,5.378016357E0,3.191064148E0
4.107276012E1,5.957162018E0,5.338199158E0,3.282074890E0
4.108276212E1,5.694009247E0,5.574258270E0,3.453468475E0
4.109276312E1,5.593568115E0,5.876928864E0,3.525618439E0
4.110276412E1,5.574557648E0,6.201903076E0,3.488944702E0
4.111276612E1,5.603896637E0,6.553072815E0,3.450025635E0
4.112276712E1,5.649851074E0,6.733148346E0,3.370540924E0
4.113276879E1,5.712420959E0,6.730903015E0,3.219654694E0
4.114276979E1,5.611830139E0,6.646628265E0,3.150648193E0
4.115277179E1,5.260510712E0,6.547534332E0,3.099903717E0
4.116277279E1,4.704566803E0,6.522536316E0,3.163820801E0
4.117277379E1,4.098477173E0,6.667584686E0,3.285218353E0
4.118277579E1,3.630849609E0,6.945706329E0,3.441493378E0
4.119277679E1,3.574866028E0,7.150630188E0,3.504512329E0
4.120277879E1,3.918701019E0,7.173831940E0,3.351530457E0
4.121277979E1,4.480931854E0,7.162156219E0,3.165167999E0
4.122278179E1,5.014272766E0,7.080725555E0,2.873724060E0
4.123278279E1,5.374423828E0,7.051985321E0,2.661465454E0
4.124278379E1,5.584586792E0,7.022945709E0,2.445464630E0
4.125278579E1,5.642666016E0,7.081473999E0,2.443518677E0
4.126278679E1,5.588778076E0,7.262597351E0,2.679577789E0
4.127278879E1,5.492228851E0,7.527396698E0,2.948867798E0
4.128278979E1,5.490133209E0,7.775131531E0,3.223995667E0
4.129279179E1,5.535937958E0,7.887098694E0,3.384012909E0
4.130279279E1,5.582191772E0,7.920928345E0,3.480262756E0
4.131279379E1,5.591472473E0,7.889793091E0,3.448977814E0
4.132279579E1,5.451064453E0,7.825576630E0,3.319646759E0
4.133279679E1,5.202281799E0,7.815846863E0,3.198398895E0
4.134279879E1,5.046156464E0,7.814948730E0,3.117417297E0
4.135279979E1,4.945266266E0,7.841593323E0,3.011886749E0
4.136280179E1,4.879403229E0,7.927514648E0,3.028053131E0
4.137280279E1,4.877307587E0,8.039032745E0,2.884202271E0
4.138280379E1,4.834197235E0,8.194409637E0,2.812501373E0
4.139280579E1,4.655019836E0,8.342302094E0,2.736459503E0
4.140280679E1,4.357738037E0,8.426876221E0,2.842738495E0
4.141280879E1,4.011058960E0,8.487350464E0,2.799927521E0
4.142280979E1,3.645818481E0,8.585995331E0,2.926264801E0
4.143281079E1,3.397933960E0,8.727002106E0,2.934347992E0
4.144281279E1,3.282973022E0,8.869954834E0,2.848276978E0
4.145281379E1,3.259022827E0,8.963659973E0,2.757415924E0
4.146281579E1,3.223696289E0,9.028624878E0,2.903811493E0
4.147281679E1,3.209475861E0,9.061556396E0,3.313958588E0
4.148281879E1,3.247796173E0,9.050778809E0,3.838916931E0
4.149281979E1,3.322640533E0,8.954079895E0,4.171076202E0
4.150282079E1,3.523373108E0,8.856183472E0,4.403991852E0
4.151282279E1,3.914360046E0,8.794362030E0,4.552033997E0
4.152282379E1,4.324507141E0,8.819659424E0,4.595443726E0
4.153282579E1,4.555776215E0,8.753646698E0,5.082830200E0
4.154282679E1,4.627626801E0,8.488547974E0,4.966372375E0
4.155282879E1,4.400249634E0,8.096213837E0,4.661755829E0
4.156282979E1,4.075874176E0,7.603737946E0,4.369862823E0
4.157283079E1,3.868255920E0,7.094796295E0,3.633244629E0
4.158283279E1,3.709735565E0,6.618037720E0,2.965034180E0
4.159283379E1,3.604953461E0,6.352938995E0,2.176773376E0
4.160283579E1,3.495980072E0,6.257138214E0,1.837129669E0
4.161283679E1,3.510799255E0,6.255491638E0,1.039288788E0
4.162283879E1,3.478466492E0,6.212980042E0,4.833448792E-1
4.163283979E1,3.545826416E0,6.087690582E0,-1.008901978E-1
4.164284079E1,3.633693695E0,5.968538361E0,-4.453239441E-1
4.165284279E1,3.758983154E0,5.821094971E0,-5.577401733E-1
4.166284379E1,4.225862274E0,5.451064453E0,-1.301543427E0
4.167284579E1,5.174888763E0,5.115761719E0,-1.510059814E0
4.168284679E1,6.517596588E0,4.949307861E0,-1.678908691E0
4.169284879E1,7.429799652E0,5.141358490E0,-7.622149658E-1
4.170284979E1,7.957901459E0,5.463338928E0,-5.303471375E-1
4.171285079E1,8.173752594E0,5.560187531E0,-3.502716064E-1
4.172285279E1,8.094716949E0,5.329068146E0,-3.269201660E-1
4.173285379E1,7.886200562E0,4.770280151E0,-4.558021545E-1
4.174285579E1,7.745642853E0,4.084556122E0,-6.602769470E-1
4.175285679E1,7.705526276E0,3.550017700E0,-3.004252625E-1
4.176285779E1,7.506889343E0,3.208128662E0,-1.172062683E-1
4.177285979E1,7.508535919E0,2.748135223E0,-8.526269531E-1
4.178286079E1,7.874524841E0,2.204316101E0,-1.021475830E0
4.179286279E1,8.325686646E0,1.883383484E0,-1.054706726E0
4.180286379E1,8.794960785E0,1.780697021E0,-1.707050171E0
4.181286579E1,9.267827454E0,1.638492737E0,-2.339035950E0
4.182286679E1,9.607770538E0,1.602268066E0,-1.851948853E0
4.183286779E1,1.005758514E1,1.639390869E0,-2.193688202E0
4.184286979E1,1.031519943E1,1.728156281E0,-2.332150269E0
4.185287079E1,1.048180298E1,1.710193634E0,-2.387385406E0
4.186287279E1,1.041653870E1,1.489851837E0,-2.714305573E0
4.187287379E1,1.063732956E1,9.256750488E-1,-3.490890656E0
4.188287579E1,1.147364044E1,2.383044434E-1,-3.642076263E0
4.189287679E1,1.227103226E1,-1.243913269E-1,-3.421285400E0
4.190287779E1,1.278251862E1,-2.701881409E-1,-3.478765869E0
4.191287979E1,1.315195038E1,-3.308120728E-1,-3.320095825E0
4.192288079E1,1.318712723E1,-4.089495850E-1,-3.370241547E0
4.193288279E1,1.290720932E1,-5.282514954E-1,-3.869303741E0
4.194288379E1,1.269899231E1,-6.483018494E-1,-4.129762115E0
4.195288579E1,1.250694168E1,-6.842271423E-1,-3.916156311E0
4.196288679E1,1.202674026E1,-4.938230896E-1,-3.554807739E0
4.197288779E1,1.151285889E1,-3.273692322E-1,-3.856580200E0
4.198288979E1,1.130479156E1,-1.773811340E-1,-3.749852142E0
4.199289079E1,1.104133942E1,1.254391479E-1,-3.756887512E0
4.200289279E1,1.071292236E1,4.969665527E-1,-3.692221985E0
4.201289379E1,1.054721695E1,9.789642334E-1,-2.468666382E0
4.202289579E1,1.051189041E1,1.542093201E0,-1.280886383E0
4.203289679E1,1.067924240E1,1.863325195E0,8.577163696E-2
4.204289779E1,1.076097244E1,2.057022400E0,1.050964508E0
4.205289979E1,1.045081741E1,2.085014191E0,7.002438354E-1
4.206290079E1,9.750274200E0,1.926793213E0,-3.433859253E-1
4.207290279E1,8.777447205E0,1.899549866E0,-9.430389404E-1
4.208290379E1,7.694898376E0,1.839674377E0,-2.313888245E0
4.209290579E1,7.035369873E0,1.449735260E0,-3.951782227E0
4.210290679E1,7.035519562E0,6.978488159E-1,-5.726791077E0
4.211290779E1,7.539371796E0,-3.486250305E-1,-7.698490906E0
4.212290979E1,7.900121613E0,-1.406026154E0,-8.857680359E0
4.213291067E1,8.267158356E0,-2.317031708E0,-9.191785583E0
4.214291267E1,8.524173889E0,-2.967728577E0,-8.578660583E0
4.215291367E1,8.900042267E0,-3.455863495E0,-7.708370361E0
4.216291467E1,9.527986450E0,-3.859573975E0,-5.909710693E0
4.217291667E1,1.019440063E1,-3.521277466E0,-2.938539276E0
4.218291767E1,1.081770447E1,-2.364782410E0,-8.640032959E-1
4.219291967E1,1.131631760E1,-1.075214081E0,9.873468018E-1
4.220292067E1,1.181073944E1,-1.339714050E-1,2.082469482E0
4.221292267E1,1.221175552E1,2.965333557E-1,2.550845490E0
4.222292367E1,1.212688202E1,3.592529297E-1,2.625689850E0
4.223292467E1,1.162273041E1,3.779640198E-1,1.873803406E0
4.224292667E1,1.105915237E1,2.856060791E-1,1.033899994E0
4.225292767E1,1.057326279E1,-3.323089600E-2,3.110531616E-1
4.226292967E1,1.020442978E1,-2.790197754E-1,-2.544708252E-1
4.227293067E1,9.962981873E0,-5.445675659E-1,-9.535171509E-1
4.228293267E1,9.966574402E0,-7.891589355E-1,-1.410217438E0
4.229293367E1,1.011940659E1,-9.024732971E-1,-1.470092926E0
4.230293467E1,1.031759445E1,-8.446934509E-1,-1.231339417E0
4.231293667E1,1.041564056E1,-7.671546936E-1,-9.300160217E-1
4.232293767E1,1.040381516E1,-7.816744995E-1,-7.396119690E-1
4.233293967E1,1.036624329E1,-8.674461365E-1,-9.268725586E-1
4.234294067E1,1.049168243E1,-1.011895752E0,-1.082099762E0
4.235294267E1,1.070379135E1,-9.385482788E-1,-9.153465271E-1
4.236294367E1,1.100167191E1,-8.246351624E-1,-1.180594940E0
4.237294467E1,1.143966110E1,-6.605763245E-1,-5.709127808E-1
4.238294667E1,1.138996445E1,-1.941462708E-1,-4.685256958E-2
4.239294767E1,1.106499023E1,2.183958435E-1,-3.517684937E-1
4.240294967E1,1.106543930E1,3.773652649E-1,-8.252339172E-1
4.241295067E1,1.125165207E1,3.597019958E-1,-1.607058105E0
4.242295267E1,1.145702499E1,3.457809448E-1,-2.358944550E0
4.243295367E1,1.171344177E1,3.697311401E-1,-1.711391144E0
4.244295467E1,1.160611496E1,5.981561279E-1,-5.846841431E-1
4.245295667E1,1.101170105E1,6.065386963E-1,-5.484594727E-1
4.246295767E1,1.041833496E1,1.380130005E-1,-8.319699097E-1
4.247295967E1,9.925859070E0,-4.535568237E-1,-1.330283661E0
4.248296067E1,9.471404114E0,-8.422984314E-1,-1.655407562E0
4.249296267E1,8.957822113E0,-9.930349731E-1,-1.926493835E0
4.250296367E1,8.468489685E0,-1.005309448E0,-2.089055786E0
4.251296467E1,8.138276367E0,-9.470805359E-1,-2.053729248E0
4.252296667E1,8.096363525E0,-8.457412720E-1,-1.924847260E0
4.253296767E1,8.314310303E0,-6.574328613E-1,-1.678908691E0
4.254296967E1,8.599317627E0,-3.125500488E-1,-1.272952881E0
4.255297067E1,8.747509460E0,1.441502380E-1,-7.855664063E-1
4.256297267E1,8.894503784E0,5.816903687E-1,-2.607577515E-1
4.257297367E1,9.149723053E0,9.592053223E-1,1.854643250E-1
4.258297467E1,9.465715942E0,1.311123505E0,5.471122742E-1
4.259297667E1,9.766141205E0,1.606758728E0,9.220825195E-1
4.260297767E1,1.011985565E1,1.796564026E0,1.193617859E0
4.261297967E1,1.047087570E1,1.897753601E0,1.569486237E0
4.262298067E1,1.063119232E1,2.095193024E0,1.991907806E0
4.263298267E1,1.054886353E1,2.387684784E0,2.490670624E0
4.264298367E1,1.031265472E1,2.715952148E0,2.526146851E0
4.265298467E1,1.013766861E1,2.875819702E0,2.335593109E0
4.266298667E1,9.871222687E0,2.876867523E0,2.247725830E0
4.267298767E1,9.570647736E0,2.917582855E0,1.968855743E0
4.268298967E1,9.383686523E0,2.898123322E0,1.962419128E0
4.269299067E1,9.266180878E0,2.846480713E0,1.902393951E0
4.270299267E1,9.123527527E0,2.754871216E0,2.011217651E0
4.271299367E1,8.930578766E0,2.676883392E0,1.805695038E0
4.272299467E1,8.688382416E0,2.631677399E0,1.742975464E0
4.273299667E1,8.487649841E0,2.622995453E0,1.560355225E0
4.274299767E1,8.334667969E0,2.615660706E0,1.557511139E0
4.275299967E1,8.204139404E0,2.638712769E0,1.769320679E0
4.276300067E1,8.193810883E0,2.680775299E0,1.701212311E0
4.277300267E1,8.181386719E0,2.753823395E0,1.968406677E0
4.278300367E1,8.223299561E0,2.850222931E0,2.165546722E0
4.279300467E1,8.274193726E0,2.937491455E0,2.080523529E0
4.280300667E1,8.261170807E0,3.071313171E0,2.142794037E0
4.281300767E1,8.272996216E0,3.123105469E0,2.439926147E0
4.282300967E1,8.412057037E0,3.083587646E0,2.531086578E0
4.283301067E1,8.579409027E0,3.000809784E0,2.672392731E0
4.284301267E1,8.734037476E0,2.944526825E0,2.896327057E0
4.285301367E1,8.911418610E0,2.947819977E0,2.752176819E0
4.286301467E1,9.046737213E0,3.118016052E0,3.073408813E0
4.287301667E1,9.209299164E0,3.359164581E0,3.199297028E0
4.288301767E1,9.326505432E0,3.592379608E0,3.311264191E0
4.289301967E1,9.340725861E0,3.773353271E0,3.344944153E0
4.290302067E1,9.358089752E0,3.829935608E0,2.631976776E0
4.291302267E1,9.267378387E0,3.844904480E0,2.922971649E0
4.292302367E1,9.215586090E0,3.792962494E0,2.763553162E0
4.293302467E1,9.264234924E0,3.829636230E0,2.625689850E0
4.294302667E1,9.548194427E0,3.865411835E0,2.480192413E0
4.295302767E1,9.920769653E0,4.001329193E0,2.758763123E0
4.296302967E1,1.022748184E1,4.207450562E0,2.729124756E0
4.297303067E1,1.033391052E1,4.314627686E0,2.820584564E0
4.298303267E1,1.011521530E1,4.282893677E0,2.990930328E0
4.299303367E1,9.538015594E0,4.096830597E0,3.171005859E0
4.300303467E1,8.782386932E0,3.897445221E0,3.278781738E0
4.301303667E1,8.103548584E0,3.696413269E0,3.297941895E0
4.302303767E1,7.692802734E0,3.489094391E0,3.202440491E0
4.303303967E1,7.493117981E0,3.321592712E0,3.026855621E0
4.304304067E1,7.463629303E0,3.179837494E0,2.950514374E0
4.305304267E1,7.402406616E0,3.229384460E0,2.926264801E0
4.306304367E1,7.216343536E0,3.516637115E0,2.959046631E0
4.307304467E1,6.968309326E0,3.924688568E0,3.087778931E0
4.308304667E1,6.806645508E0,4.193080444E0,3.280128937E0
4.309304767E1,6.717281342E0,4.337679749E0,3.330873413E0
4.310304967E1,6.654262390E0,4.352498932E0,3.348686371E0
4.311305067E1,6.728507996E0,4.367916870E0,3.335663452E0
4.312305267E1,6.882238312E0,4.366120605E0,3.279081116E0
4.313305387E1,7.049440613E0,4.349804535E0,3.214116211E0
4.314305487E1,7.181016998E0,4.342918854E0,3.173999634E0
4.315305687E1,7.329358521E0,4.345912628E0,3.279081116E0
4.316305787E1,7.489974518E0,4.349654846E0,3.460354156E0
4.317305987E1,7.650440826E0,4.336781616E0,3.602857819E0
4.318306087E1,7.782765656E0,4.370910645E0,3.633094940E0
4.319306287E1,7.962990875E0,4.425996094E0,3.650458832E0
4.320306387E1,8.196954346E0,4.445755005E0,3.667822723E0
4.321306487E1,8.345894623E0,4.511318665E0,3.681145020E0
4.322306687E1,8.390052795E0,4.640799408E0,3.703748016E0
4.323306787E1,8.374335480E0,4.809797974E0,3.724704437E0
4.324306987E1,8.404722290E0,4.909340973E0,3.735332336E0
4.325307087E1,8.480764160E0,4.883744202E0,3.610342255E0
4.326307287E1,8.560248871E0,4.749772797E0,3.439996490E0
4.327307387E1,8.614286499E0,4.564458160E0,3.300336914E0
4.328307487E1,8.601562958E0,4.414320374E0,3.155288544E0
4.329307687E1,8.573870544E0,4.381987610E0,3.160228271E0
4.330307787E1,8.531209259E0,4.461622009E0,3.293600922E0
4.331307987E1,8.549471283E0,4.696633301E0,3.488795013E0
4.332308087E1,8.528814240E0,4.878954163E0,3.643872528E0
4.333308287E1,8.437653809E0,4.981790314E0,3.682043152E0
4.334308387E1,8.293503571E0,4.939428406E0,3.653153229E0
4.335308487E1,8.034542084E0,4.768633575E0,3.700604553E0
4.336308687E1,7.712411957E0,4.590354309E0,3.832630005E0
4.337308787E1,7.480843506E0,4.439168701E0,4.046684875E0
4.338308987E1,7.376959534E0,4.331243134E0,4.290827179E0
4.339309087E1,7.393275604E0,4.300257568E0,4.548591156E0
4.340309287E1,7.423961792E0,4.359534302E0,4.747976532E0
4.341309387E1,7.436385956E0,4.455634460E0,4.931195526E0
4.342309587E1,7.375911713E0,4.524042206E0,5.088218994E0
4.343309687E1,7.233557739E0,4.518653412E0,5.212011566E0
4.344309787E1,7.064409485E0,4.450694733E0,5.350773010E0
4.345309987E1,6.944059753E0,4.369563446E0,5.188809814E0
4.346310087E1,6.836134186E0,4.345762939E0,5.264103241E0
4.347310287E1,6.819219360E0,4.316573639E0,5.290897522E0
4.348310387E1,6.870861969E0,4.356690216E0,5.381908264E0
4.349310587E1,7.050937500E0,4.437821503E0,5.354964294E0
4.350310687E1,7.473808136E0,4.461472321E0,5.487289124E0
4.351310787E1,8.155640259E0,4.498744812E0,5.680387573E0
4.352310987E1,8.875792694E0,4.525988159E0,5.742807770E0
4.353311087E1,9.219328308E0,4.886288910E0,6.004313965E0
4.354311287E1,9.134005737E0,5.327870636E0,6.101461945E0
4.355311387E1,8.670569458E0,5.796396332E0,6.254593506E0
4.356311587E1,8.136929169E0,6.032156067E0,6.449787598E0
4.357311687E1,7.694898376E0,5.914800110E0,6.340514832E0
4.358311787E1,7.318281555E0,5.526058502E0,6.044430542E0
4.359311987E1,7.076234894E0,5.115612030E0,5.590125275E0
4.360312087E1,6.800059204E0,4.819527740E0,5.075196075E0
4.361312287E1,6.533014526E0,4.609664154E0,4.670587463E0
4.362312387E1,6.290668488E0,4.229454803E0,4.650828552E0
4.363312587E1,5.491031342E0,4.170776825E0,5.040767670E0
4.364312687E1,4.680616608E0,4.417912903E0,5.009333038E0
4.365312787E1,4.708159332E0,4.071233826E0,4.785847778E0
4.366312987E1,5.092859344E0,3.755240936E0,4.516707458E0
4.367313087E1,5.349276123E0,3.757635956E0,4.323459320E0
4.368313287E1,5.325176239E0,4.043541412E0,4.493954773E0
4.369313387E1,5.257816315E0,4.619393921E0,4.888384552E0
4.370313587E1,5.456303558E0,5.230423279E0,5.212161255E0
4.371313687E1,6.004313965E0,5.630541229E0,5.441184998E0
4.372313787E1,6.622229004E0,5.750890961E0,5.577252045E0
4.373313987E1,7.070097656E0,5.744604034E0,5.848787384E0
4.374314087E1,7.403454437E0,5.632786560E0,6.230044556E0
4.375314287E1,7.646698608E0,5.417833557E0,6.443949738E0
4.376314387E1,7.723189545E0,5.123994598E0,6.333479462E0
4.377314587E1,7.495662689E0,4.836143188E0,5.919889526E0
4.378314687E1,7.091203766E0,4.526287537E0,5.253625031E0
4.379314787E1,6.803052979E0,4.181554413E0,4.428391113E0
4.380314987E1,6.885531464E0,3.792812805E0,3.604205017E0
4.381315087E1,7.185807037E0,3.499422913E0,3.078198853E0
4.382315287E1,7.490423584E0,3.428769836E0,2.911146240E0
4.383315387E1,7.808811493E0,3.577410736E0,3.024011536E0
4.384315587E1,8.125103760E0,3.804039459E0,3.427272949E0
4.385315687E1,8.388106842E0,4.187541962E0,3.967499542E0
4.386315887E1,8.627459106E0,4.667294312E0,4.514013062E0
4.387315987E1,8.772657166E0,5.022355957E0,5.000202026E0
4.388316087E1,8.764873352E0,5.252876587E0,5.243446198E0
4.389316287E1,8.821006622E0,5.384303284E0,5.368436279E0
4.390316387E1,9.159153442E0,5.343737640E0,5.372028809E0
4.391316587E1,9.661359100E0,5.287155304E0,5.555547180E0
4.392316687E1,1.004111938E1,5.255570984E0,5.607489166E0
4.393316887E1,9.911938019E0,5.204377441E0,5.630092163E0
4.394316987E1,9.273964691E0,5.273383942E0,5.880072327E0
4.395317087E1,8.472082214E0,5.362748108E0,5.703888702E0
4.396317287E1,7.763455811E0,5.394033051E0,5.991291046E0
4.397317387E1,7.269782410E0,5.463638306E0,5.576353912E0
4.398317587E1,6.933431854E0,5.565276947E0,5.663472748E0
4.399317687E1,6.838678894E0,5.683830414E0,5.169799347E0
4.400317887E1,6.910529480E0,5.819149017E0,4.528832245E0
4.401317987E1,6.933132477E0,5.950875092E0,4.524042206E0
4.402318087E1,6.962770844E0,5.894143066E0,4.083657990E0
4.403318287E1,6.676116943E0,5.810317383E0,3.606600037E0
4.404318387E1,6.110892334E0,5.751190338E0,4.065395966E0
4.405318587E1,5.764362946E0,5.741909637E0,3.695515137E0
4.406318687E1,5.377567291E0,5.911357269E0,3.300935669E0
4.407318887E1,5.185666351E0,6.144272919E0,4.117487640E0
4.408318987E1,5.509293365E0,6.450985107E0,4.079017639E0
4.409319187E1,5.842650146E0,6.731352081E0,3.650907898E0
4.410319287E1,6.133794708E0,6.726562042E0,3.221750336E0
4.411319387E1,6.421795807E0,6.294111328E0,2.979104919E0
4.412319587E1,6.554420013E0,5.913452911E0,2.000889130E0
4.413319775E1,6.573131104E0,5.778583374E0,1.674418030E0
4.414319975E1,6.692882080E0,5.676795044E0,1.804647217E0
4.415320075E1,6.736591187E0,5.727240143E0,1.527573395E0
4.416320275E1,6.829697571E0,5.787415009E0,1.422342224E0
4.417320375E1,7.063211975E0,5.575605469E0,8.741821289E-1
4.418320475E1,7.258855133E0,5.145998840E0,2.734812927E-1
4.419320675E1,7.666008453E0,4.710704041E0,-2.930905151E-1
4.420320775E1,8.231981506E0,4.552932129E0,-1.051862640E0
4.421320975E1,8.491691437E0,4.531526642E0,-7.869136047E-1
4.422321075E1,8.694070587E0,4.579726410E0,-1.691033478E0
4.423321275E1,8.375233612E0,4.515959015E0,-2.273621979E0
4.424321375E1,7.460934906E0,4.311484222E0,-2.006277924E0
4.425321475E1,6.737189941E0,4.251608734E0,-3.062481537E0
4.426321675E1,6.542594604E0,4.341122589E0,-3.507356415E0
4.427321775E1,6.872807922E0,4.351002045E0,-3.108286285E0
4.428321975E1,7.469467163E0,4.347858582E0,-4.068988495E0
4.429322075E1,7.939789124E0,4.192481689E0,-3.492836609E0
4.430322275E1,7.803422699E0,4.277355194E0,-3.979175262E0
4.431322375E1,7.527995453E0,4.191134491E0,-3.575614471E0
4.432322475E1,7.161108398E0,4.316423950E0,-3.638783112E0
4.433322675E1,7.003785553E0,4.379592590E0,-3.508404236E0
4.434322775E1,7.454797668E0,4.030219116E0,-3.626358948E0
4.435322975E1,7.514224091E0,3.975433044E0,-3.939657440E0
4.436323075E1,7.773185577E0,3.735631714E0,-3.573967896E0
4.437323275E1,7.962092743E0,3.828887787E0,-4.051025848E0
4.438323375E1,8.106242981E0,3.882925415E0,-4.174069977E0
4.439323575E1,8.191415863E0,3.809577942E0,-4.242926788E0
4.440323675E1,7.969427490E0,3.922892303E0,-4.440515900E0
4.441323775E1,8.449179840E0,4.065845032E0,-4.128564606E0
4.442323975E1,8.921447754E0,4.246369629E0,-3.558849335E0
4.443324075E1,9.156309357E0,4.332889709E0,-3.248394928E0
4.444324275E1,9.409133606E0,4.212839355E0,-2.830913086E0
4.445324375E1,9.422904968E0,4.182602234E0,-2.842139740E0
4.446324575E1,9.502239990E0,4.160298615E0,-2.664010162E0
4.447324675E1,9.394763489E0,4.248465271E0,-2.848426666E0
4.448324775E1,9.518855438E0,3.923191681E0,-2.728675690E0
4.449324975E1,9.374106445E0,3.496878204E0,-2.772235107E0
4.450325075E1,9.043593750E0,3.363056488E0,-2.863844604E0
4.451325275E1,8.875643005E0,3.227588196E0,-2.957998810E0
4.452325375E1,8.657696228E0,3.415447540E0,-3.016976166E0
4.453325575E1,8.492140503E0,3.645818481E0,-3.042572937E0
4.454325675E1,8.328530731E0,3.613036652E0,-2.984044647E0
4.455325775E1,8.271948395E0,3.391946411E0,-3.027604065E0
4.456325975E1,8.453820190E0,3.295546875E0,-2.806813202E0
4.457326075E1,8.354277191E0,3.150199127E0,-2.680625610E0
4.458326275E1,8.403075714E0,3.104693756E0,-2.625240784E0
4.459326375E1,8.595425720E0,3.130440216E0,-2.653531952E0
4.460326575E1,8.621321869E0,3.027604065E0,-2.675985260E0
4.461326675E1,8.478967896E0,2.718945923E0,-2.778671722E0
4.462326875E1,8.549770660E0,2.417023773E0,-2.886896667E0
4.463326975E1,8.671766968E0,2.364183655E0,-2.808160400E0
4.464327075E1,8.752299500E0,2.529739380E0,-2.702779541E0
4.465327275E1,8.824299774E0,2.579136658E0,-2.662662964E0
4.466327375E1,8.937015381E0,2.358944550E0,-2.892584839E0
4.467327575E1,9.092541962E0,2.256707153E0,-2.264940033E0
4.468327675E1,9.459578705E0,1.818119202E0,-2.845732269E0
4.469327875E1,9.714049530E0,1.463955688E0,-2.869233398E0
4.470327975E1,9.755213928E0,1.496737518E0,-3.142565002E0
4.471328075E1,9.548942871E0,1.674867096E0,-3.274291077E0
4.472328275E1,9.350904694E0,1.680255890E0,-3.305576019E0
4.473328375E1,9.152716827E0,1.406175842E0,-3.343297577E0
4.474328575E1,9.137747955E0,1.050964508E0,-3.500021667E0
4.475328675E1,9.209149475E0,8.646020508E-1,-3.628604279E0
4.476328875E1,9.228459320E0,8.150550842E-1,-3.693718872E0
4.477328975E1,9.243428192E0,6.486012268E-1,-3.782184906E0
4.478329075E1,9.303004303E0,5.019062805E-1,-3.892954559E0
4.479329275E1,9.225166168E0,5.538482666E-1,-4.036955109E0
4.480329375E1,9.047036591E0,5.665718079E-1,-4.085753632E0
4.481329575E1,8.982520752E0,2.999761963E-1,-4.145928497E0
4.482329675E1,9.048533478E0,-1.607656860E-1,-4.245321808E0
4.483329875E1,9.142837372E0,-5.481600952E-1,-4.327351227E0
4.484329975E1,9.260193329E0,-6.429130554E-1,-4.421355743E0
4.485330175E1,9.240584106E0,-4.246669006E-1,-4.496948547E0
4.486330275E1,9.146579590E0,-1.149609375E-1,-4.489464111E0
4.487330375E1,8.978030090E0,1.414558411E-1,-4.383634186E0
4.488330575E1,8.907676392E0,2.808160400E-1,-4.267475739E0
4.489330675E1,9.037905579E0,1.490899658E-1,-4.197870483E0
4.490330875E1,9.312734070E0,-2.495310974E-1,-4.127367096E0
4.491330975E1,9.569899292E0,-5.677693176E-1,-3.965254211E0
4.492331175E1,9.803114319E0,-5.719606018E-1,-3.793710938E0
4.493331275E1,9.857151947E0,-3.242257690E-1,-3.634741516E0
4.494331375E1,9.814191284E0,-1.559756470E-1,-3.479364624E0
4.495331575E1,9.792187042E0,-2.977308655E-1,-3.335364075E0
4.496331675E1,9.808503113E0,-6.334826660E-1,-3.274440765E0
4.497331875E1,9.810898132E0,-9.035211182E-1,-3.243155823E0
4.498331975E1,9.847422180E0,-1.072220306E0,-3.250640259E0
4.499332175E1,9.885293427E0,-1.152303772E0,-3.097957764E0
4.500332275E1,9.825268250E0,-1.226998444E0,-3.139421539E0
4.501332475E1,9.653874664E0,-1.396595764E0,-3.352278900E0
4.502332575E1,9.473050690E0,-1.703457642E0,-3.674708405E0
4.503332675E1,9.397757263E0,-1.932331696E0,-4.164040833E0
4.504332875E1,9.519903259E0,-2.174677734E0,-4.597239990E0
4.505332975E1,9.642198944E0,-2.403551788E0,-4.692891083E0
4.506333175E1,9.464069366E0,-2.424358521E0,-4.652026062E0
4.507333275E1,9.188193054E0,-2.278561707E0,-4.830305328E0
4.508333475E1,8.983269196E0,-2.055974579E0,-4.840184784E0
4.509333575E1,9.018446045E0,-1.862427063E0,-5.116510162E0
4.510333675E1,9.228758698E0,-1.780247955E0,-5.522915039E0
4.511333875E1,9.406439209E0,-1.760039978E0,-5.210664368E0
4.512333975E1,9.719588013E0,-1.688039703E0,-4.968617706E0
4.513334150E1,1.023436752E1,-1.545985107E0,-5.188510437E0
4.514334250E1,1.068867279E1,-1.379381561E0,-4.952900391E0
4.515334450E1,1.100286942E1,-1.102008362E0,-4.724176025E0
4.516334550E1,1.131122818E1,-9.569599915E-1,-4.558769989E0
4.517334650E1,1.143382324E1,-6.512956238E-1,-4.113146667E0
4.518334850E1,1.114627121E1,-1.933978271E-1,-3.365451508E0
4.519334950E1,1.068478088E1,2.454895020E-1,-3.441194000E0
4.520335150E1,1.030711624E1,5.063969421E-1,-3.247347107E0
4.521335250E1,1.004336472E1,5.730084229E-1,-2.821632385E0
4.522335450E1,9.685159607E0,6.216572571E-1,-2.453547821E0
4.523335550E1,9.261091461E0,5.451663208E-1,-2.235451355E0
4.524335750E1,8.913364563E0,4.117936707E-1,-1.694626007E0
4.525335850E1,8.834328918E0,1.112187195E-1,-1.114881592E0
4.526335950E1,8.960217133E0,5.837860107E-2,-9.818083191E-1
4.527336150E1,9.281299438E0,4.956193542E-1,-1.501228180E0
4.528336250E1,9.433832245E0,1.114282837E0,-1.937121735E0
4.529336450E1,9.413624268E0,1.866019592E0,-2.684816895E0
4.530336550E1,9.171577606E0,2.375260620E0,-2.826871490E0
4.531336750E1,8.897647247E0,2.496059418E0,-2.863694916E0
4.532336850E1,9.061107330E0,2.100282440E0,-2.164199524E0
4.533337050E1,9.784552917E0,1.602268066E0,-1.031055908E0
4.534337150E1,1.050814819E1,1.373693390E0,6.586303711E-2
4.535337250E1,1.111423782E1,1.445693665E0,7.283853149E-1
4.536337450E1,1.176927567E1,1.630858612E0,1.251846771E0
4.537337550E1,1.221489899E1,1.951641541E0,2.165097656E0
4.538337750E1,1.242625946E1,2.245031433E0,2.686313782E0
4.539337850E1,1.264510437E1,2.254761200E0,2.640958099E0
4.540338050E1,1.268312531E1,1.992057495E0,3.348536682E0
4.541338150E1,1.269989044E1,1.703457642E0,3.424279175E0
4.542338250E1,1.257564880E1,1.524729309E0,3.194956055E0
4.543338450E1,1.237386841E1,1.584305420E0,2.976260834E0
4.544338550E1,1.218316498E1,1.849553833E0,2.624043274E0
4.545338750E1,1.178574142E1,2.191293182E0,2.490221558E0
4.546338850E1,1.114567245E1,2.651585999E0,2.087109833E0
4.547339050E1,1.051832703E1,3.253783722E0,1.953138428E0
4.548339150E1,1.011506561E1,3.812422028E0,1.430425415E0
4.549339350E1,9.857451324E0,4.127516785E0,1.809437256E0
4.550339450E1,9.845027161E0,4.243824921E0,1.360071716E0
4.551339550E1,9.949360199E0,4.291126556E0,1.587448883E0
4.552339750E1,1.000025436E1,4.449497223E0,1.742227020E0
4.553339850E1,1.007524841E1,4.571942596E0,1.878294067E0
4.554340050E1,1.034798126E1,4.582869873E0,2.065404968E0
4.555340150E1,1.070768326E1,4.709356842E0,2.307152252E0
4.556340350E1,1.119312378E1,4.850513306E0,2.207459564E0
4.557340450E1,1.158665543E1,5.011728058E0,2.973566437E0
4.558340650E1,1.149055527E1,5.361101532E0,3.361260223E0
4.559340750E1,1.098909805E1,5.602848816E0,3.353775787E0
4.560340850E1,1.049512527E1,5.706882477E0,3.121458893E0
4.561341050E1,1.006027954E1,5.687422943E0,2.818189545E0
4.562341150E1,9.626481628E0,5.576204224E0,2.282752991E0
4.563341350E1,9.035061493E0,5.635331268E0,2.142794037E0
4.564341450E1,8.395740967E0,5.562432861E0,1.317111053E0
4.565341650E1,7.888445892E0,5.329966278E0,9.409432983E-1
4.566341750E1,7.085365906E0,5.108127594E0,2.125130768E0
4.567341850E1,5.872438202E0,4.999004517E0,2.816842346E0
4.568342050E1,4.863087158E0,4.583917694E0,2.384092255E0
4.569342150E1,4.166136475E0,3.889811096E0,1.348096619E0
4.570342350E1,3.789369965E0,3.213068390E0,3.149450684E-1
4.571342450E1,3.478017426E0,2.853665771E0,-4.978646851E-1
4.572342650E1,2.977907410E0,2.985840912E0,-1.208137665E0
4.573342750E1,2.403851166E0,3.673061829E0,-1.036295013E0
4.574342950E1,1.853296051E0,4.797074432E0,-9.361532593E-1
4.575343050E1,1.905537415E0,5.974376221E0,-8.674461365E-1
4.576343150E1,2.541265411E0,7.203320618E0,-1.363664246E-1
4.577343350E1,3.391647034E0,8.317453766E0,3.110531616E-1
4.578343450E1,4.235442352E0,9.210197296E0,1.019380188E-1
4.579343650E1,4.738396454E0,9.414223022E0,-1.667532349E-1
4.580343750E1,4.706213379E0,9.111552429E0,-7.229965210E-1
4.581343950E1,4.431983643E0,8.722361755E0,-6.662644958E-1
4.582344050E1,4.045786743E0,8.501570892E0,-2.025288391E-1
4.583344250E1,3.491339722E0,8.332272949E0,-4.031117249E-1
4.584344350E1,3.284619598E0,7.794740753E0,-1.128802643E0
4.585344450E1,3.366199951E0,7.142996063E0,-1.534758453E0
4.586344650E1,3.104244690E0,6.867568817E0,-2.772534485E0
4.587344750E1,2.634521484E0,6.939419403E0,-3.367996216E0
4.588344950E1,2.140099640E0,7.418423309E0,-3.472478943E0
4.589345050E1,1.869163055E0,7.893834686E0,-3.407364349E0
4.590345250E1,1.960922241E0,8.063282318E0,-2.815794525E0
4.591345350E1,2.301763458E0,7.845036163E0,-2.327060852E0
4.592345550E1,2.592458954E0,7.644453278E0,-1.337768097E0
4.593345650E1,2.722089386E0,7.891888733E0,-7.328759766E-1
4.594345750E1,2.846480713E0,8.463999023E0,-2.390528870E-1
4.595345950E1,2.952011261E0,9.127419434E0,-2.303709412E-1
4.596346050E1,2.739004211E0,9.570498047E0,-1.115031281E0
4.597346250E1,2.047592010E0,9.342671814E0,-2.451601868E0
4.598346350E1,8.647517395E-1,8.435707855E0,-3.107238464E0
4.599346550E1,-3.493734741E-1,7.547754364E0,-2.975662079E0
4.600346650E1,-1.136137390E0,7.736362152E0,-2.555485840E0
4.601346850E1,-9.987231445E-1,8.955876160E0,-2.520308990E0
4.602346950E1,1.933978271E-1,9.703421631E0,-2.967728577E0
4.603347050E1,1.607058105E0,9.596693573E0,-2.790347443E0
4.604347250E1,2.486928406E0,9.059011688E0,-2.056723022E0
4.605347350E1,2.872825928E0,8.382119293E0,-1.751358032E0
4.606347550E1,2.771486664E0,7.840545502E0,-2.015858002E0
4.607347650E1,2.167043610E0,7.631280670E0,-2.553539886E0
4.608347850E1,1.564546509E0,7.698191528E0,-3.006198578E0
4.609347950E1,1.479822693E0,7.981103210E0,-1.805695038E0
4.610348150E1,1.886826324E0,8.498427429E0,-1.075214081E0
4.611348250E1,2.439477081E0,8.757538605E0,-6.310876465E-1
4.612348350E1,3.087778931E0,8.521629181E0,-7.194039917E-1
4.613348554E1,3.425476685E0,8.092321930E0,-1.388662262E0
4.614348654E1,2.962339783E0,7.714357910E0,-2.121837616E0
4.615348854E1,2.142494659E0,7.368127899E0,-2.727029114E0
4.616348954E1,1.671274567E0,7.230563965E0,-2.624642029E0
4.617349154E1,1.611399078E0,7.423812103E0,-2.705174561E0
4.618349254E1,2.030228119E0,7.646997986E0,-2.317780151E0
4.619349454E1,2.763104095E0,7.804470520E0,-2.122586060E0
4.620349554E1,3.387006683E0,7.828720093E0,-2.338437195E0
4.621349654E1,3.876339111E0,7.641010437E0,-2.928210754E0
4.622349854E1,4.655169525E0,7.236401825E0,-3.099903717E0
4.623349954E1,5.618865509E0,7.087760925E0,-1.922601929E0
4.624350154E1,6.144123230E0,7.427105255E0,-1.042731628E0
4.625350254E1,6.467450867E0,7.841144257E0,-4.017645264E-1
4.626350454E1,6.657854919E0,8.027357025E0,-1.860630798E-1
4.627350554E1,6.390810242E0,7.984546051E0,-2.894979858E-1
4.628350754E1,5.674549713E0,7.748636627E0,-6.336323547E-1
4.629350854E1,4.828209686E0,7.353757782E0,-9.252259827E-1
4.630350954E1,4.359683990E0,6.901997223E0,-8.475375366E-1
4.631351154E1,4.350403290E0,6.712940369E0,-4.013154602E-1
4.632351254E1,4.596641235E0,6.844965820E0,-4.391867065E-1
4.633351454E1,5.043312378E0,7.135960693E0,-5.652246094E-1
4.634351554E1,5.332960052E0,7.519463196E0,-4.324507141E-1
4.635351754E1,5.305567017E0,7.850125580E0,-2.149530029E-1
4.636351854E1,5.312452698E0,7.931855621E0,1.833686829E-1
4.637352054E1,5.623805237E0,7.687563629E0,7.583230591E-1
4.638352154E1,6.390660553E0,7.170389099E0,1.159937897E0
4.639352254E1,7.282655640E0,6.682403870E0,1.797611847E0
4.640352454E1,7.969876556E0,6.878795471E0,2.392774200E0
4.641352554E1,8.487200775E0,7.413782959E0,2.231409760E0
4.642352754E1,8.857680359E0,7.953560486E0,1.665586395E0
4.643352854E1,8.930279388E0,8.428223419E0,7.345225525E-1
4.644353054E1,8.940158844E0,8.547225952E0,7.634124756E-3
4.645353154E1,9.135203247E0,8.423283691E0,-7.843688965E-2
4.646353354E1,9.384285278E0,8.373736725E0,2.445913696E-1
4.647353454E1,9.485923920E0,8.444988556E0,5.864804077E-1
4.648353554E1,9.480984192E0,8.503367157E0,9.318122864E-1
4.649353754E1,9.500593414E0,8.278534698E0,1.075962524E0
4.650353854E1,9.210945740E0,7.725734253E0,1.274300079E0
4.651354054E1,8.701555023E0,6.949747925E0,1.544338531E0
4.652354154E1,8.297395477E0,6.092779999E0,1.610650635E0
4.653354354E1,8.081095276E0,5.137616272E0,1.401535492E0
4.654354454E1,8.004454651E0,4.316873016E0,1.212628326E0
4.655354654E1,7.647746429E0,4.098926239E0,2.076781311E0
4.656354754E1,6.977739716E0,4.604574738E0,2.818189545E0
4.657354854E1,6.148763580E0,5.353467407E0,4.030219116E0
4.658355054E1,5.799689484E0,5.880072327E0,5.105732574E0
4.659355154E1,6.145320740E0,5.976022797E0,5.756429443E0
4.660355354E1,6.790329437E0,5.864504700E0,6.368656311E0
4.661355454E1,7.110663300E0,6.034551086E0,6.909781036E0
4.662355654E1,6.745123444E0,6.449937286E0,6.871161346E0
4.663355754E1,6.057154083E0,6.790179749E0,6.588998108E0
4.664355954E1,5.320835266E0,7.055278473E0,6.463708649E0
4.665356054E1,4.498894501E0,7.082821198E0,5.579048309E0
4.666356154E1,3.630101166E0,7.059769135E0,5.228477325E0
4.667356354E1,2.958747253E0,6.960226135E0,5.170398102E0
4.668356454E1,2.590363312E0,6.694378967E0,5.390590210E0
4.669356654E1,2.570005646E0,6.205046539E0,5.170847168E0
4.670356754E1,3.059038696E0,5.647905121E0,5.369633789E0
4.671356954E1,3.648363190E0,5.517226868E0,5.578748932E0
4.672357054E1,4.111949158E0,5.755231934E0,5.807772675E0
4.673357254E1,4.412973175E0,5.985153809E0,6.298152924E0
4.674357354E1,4.672533417E0,6.060447235E0,6.740483093E0
4.675357554E1,5.061724091E0,6.047274628E0,7.005881195E0
4.676357654E1,5.399870911E0,6.222859497E0,7.691904602E0
4.677357754E1,5.852679291E0,6.429130554E0,7.249574432E0
4.678357954E1,6.104306030E0,6.775809631E0,7.595654755E0
4.679358054E1,6.320606232E0,6.700516205E0,7.210206299E0
4.680358254E1,6.183042297E0,6.434818726E0,7.180118866E0
4.681358354E1,5.642815704E0,6.047723694E0,7.511829071E0
4.682358554E1,4.851860504E0,5.571414185E0,7.116052094E0
4.683358654E1,3.795806580E0,5.434299316E0,7.124734039E0
4.684358854E1,2.849025421E0,5.399421844E0,6.476132812E0
4.685358954E1,1.984423370E0,5.410349121E0,5.737119598E0
4.686359054E1,1.897005157E0,5.272635498E0,5.198389893E0
4.687359254E1,2.736609192E0,5.088967438E0,6.056854706E0
4.688359354E1,4.122876434E0,4.987179108E0,6.349496155E0
4.689359554E1,5.305417328E0,4.942122803E0,7.197632446E0
4.690359654E1,5.733976135E0,4.739743652E0,7.443421326E0
4.691359854E1,5.026846619E0,5.134173431E0,6.972350922E0
4.692359954E1,3.949087830E0,6.083648987E0,6.266269226E0
4.693360154E1,4.024980011E0,6.154900818E0,6.040089569E0
4.694360254E1,4.650828552E0,5.259462891E0,6.432423706E0
4.695360354E1,4.712649994E0,4.391118622E0,6.641089783E0
4.696360554E1,4.489913177E0,3.995341644E0,7.335046692E0
4.697360654E1,4.205654297E0,4.141138458E0,7.403454437E0
4.698360854E1,3.677552490E0,4.727469177E0,7.101532288E0
4.699360954E1,3.455863495E0,5.456752625E0,6.191275177E0
4.700361154E1,3.814966736E0,5.679489441E0,5.976172485E0
4.701361254E1,4.343966675E0,5.317691803E0,6.666237488E0
4.702361454E1,4.558171234E0,4.893623657E0,6.929839325E0
4.703361554E1,4.428540802E0,4.651876373E0,7.029232635E0
4.704361654E1,4.281845856E0,4.476590881E0,7.056925049E0
4.705361854E1,4.187841339E0,4.519701233E0,6.774312744E0
4.706361954E1,4.105362854E0,4.608915710E0,6.628815308E0
4.707362154E1,4.050726471E0,4.628075867E0,6.772067413E0
4.708362254E1,3.997437286E0,4.639901276E0,7.229516144E0
4.709362454E1,4.106859741E0,4.606820068E0,7.547454987E0
4.710362554E1,4.648134155E0,4.442461853E0,8.033943329E0
4.711362754E1,5.296136627E0,4.349654846E0,8.421038361E0
4.712362854E1,5.791606293E0,4.383933563E0,8.196205902E0
4.713362912E1,6.050717468E0,4.394411774E0,7.934849396E0
4.714363112E1,5.992039490E0,4.346212006E0,7.815098419E0
4.715363213E1,5.585634613E0,4.340074768E0,7.594157867E0
4.716363412E1,5.247188416E0,4.310137024E0,7.805069275E0
4.717363512E1,5.277126160E0,4.168082428E0,7.815098419E0
4.718363712E1,5.744154968E0,3.868405609E0,8.183482361E0
4.719363812E1,6.437662811E0,3.687282257E0,8.317304077E0
4.720364012E1,6.899153137E0,3.888314209E0,7.907755737E0
4.721364112E1,7.178023224E0,4.283941498E0,7.636968842E0
4.722364312E1,7.386539612E0,4.585264893E0,7.391030273E0
4.723364412E1,7.526049500E0,4.698878632E0,6.885082397E0
4.724364512E1,7.628137207E0,4.556674347E0,6.483766937E0
4.725364712E1,7.821984100E0,4.134552155E0,6.427334290E0
4.726364812E1,8.397986298E0,3.613336029E0,6.512207794E0
4.727365012E1,9.162596283E0,3.095862122E0,6.524182892E0
4.728365112E1,9.759854279E0,2.609224091E0,7.406747589E0
4.729365312E1,1.005444168E1,2.255060577E0,8.588540039E0
4.730365412E1,9.933942261E0,2.082170105E0,9.055568848E0
4.731365612E1,9.386530609E0,2.215393066E0,8.822653198E0
4.732365713E1,8.642278290E0,2.344724121E0,7.620353394E0
4.733365812E1,7.702083435E0,2.249971161E0,6.125711517E0
4.734366012E1,6.509363708E0,2.077829132E0,5.281467133E0
4.735366112E1,5.537135468E0,2.110161896E0,4.969665527E0
4.736366312E1,5.193599854E0,2.440674591E0,4.281247101E0
4.737366412E1,5.771098938E0,2.576142883E0,3.724405060E0
4.738366612E1,6.814129944E0,2.530487823E0,3.589984589E0
4.739366712E1,7.350614319E0,2.706222382E0,3.801345062E0
4.740366912E1,7.484585724E0,3.158282318E0,4.073179779E0
4.741367012E1,7.767347717E0,3.635639648E0,4.515509949E0
4.742367212E1,8.322094116E0,4.061653748E0,4.904550934E0
4.743367312E1,9.015302582E0,4.112398224E0,5.487588501E0
4.744367412E1,9.436077576E0,3.669020233E0,5.836063843E0
4.745367612E1,9.252708893E0,3.120710449E0,6.256539459E0
4.746367712E1,8.750952301E0,2.912643127E0,6.779102783E0
4.747367912E1,8.051307220E0,3.165617065E0,6.589297485E0
4.748368012E1,7.163054352E0,3.535048828E0,6.058351593E0
4.749368213E1,6.348897400E0,3.629203033E0,5.597909088E0
4.750368312E1,5.800587616E0,3.618575134E0,4.864733734E0
4.751368512E1,5.493576050E0,3.607049103E0,4.573589172E0
4.752368612E1,5.384452972E0,3.546574860E0,4.839286652E0
4.753368712E1,5.441184998E0,3.390150146E0,5.312901764E0
4.754368912E1,5.569468231E0,3.361559601E0,5.793103180E0
4.755369013E1,5.755231934E0,3.548221436E0,6.195466461E0
4.756369212E1,6.161786499E0,3.874842224E0,6.842720490E0
4.757369312E1,6.670129395E0,4.176165619E0,7.333100739E0
4.758369512E1,7.192243652E0,4.211342468E0,7.529043274E0
4.759369612E1,7.567213898E0,4.037404175E0,7.551197205E0
4.760369812E1,7.523953857E0,4.026177521E0,7.656278687E0
4.761369912E1,7.160060577E0,4.028871918E0,8.068371735E0
4.762370112E1,6.491700439E0,3.898942108E0,8.024812317E0
4.763370212E1,5.509892120E0,3.825594635E0,7.955506439E0
4.764370312E1,4.610562286E0,3.764222260E0,7.470514984E0
4.765370512E1,3.978726196E0,3.831282806E0,7.053631897E0
4.766370612E1,3.696263580E0,3.957470398E0,6.821015625E0
4.767370812E1,3.871399384E0,4.046235809E0,6.752607880E0
4.768370912E1,4.339625702E0,4.082011414E0,7.527546387E0
4.769371112E1,4.886438599E0,4.011657715E0,8.257428589E0
4.770371212E1,5.366939392E0,3.946393433E0,8.918603668E0
4.771371412E1,5.486840057E0,4.141288147E0,9.202862549E0
4.772371513E1,5.437293091E0,4.271966400E0,9.164841614E0
4.773371612E1,5.415139160E0,4.443659363E0,8.683592377E0
4.774371812E1,5.371879120E0,4.719535675E0,8.566535797E0
4.775371912E1,5.146298218E0,4.913981323E0,8.246651001E0
4.776372112E1,4.616250458E0,4.992567902E0,8.148305511E0
4.777372212E1,3.970643005E0,5.073699188E0,7.991581421E0
4.778372412E1,3.550616455E0,5.010081482E0,7.540120239E0
4.779372512E1,3.338657227E0,4.743485870E0,7.322023773E0
4.780372712E1,2.949466553E0,4.459975433E0,7.016509094E0
4.781372812E1,2.659070435E0,4.316723328E0,6.454577637E0
4.782373012E1,2.674638062E0,4.358785858E0,6.255940704E0
4.783373112E1,3.087479553E0,4.473447418E0,6.286926270E0
4.784373212E1,3.924089813E0,4.542753296E0,6.855743408E0
4.785373412E1,4.996908875E0,4.503534851E0,7.887547760E0
4.786373512E1,6.018534393E0,4.384232941E0,8.468639374E0
4.787373712E1,6.754703522E0,4.358785858E0,8.569978638E0
4.788373812E1,6.985373840E0,4.644242249E0,8.128097534E0
4.789374013E1,6.611451416E0,5.025649109E0,7.573650513E0
4.790374112E1,5.778134308E0,5.329367523E0,7.246430969E0
4.791374312E1,4.900958405E0,5.421276398E0,7.020101624E0
4.792374412E1,4.154311066E0,5.176685028E0,6.604116669E0
4.793374512E1,3.892355804E0,4.674479370E0,6.220165100E0
4.794374712E1,4.187991028E0,4.240681458E0,6.348448334E0
4.795374813E1,4.630919952E0,4.067341919E0,6.796616364E0
4.796375012E1,4.832400970E0,4.163442078E0,6.912625122E0
4.797375112E1,4.759502563E0,4.587809601E0,6.804849243E0
4.798375312E1,4.682113495E0,5.288053436E0,6.515351257E0
4.799375412E1,5.086722107E0,5.575306091E0,6.264922028E0
4.800375612E1,6.028862915E0,5.330714722E0,6.455775146E0
4.801375712E1,6.719376984E0,5.062023468E0,7.322472839E0
4.802375912E1,6.791077881E0,4.582420807E0,7.728428650E0
4.803376012E1,6.524781647E0,4.180356903E0,8.075107727E0
4.804376112E1,6.258934479E0,4.019441528E0,7.217391357E0
4.805376312E1,5.749394073E0,4.393813019E0,6.187982025E0
4.806376412E1,5.186714172E0,4.864584045E0,5.348078613E0
4.807376612E1,4.807552643E0,5.080584869E0,4.989873505E0
4.808376712E1,4.824317780E0,4.945266266E0,5.254223785E0
4.809376912E1,4.916076965E0,4.653073883E0,5.845194855E0
4.810377012E1,5.033283234E0,4.301155701E0,6.386618958E0
4.811377212E1,5.188809814E0,3.878434753E0,6.751859436E0
4.812377313E1,5.231022034E0,3.633094940E0,7.173382874E0
4.813377550E1,5.100942535E0,3.813469849E0,7.461982727E0
4.814377650E1,4.809049530E0,4.172722778E0,7.302713928E0
4.815377750E1,4.432582397E0,4.487817535E0,6.815626831E0
4.816377950E1,4.126019897E0,4.790488129E0,6.399043121E0
4.817378050E1,4.003574524E0,5.017416229E0,6.310128021E0
4.818378250E1,4.091591492E0,5.048401794E0,6.660699005E0
4.819378350E1,4.195475464E0,4.983287201E0,7.113806763E0
4.820378550E1,4.175566864E0,5.060077515E0,7.499554596E0
4.821378650E1,4.048780518E0,5.152884521E0,7.509134674E0
4.822378850E1,3.897295532E0,5.216502228E0,7.093748474E0
4.823378950E1,3.747457123E0,5.204227753E0,6.712640991E0
4.824379050E1,3.642974396E0,5.054389343E0,6.481671295E0
4.825379250E1,3.532953186E0,4.899012451E0,6.447242889E0
4.826379350E1,3.424728241E0,4.813091125E0,6.721322937E0
4.827379550E1,3.367696838E0,4.872667236E0,7.111112366E0
4.828379650E1,3.441942444E0,4.995561676E0,7.443571014E0
4.829379850E1,3.644620972E0,5.124743042E0,7.620802460E0
4.830379950E1,3.856729889E0,5.223088531E0,7.651488647E0
4.831380150E1,4.035458221E0,5.284909973E0,7.548502808E0
4.832380250E1,4.152963867E0,5.287754059E0,7.294930115E0
4.833380450E1,4.193230133E0,5.210664368E0,7.001390533E0
4.834380550E1,4.229155426E0,5.065017242E0,6.813531189E0
4.835380650E1,4.283342743E0,4.936284943E0,6.879543915E0
4.836380850E1,4.305197296E0,4.882397003E0,7.037016449E0
4.837380950E1,4.349954224E0,4.940476227E0,7.180867310E0
4.838381150E1,4.437073059E0,5.089715881E0,7.333849182E0
4.839381250E1,4.695735168E0,5.131179657E0,7.091802521E0
4.840381450E1,4.939428406E0,5.091661835E0,7.104975128E0
4.841381550E1,5.032235413E0,4.999603271E0,7.081923065E0
4.842381750E1,5.106930084E0,4.828059998E0,6.865173798E0
4.843381850E1,5.210364990E0,4.372856598E0,6.438560944E0
4.844382050E1,5.147196350E0,3.904929657E0,6.179000702E0
4.845382150E1,5.025948486E0,3.461102600E0,5.818699951E0
4.846382250E1,5.022056580E0,3.084186401E0,5.624403992E0
4.847382450E1,5.141657867E0,2.732567596E0,5.287155304E0
4.848382550E1,5.223238220E0,2.611619110E0,5.083878021E0
4.849382750E1,5.310506744E0,2.542462921E0,4.988975372E0
4.850382850E1,5.434598694E0,2.594554596E0,4.733157349E0
4.851383050E1,5.490282898E0,2.509381714E0,4.837640076E0
4.852383150E1,5.360802155E0,2.425256653E0,5.208568726E0
4.853383350E1,5.240003357E0,2.168690186E0,5.248385925E0
4.854383450E1,5.141358490E0,1.862127686E0,5.335355072E0
4.855383650E1,5.156776428E0,1.485361176E0,5.300327911E0
4.856383750E1,5.311853943E0,1.130898285E0,5.196593628E0
4.857383850E1,5.452561340E0,9.099577332E-1,5.264103241E0
4.858384050E1,5.519023132E0,7.900570679E-1,5.338498535E0
4.859384150E1,5.526507568E0,7.066804504E-1,5.457650757E0
4.860384350E1,5.585634613E0,5.204676819E-1,5.496719513E0
4.861384450E1,5.774242401E0,2.586621094E-1,5.500910797E0
4.862384650E1,6.016289062E0,-4.011657715E-2,5.275629272E0
4.863384750E1,6.221661987E0,-4.019142151E-1,5.166805573E0
4.864384950E1,6.477330322E0,-7.891589355E-1,4.880451050E0
4.865385050E1,6.785389709E0,-1.339264984E0,4.420906677E0
4.866385250E1,7.058122559E0,-1.904938660E0,3.836072845E0
4.867385350E1,7.150330811E0,-2.370171204E0,3.451821899E0
4.868385450E1,7.171137543E0,-2.600392456E0,2.874173126E0
4.869385650E1,7.361391907E0,-2.837798767E0,1.950743408E0
4.870385750E1,7.772586823E0,-3.212170258E0,1.076860657E0
4.871385950E1,8.330776062E0,-3.711831207E0,4.507127380E-1
4.872386050E1,9.033414917E0,-4.240382080E0,2.275268555E-1
4.873386250E1,9.842332764E0,-4.724026337E0,2.553689575E-1
4.874386350E1,1.057341248E1,-5.026098175E0,7.197033691E-1
4.875386550E1,1.072654404E1,-4.639003143E0,1.363664246E0
4.876386650E1,1.058793228E1,-3.629502411E0,1.877994690E0
4.877386750E1,1.070663544E1,-2.674638062E0,2.576442261E0
4.878386950E1,1.134026779E1,-2.227068787E0,3.254232788E0
4.879387050E1,1.218556000E1,-2.140249329E0,3.617976379E0
4.880387250E1,1.271246429E1,-2.164199524E0,4.224964142E0
4.881387350E1,1.257564880E1,-2.110910339E0,5.366789703E0
4.882387550E1,1.191282715E1,-2.186952209E0,6.177803192E0
4.883387650E1,1.107397156E1,-2.673889618E0,7.150031433E0
4.884387850E1,1.055904236E1,-3.561394043E0,7.365732880E0
4.885387950E1,1.041698776E1,-4.632117462E0,7.012317810E0
4.886388150E1,1.051024384E1,-5.497767334E0,6.737938385E0
4.887388250E1,1.043794418E1,-5.911207581E0,6.319857788E0
4.888388350E1,1.035875885E1,-5.877377930E0,6.173013153E0
4.889388550E1,1.029409332E1,-5.673801270E0,6.120322723E0
4.890388650E1,1.022329056E1,-5.609734497E0,6.091881866E0
4.891388850E1,1.057341248E1,-5.980064392E0,5.624703369E0
4.892388950E1,1.105526047E1,-6.619833984E0,5.456602936E0
4.893389150E1,1.124611359E1,-7.290888519E0,5.497018890E0
4.894389250E1,1.116902390E1,-7.771838379E0,5.605992279E0
4.895389450E1,1.101424576E1,-8.002508698E0,5.640121307E0
4.896389550E1,1.077878540E1,-7.974067841E0,5.657634888E0
4.897389750E1,1.082578766E1,-7.951464844E0,5.701493683E0
4.898389850E1,1.097667389E1,-8.087082825E0,5.972879333E0
4.899389950E1,1.102083206E1,-8.307574310E0,6.462660828E0
4.900390150E1,1.101993393E1,-8.513545990E0,6.673572235E0
4.901390250E1,1.110989685E1,-8.652906189E0,6.485413513E0
4.902390450E1,1.114282837E1,-8.777596893E0,6.132746887E0
4.903390550E1,1.082174606E1,-8.884474640E0,5.975723419E0
4.904390750E1,1.016326538E1,-8.849148102E0,5.782774658E0
4.905390850E1,9.520202637E0,-8.676706696E0,5.350773010E0
4.906391050E1,9.219927063E0,-8.540489960E0,5.068759460E0
4.907391150E1,9.221873016E0,-8.455766144E0,5.066813507E0
4.908391350E1,9.288783875E0,-8.482859802E0,5.383704529E0
4.909391450E1,9.255253601E0,-8.440198517E0,6.880741425E0
4.910391550E1,8.808582458E0,-8.172106018E0,8.235124969E0
4.911391750E1,8.184829559E0,-7.821385345E0,8.517437897E0
4.912391850E1,7.703730011E0,-7.617359619E0,8.721463623E0
4.913392050E1,7.113507385E0,-7.425009613E0,8.178692322E0
4.914392150E1,6.691684570E0,-7.344926147E0,8.259973297E0
4.915392350E1,6.785988464E0,-7.460934906E0,8.665929108E0
4.916392450E1,7.030280457E0,-7.706424408E0,7.994575195E0
4.917392650E1,6.852300568E0,-7.647447052E0,5.876330109E0
4.918392750E1,5.915249176E0,-7.302414551E0,2.643203430E0
4.919392950E1,4.337679749E0,-6.799610138E0,-1.772314453E-1
4.920393050E1,2.916535034E0,-6.395300903E0,-1.329984283E0
4.921393150E1,1.989213409E0,-6.225853271E0,-2.468516693E0
4.922393350E1,1.795665894E0,-6.656208344E0,-4.387526093E0
4.923393450E1,2.305056610E0,-7.629634094E0,-6.156547394E0
4.924393650E1,3.342249756E0,-8.647816772E0,-7.385342102E0
4.925393750E1,4.656816101E0,-9.529782715E0,-8.095016327E0
4.926393950E1,5.849086761E0,-1.022269180E1,-8.260122986E0
4.927394050E1,6.278992767E0,-1.013781830E1,-7.183561707E0
4.928394250E1,5.790259094E0,-9.243877258E0,-6.248007202E0
4.929394350E1,5.243146820E0,-8.207432556E0,-5.317093048E0
4.930394550E1,5.106031952E0,-7.247628479E0,-4.393813019E0
4.931394650E1,5.165757751E0,-6.367758179E0,-3.397933960E0
4.932394750E1,5.435796204E0,-5.663323059E0,-2.199376373E0
4.933394950E1,5.862708435E0,-5.056484985E0,-7.818241882E-1
4.934395050E1,6.453679504E0,-4.522096252E0,2.189945984E-1
4.935395250E1,7.179520111E0,-4.187392273E0,7.801776123E-1
4.936395350E1,7.946225739E0,-3.861819305E0,1.033899994E0
4.937395550E1,8.680748291E0,-3.581302643E0,1.266067200E0
4.938395650E1,9.226213989E0,-3.374732208E0,1.538201294E0
4.939395850E1,9.335486755E0,-3.295995941E0,1.797162781E0
4.940395950E1,8.957223358E0,-3.270548859E0,1.924847260E0
4.941396050E1,8.428672485E0,-3.364104309E0,1.798360291E0
4.942396250E1,8.043074341E0,-3.620221710E0,1.434317322E0
4.943396350E1,7.794591064E0,-3.926335144E0,8.095166016E-1
4.944396550E1,7.641459503E0,-4.212539978E0,1.835183716E-1
4.945396650E1,7.586074677E0,-4.590503998E0,-2.056723022E-1
4.946396850E1,7.508386230E0,-4.921765137E0,-7.978408813E-2
4.947396950E1,7.522307281E0,-5.123246155E0,3.272195435E-1
4.948397150E1,7.798033905E0,-5.478906555E0,5.297483826E-1
4.949397250E1,8.159831543E0,-6.035598907E0,4.987628174E-1
4.950397450E1,8.351582794E0,-6.609355774E0,4.412823486E-1
4.951397550E1,8.333320770E0,-7.137008514E0,6.535409546E-1
4.952397650E1,8.447982330E0,-7.773934021E0,1.284179535E0
4.953397850E1,8.709338837E0,-8.667575684E0,1.981878662E0
4.954397950E1,8.862021332E0,-9.420509949E0,1.950593719E0
4.955398150E1,8.877588959E0,-9.809700623E0,2.242935791E0
4.956398250E1,9.105415192E0,-9.894424438E0,1.983375549E0
4.957398450E1,9.482032013E0,-9.603279877E0,1.602567444E0
4.958398550E1,9.769584045E0,-9.428293762E0,2.795736237E0
4.959398750E1,1.001701950E1,-9.191935272E0,4.018842773E0
4.960398850E1,1.028196854E1,-9.058113556E0,5.173691254E0
4.961399050E1,1.082952988E1,-8.952732697E0,5.608536987E0
4.962399150E1,1.158785294E1,-8.883277130E0,5.344336395E0
4.963399350E1,1.182645676E1,-8.780890045E0,5.799988861E0
4.964399450E1,1.182136734E1,-8.625363464E0,6.199358368E0
4.965399550E1,1.181238602E1,-8.221054230E0,6.949747925E0
4.966399750E1,1.183783310E1,-7.725883942E0,7.916437683E0
4.967399850E1,1.208092758E1,-7.219487000E0,8.520880737E0
4.968400050E1,1.252176086E1,-6.707102509E0,8.889264679E0
4.969400150E1,1.269330414E1,-6.066883850E0,9.176667023E0
4.970400350E1,1.233225494E1,-5.266198883E0,9.623787231E0
4.971400450E1,1.165281784E1,-4.549489288E0,1.009006760E1
4.972400650E1,1.109926895E1,-3.982169037E0,1.012973511E1
4.973400750E1,1.105391327E1,-3.601211243E0,9.714797974E0
4.974400950E1,1.105810455E1,-3.221151581E0,9.203161926E0
4.975401050E1,1.069031937E1,-2.752176819E0,8.672066345E0
4.976401150E1,1.020802231E1,-2.309846649E0,8.129444733E0
4.977401350E1,9.904453583E0,-2.068099365E0,7.756270752E0
4.978401450E1,9.613458710E0,-1.938019867E0,7.468718719E0
4.979401650E1,9.345216522E0,-1.754351807E0,7.129075012E0
4.980401750E1,9.229806519E0,-1.607656860E0,6.812633057E0
4.981401950E1,9.098978577E0,-1.478026428E0,6.737189941E0
4.982402050E1,8.972192230E0,-1.387165375E0,6.738836517E0
4.983402250E1,9.000483398E0,-1.395997009E0,6.633755035E0
4.984402350E1,9.059161377E0,-1.460213470E0,6.458768921E0
4.985402550E1,9.153016205E0,-1.503922577E0,6.212081909E0
4.986402650E1,9.462722168E0,-1.650467834E0,5.962101746E0
4.987402750E1,1.010623398E1,-1.811981964E0,5.523513794E0
4.988402950E1,1.125719055E1,-2.000589752E0,4.844076691E0
4.989403050E1,1.261965729E1,-2.000739441E0,4.307143250E0
4.990403250E1,1.338052505E1,-1.311572571E0,4.155658264E0
4.991403350E1,1.335702393E1,-1.770817566E-1,4.551734619E0
4.992403550E1,1.289149200E1,8.771759033E-1,5.141508179E0
4.993403650E1,1.220232513E1,1.620679779E0,6.225703583E0
4.994403850E1,1.162482605E1,1.877994690E0,7.458539886E0
4.995403950E1,1.127171036E1,1.798509979E0,8.441845093E0
4.996404150E1,1.099313965E1,1.357377319E0,8.873996429E0
4.997404250E1,1.070109695E1,8.211923218E-1,9.109157410E0
4.998404350E1,1.044991928E1,3.390449524E-1,8.971593475E0
4.999404550E1,1.028181885E1,-4.340972900E-3,8.446485443E0
5.000404650E1,1.035711227E1,-1.901046753E-1,7.253316650E0
5.001404850E1,1.064286804E1,-1.297801208E-1,6.383176117E0
5.002404950E1,1.054422318E1,3.465293884E-1,6.984026642E0
5.003405150E1,9.523944855E0,1.210382996E0,7.390730896E0
5.004405250E1,8.060737610E0,2.016606445E0,7.012766876E0
5.005405450E1,6.757846985E0,2.508633270E0,6.098019104E0
5.006405550E1,5.603746948E0,2.750081177E0,5.121300201E0
5.007405750E1,4.389022980E0,2.897823944E0,4.365222473E0
5.008405850E1,3.327729950E0,2.954855347E0,3.432212677E0
5.009406050E1,2.851270752E0,2.893632660E0,2.279310150E0
5.010406150E1,2.969524841E0,2.819686432E0,2.203717346E0
5.011406250E1,2.616708527E0,3.184627533E0,2.709814911E0
5.012406450E1,1.409768372E0,3.756737823E0,2.472258911E0
5.013406512E1,-1.119671631E-1,3.857178955E0,1.896107025E0
5.014406712E1,-1.183888092E0,3.391048279E0,1.107995911E0
5.015406812E1,-1.264270935E0,2.564616852E0,-2.330653381E-1
5.016407012E1,-4.222718811E-1,1.736538849E0,-2.122735748E0
5.017407112E1,2.621049500E-1,1.806892548E0,-3.480412445E0
5.018407312E1,5.942642212E-2,3.177741852E0,-5.198539581E0
5.019407412E1,-7.565267944E-1,4.866829376E0,-7.701035614E0
5.020407612E1,-1.703906708E0,5.712870026E0,-1.004171814E1
5.021407712E1,-2.201771393E0,5.397775269E0,-8.836424561E0
5.022407912E1,-2.222578125E0,4.900209961E0,-6.454877014E0
5.023408012E1,-2.146087189E0,5.272186432E0,-4.804858246E0
5.024408112E1,-1.687291260E0,6.132148132E0,-2.934946747E0
5.025408312E1,-3.252735901E-1,6.744674377E0,-2.121987305E0
5.026408412E1,1.483265533E0,7.024143219E0,-1.895358582E0
5.027408612E1,2.762056274E0,7.280410309E0,-1.694476318E0
5.028408712E1,3.274590454E0,7.369175720E0,-1.859732666E0
5.029408912E1,2.990630951E0,7.159910889E0,-1.979333954E0
5.030409012E1,2.027833099E0,6.865173798E0,-2.055824890E0
5.031409212E1,7.929011536E-1,6.650370483E0,-2.293979645E0
5.032409312E1,-2.863545227E-1,6.624624023E0,-2.511477356E0
5.033409512E1,-9.906399536E-1,6.759194183E0,-2.548001404E0
5.034409612E1,-1.399589539E0,6.903344421E0,-2.400258636E0
5.035409712E1,-1.560804291E0,6.923851776E0,-2.089205475E0
5.036409912E1,-1.494641876E0,6.797215118E0,-1.497635651E0
5.037410012E1,-1.269210663E0,6.640041962E0,-1.075214081E0
5.038410212E1,-7.750881958E-1,6.361471252E0,-1.003064117E0
5.039410312E1,6.017486572E-2,6.017187195E0,-7.399113464E-1
5.040410512E1,1.024918671E0,5.756429443E0,-5.155279541E-1
5.041410612E1,1.976789246E0,5.634133759E0,4.334985352E-1
5.042410812E1,2.716401215E0,5.910459137E0,1.772464142E0
5.043410912E1,3.049159241E0,6.409221954E0,2.322420502E0
5.044411112E1,3.201242981E0,6.741680603E0,2.612517242E0
5.045411212E1,3.466641083E0,6.766678619E0,2.675087128E0
5.046411412E1,3.752247162E0,6.573430481E0,2.564766541E0
5.047411512E1,3.791016541E0,6.253545685E0,2.347268829E0
5.048411612E1,3.539988556E0,5.869145050E0,2.212698669E0
5.049411812E1,3.058290253E0,5.416486359E0,2.249522095E0
5.050411912E1,2.558329926E0,4.822222137E0,2.300266571E0
5.051412112E1,2.207160187E0,4.131408691E0,2.417921906E0
5.052412212E1,2.025737457E0,3.352129211E0,2.573747864E0
5.053412412E1,2.002535706E0,2.434237976E0,2.694995728E0
5.054412512E1,2.036515045E0,1.434467010E0,2.785707092E0
5.055412712E1,2.080673218E0,3.758683777E-1,2.814147949E0
5.056412812E1,2.061513062E0,-7.243437195E-1,2.981499939E0
5.057413012E1,2.159409485E0,-1.847757568E0,3.024759979E0
5.058413112E1,2.487976227E0,-3.035238190E0,3.015030212E0
5.059413312E1,3.069666595E0,-4.218078461E0,3.041974182E0
5.060413412E1,3.797153778E0,-5.306764526E0,3.113675079E0
5.061413512E1,4.614454193E0,-6.187682648E0,3.344046021E0
5.062413712E1,5.447322235E0,-6.769971771E0,3.598516846E0
5.063413812E1,6.242319031E0,-7.153324585E0,3.874692535E0
5.064414012E1,7.019502869E0,-7.404651947E0,4.108805695E0
5.065414112E1,7.816894684E0,-7.517666931E0,4.480632477E0
5.066414312E1,8.712332611E0,-7.610174561E0,5.191204834E0
5.067414412E1,9.661508789E0,-7.512876892E0,6.237079926E0
5.068414612E1,1.063493454E1,-7.410040741E0,7.276069336E0
5.069414712E1,1.174846893E1,-7.536677399E0,7.840545502E0
5.070414912E1,1.295795380E1,-7.552843781E0,8.293503571E0
5.071415012E1,1.410711411E1,-7.511829071E0,9.020391998E0
5.072415112E1,1.496363297E1,-7.427404633E0,1.014934433E1
5.073415312E1,1.558573929E1,-7.351213074E0,1.036280045E1
5.074415412E1,1.642848679E1,-7.531138916E0,9.201215973E0
5.075415612E1,1.746283585E1,-7.943830719E0,8.627159729E0
5.076415712E1,1.818628143E1,-8.406967621E0,9.368418274E0
5.077415912E1,1.806997330E1,-8.683292999E0,1.014066238E1
5.078416012E1,1.706750793E1,-8.454269257E0,1.038166122E1
5.079416212E1,1.586520813E1,-7.771688690E0,9.649683380E0
5.080416312E1,1.512379990E1,-7.216942291E0,8.007149048E0
5.081416512E1,1.448238373E1,-7.047494659E0,6.009253693E0
5.082416612E1,1.353500381E1,-7.350165253E0,5.144651642E0
5.083416812E1,1.213601303E1,-7.963739319E0,4.837041321E0
5.084416912E1,1.031445099E1,-8.414751434E0,4.647086334E0
5.085417012E1,8.969497833E0,-8.595425720E0,4.538562012E0
5.086417213E1,8.316855011E0,-8.458310852E0,3.915557556E0
5.087417312E1,7.740403748E0,-8.126151581E0,3.155438232E0
5.088417512E1,7.049141235E0,-7.882308655E0,2.594554596E0
5.089417612E1,6.472839661E0,-7.910001068E0,2.217339020E0
5.090417812E1,6.065087585E0,-8.094417572E0,2.273023224E0
5.091417912E1,5.668412476E0,-8.296347656E0,2.472857666E0
5.092418112E1,5.334307251E0,-8.452622681E0,2.515818329E0
5.093418212E1,5.114264832E0,-8.640781403E0,2.407443695E0
5.094418412E1,4.893473969E0,-8.701704712E0,2.234852600E0
5.095418512E1,4.697381744E0,-8.765172729E0,2.026934967E0
5.096418712E1,4.586462402E0,-8.765472107E0,1.941911774E0
5.097418812E1,4.497247925E0,-8.779243469E0,1.623224487E0
5.098418912E1,4.446952515E0,-8.826694794E0,1.262624359E0
5.099419112E1,4.430187378E0,-8.870254211E0,1.047671356E0
5.100419212E1,4.458628235E0,-8.866661682E0,1.149908752E0
5.101419412E1,4.563709717E0,-8.929680634E0,1.148112488E0
5.102419512E1,4.713099060E0,-9.041198730E0,1.198557587E0
5.103419713E1,4.895569611E0,-9.187444611E0,1.102607117E0
5.104419812E1,5.055437164E0,-9.342971191E0,1.227447510E0
5.105420012E1,5.046156464E0,-9.443112946E0,1.137185211E0
5.106420112E1,4.872517548E0,-9.508975983E0,9.562115479E-1
5.107420312E1,4.631518707E0,-9.568851471E0,8.125103760E-1
5.108420412E1,4.533472595E0,-9.635013885E0,6.740483093E-1
5.109420513E1,4.587809601E0,-9.619296570E0,6.122268677E-1
5.110420712E1,4.646637268E0,-9.489965515E0,6.343807983E-1
5.111420812E1,4.669988708E0,-9.213340759E0,7.400610352E-1
5.112421012E1,4.661905518E0,-8.937314758E0,8.473878479E-1
5.113421125E1,4.582570496E0,-8.751850433E0,1.002914429E0
5.114421325E1,4.519102478E0,-8.696615295E0,1.242715759E0
5.115421425E1,4.532873840E0,-8.784632263E0,1.488504639E0
5.116421625E1,4.614603882E0,-8.848100281E0,1.866768036E0
5.117421725E1,4.686454468E0,-8.868907013E0,2.107766876E0
5.118421925E1,4.762346649E0,-8.780291290E0,2.305505676E0
5.119422025E1,4.767286377E0,-8.586145020E0,2.425106964E0
5.120422225E1,4.720134430E0,-8.385711823E0,2.460283813E0
5.121422325E1,4.662953339E0,-8.279582520E0,2.508483582E0
5.122422425E1,4.634362793E0,-8.292605438E0,2.559826813E0
5.123422625E1,4.584965515E0,-8.343349915E0,2.595003662E0
5.124422725E1,4.500990143E0,-8.394094391E0,2.554288330E0
5.125422925E1,4.419858856E0,-8.443042603E0,2.502496033E0
5.126423025E1,4.303101654E0,-8.455616455E0,2.442321167E0
5.127423225E1,4.252057800E0,-8.483308868E0,2.377056885E0
5.128423325E1,4.225413208E0,-8.581504669E0,2.204465790E0
5.129423525E1,4.174219666E0,-8.675808563E0,2.111209717E0
5.130423625E1,4.188290405E0,-8.777447205E0,1.965263214E0
5.131423825E1,4.249363403E0,-8.856931915E0,1.831740875E0
5.132423925E1,4.274062042E0,-8.884474640E0,1.746717682E0
5.133424125E1,4.335284729E0,-8.865314484E0,1.725611572E0
5.134424225E1,4.436324615E0,-8.853938141E0,1.755100250E0
5.135424325E1,4.492757263E0,-8.846453705E0,1.814826050E0
5.136424525E1,4.521497498E0,-8.898994446E0,1.895208893E0
5.137424625E1,4.553680573E0,-8.972641296E0,1.978136444E0
5.138424825E1,4.555177460E0,-8.971593475E0,1.982477417E0
5.139424925E1,4.568050690E0,-8.934320984E0,1.923350372E0
5.140425125E1,4.579127655E0,-8.831335144E0,1.894909515E0
5.141425225E1,4.541106720E0,-8.714428253E0,1.909129944E0
5.142425425E1,4.538562012E0,-8.640631714E0,1.942809906E0
5.143425525E1,4.561015320E0,-8.658744049E0,2.004032593E0
5.144425725E1,4.570894775E0,-8.719218292E0,2.057022400E0
5.145425825E1,4.534670105E0,-8.732839966E0,2.040856018E0
5.146426025E1,4.472100220E0,-8.728948059E0,1.996099091E0
5.147426125E1,4.477638702E0,-8.725804596E0,1.933978271E0
5.148426225E1,4.507426758E0,-8.657845917E0,1.923949127E0
5.149426425E1,4.486170959E0,-8.546477509E0,1.926493835E0
5.150426525E1,4.499343567E0,-8.425978088E0,1.996997223E0
5.151426725E1,4.568350067E0,-8.412057037E0,2.079475708E0
5.152426825E1,4.632865906E0,-8.450227661E0,2.193688202E0
5.153427025E1,4.662504272E0,-8.493787079E0,2.275867310E0
5.154427125E1,4.653672638E0,-8.483907623E0,2.357447662E0
5.155427325E1,4.639152832E0,-8.462801514E0,2.373314667E0
5.156427425E1,4.644841003E0,-8.459358673E0,2.353406067E0
5.157427625E1,4.676874390E0,-8.498876495E0,2.363734589E0
5.158427725E1,4.703518982E0,-8.548722839E0,2.271676025E0
5.159427925E1,4.767585754E0,-8.580606537E0,2.332299957E0
5.160428025E1,4.816084900E0,-8.571475525E0,2.318827972E0
5.161428125E1,4.852309570E0,-8.581354980E0,2.255509644E0
5.162428325E1,4.886887665E0,-8.599766693E0,1.966161346E0
5.163428425E1,4.975503387E0,-8.715625763E0,1.580862579E0
5.164428625E1,5.203179932E0,-8.899742889E0,1.794019318E0
5.165428725E1,5.380860443E0,-8.962911530E0,2.069296875E0
5.166428925E1,5.524561615E0,-8.914861450E0,2.430046692E0
5.167429025E1,5.597759399E0,-8.748257904E0,3.030747528E0
5.168429225E1,5.451962585E0,-8.310717773E0,3.260220337E0
5.169429325E1,5.149441681E0,-7.956105194E0,2.754721527E0
5.170429525E1,4.886438599E0,-8.152945862E0,1.573078766E0
5.171429625E1,4.896617432E0,-8.648116150E0,1.546434174E0
5.172429825E1,4.959337006E0,-8.990454254E0,1.639690247E0
5.173429925E1,4.947810974E0,-9.110654297E0,1.847009125E0
5.174430025E1,4.960534515E0,-9.116941223E0,1.998793488E0
5.175430225E1,5.068310394E0,-9.004824371E0,1.867366791E0
5.176430325E1,4.974754944E0,-8.884774017E0,1.763931885E0
5.177430525E1,4.521048431E0,-8.695268097E0,1.660197601E0
5.178430625E1,3.804787903E0,-8.399932251E0,1.554966431E0
5.179430825E1,3.225492554E0,-8.223598938E0,1.460063782E0
5.180430925E1,3.222498779E0,-8.315507812E0,1.413360901E0
5.181431125E1,3.595523071E0,-8.448132019E0,1.126257935E0
5.182431225E1,3.754941559E0,-8.408314819E0,7.797285461E-1
5.183431425E1,3.392844543E0,-8.263715515E0,3.375480652E-1
5.184431525E1,2.919079742E0,-8.257877655E0,2.037263489E-1
5.185431725E1,2.650987244E0,-8.466244354E0,2.444416809E-1
5.186431825E1,2.680625610E0,-8.840166779E0,2.995271301E-1