"Time (s)","X (rad/s)","Y (rad/s)","Z (rad/s)"
6.199874915E-3,5.663071275E-1,9.281898737E-1,-4.742241651E-2
1.620087493E-2,5.628091097E-1,7.730583549E-1,-2.240006477E-1
2.620187495E-2,5.389860868E-1,5.243782997E-1,-4.456835091E-1
3.620287497E-2,4.396640062E-1,2.350173146E-1,-6.610895395E-1
4.620387498E-2,3.080216944E-1,2.663938329E-3,-7.977345586E-1
5.620487500E-2,1.506003886E-1,-7.036739588E-2,-7.755970359E-1
6.620587490E-2,-3.333589435E-2,6.402274221E-2,-6.039930582E-1
7.620687492E-2,-2.010511309E-1,4.236698747E-1,-4.052692652E-1
8.620937495E-2,-3.465781808E-1,9.141729474E-1,-2.892020643E-1
9.621037496E-2,-4.680183232E-1,1.406909466E0,-2.873687446E-1
1.062113750E-1,-5.482122898E-1,1.799745917E0,-3.613487780E-1
1.162123750E-1,-6.006610990E-1,2.025586605E0,-4.741573334E-1
1.262133749E-1,-6.341904402E-1,2.067872763E0,-5.911235213E-1
1.362143749E-1,-6.591075063E-1,1.954747081E0,-6.986270547E-1
1.462153749E-1,-6.838065386E-1,1.743771672E0,-7.825238705E-1
1.562173750E-1,-7.056466341E-1,1.498764634E0,-8.416647315E-1
1.662183750E-1,-7.106634378E-1,1.274232745E0,-8.721827269E-1
1.762193750E-1,-6.816213727E-1,1.091903925E0,-8.666976690E-1
1.862203749E-1,-6.146615148E-1,9.316717982E-1,-8.400813937E-1
1.962213749E-1,-5.251100659E-1,7.699340582E-1,-7.946784496E-1
2.062223749E-1,-4.415112734E-1,6.104115844E-1,-7.129873037E-1
2.162233749E-1,-3.928830326E-1,4.688898623E-1,-5.874480009E-1
2.262253750E-1,-3.984074891E-1,3.611202538E-1,-4.238596559E-1
2.362263750E-1,-4.686243832E-1,3.011144400E-1,-2.525619268E-1
2.462273750E-1,-5.882878900E-1,2.982129753E-1,-1.131815910E-1
2.562283749E-1,-7.172477841E-1,3.021326065E-1,-4.121525958E-2
2.662293749E-1,-8.228144050E-1,2.630310059E-1,-1.931874827E-2
2.762303749E-1,-8.834028840E-1,1.636618078E-1,-1.787425019E-2
2.862313750E-1,-8.676760793E-1,6.129176170E-2,-2.656847611E-2
2.962323750E-1,-7.927112579E-1,-2.684688754E-2,-3.138187155E-2
3.062343750E-1,-6.812917590E-1,-8.165530115E-2,-5.270720273E-2
3.162353749E-1,-5.058490634E-1,-4.211321846E-2,-1.153175905E-1
3.262363749E-1,-3.024537861E-1,5.406729132E-2,-2.161007375E-1
3.362373749E-1,-1.177033857E-1,1.252336055E-1,-3.212122321E-1
3.462383749E-1,8.024706040E-4,1.263808906E-1,-3.891040981E-1
3.562393750E-1,3.849099204E-2,7.510998100E-2,-3.939348161E-1
3.662403750E-1,4.849573970E-2,3.390439227E-2,-2.527661622E-1
3.762423750E-1,1.051726043E-1,5.250550807E-2,5.499723926E-2
3.862433749E-1,2.315474600E-1,9.710574895E-2,3.546516597E-1
3.962443749E-1,4.314307570E-1,8.522965014E-2,5.073043108E-1
4.062453749E-1,7.038538456E-1,-3.453560174E-2,5.142974257E-1
4.162463750E-1,1.040536284E0,-2.726466954E-1,4.088790715E-1
4.262473750E-1,1.410290718E0,-5.700016022E-1,2.325048149E-1
4.362483750E-1,1.744321942E0,-8.281356692E-1,1.095026266E-3
4.462503749E-1,1.956747174E0,-9.468145967E-1,-2.659210861E-1
4.562513749E-1,2.007392406E0,-9.013445973E-1,-4.902156889E-1
4.662523749E-1,1.897764206E0,-6.747890711E-1,-6.065948009E-1
4.762533749E-1,1.645606041E0,-2.634183168E-1,-6.134575009E-1
4.862543750E-1,1.281839132E0,3.378799260E-1,-5.533450246E-1
4.962553750E-1,8.364637494E-1,1.061390996E0,-4.713281691E-1
5.062563750E-1,3.852953315E-1,1.802387714E0,-3.698560297E-1
5.162573749E-1,2.121053403E-3,2.430719614E0,-2.529030442E-1
5.262593749E-1,-3.218709230E-1,2.856395483E0,-1.539190859E-1
5.362603749E-1,-5.817695856E-1,3.032938004E0,-1.303999126E-1
5.462613750E-1,-7.883576751E-1,2.902938128E0,-2.147000581E-1
5.562623750E-1,-9.766969681E-1,2.484486580E0,-3.622879386E-1
5.662633750E-1,-1.134504080E0,1.887636781E0,-5.115649700E-1
5.762643749E-1,-1.240134716E0,1.255956888E0,-6.196525693E-1
5.862653749E-1,-1.265916705E0,6.669614911E-1,-6.899245381E-1
5.962673749E-1,-1.197208643E0,1.553578675E-1,-7.381394506E-1
6.062683749E-1,-1.054135561E0,-2.605122328E-1,-7.789295912E-1
6.162693750E-1,-8.749535084E-1,-5.507988930E-1,-8.369143605E-1
6.262703750E-1,-7.133901119E-1,-7.066540122E-1,-9.515542388E-1
6.362713750E-1,-5.973351002E-1,-7.207762599E-1,-1.113567352E0
6.462723749E-1,-5.425155163E-1,-5.776876211E-1,-1.273081660E0
6.562733749E-1,-5.354341865E-1,-2.120507509E-1,-1.399438262E0
6.662753749E-1,-5.630442500E-1,4.572241604E-1,-1.522221684E0
6.762763750E-1,-6.184736490E-1,1.344631195E0,-1.655859470E0
6.862773750E-1,-7.047963142E-1,2.217533112E0,-1.751074076E0
6.962783750E-1,-7.362458706E-1,2.916947842E0,-1.798768044E0
7.062793749E-1,-6.257667542E-1,3.402176857E0,-1.901908875E0
7.162803749E-1,-3.235835135E-1,3.638163567E0,-2.189023972E0
7.262813749E-1,1.170736849E-1,3.640547752E0,-2.661223173E0
7.362823749E-1,6.002856493E-1,3.503262520E0,-3.241896868E0
7.462843750E-1,1.084947467E0,3.289654255E0,-3.820440531E0
7.562853750E-1,1.527573943E0,3.025626421E0,-4.227915287E0
7.662863750E-1,1.957202196E0,2.603643894E0,-4.386935234E0
7.762873749E-1,2.387371063E0,2.020406246E0,-4.356471062E0
7.862883749E-1,2.790235758E0,1.307335734E0,-4.315285683E0
7.962893749E-1,3.089428425E0,5.660027862E-1,-4.439437389E0
8.062903750E-1,3.267191172E0,-9.189336747E-2,-4.704139709E0
8.162923750E-1,3.340776682E0,-5.713518262E-1,-5.041903019E0
8.262933750E-1,3.321985960E0,-8.664554954E-1,-5.369936466E0
8.362943749E-1,3.207569122E0,-9.550104141E-1,-5.635227680E0
8.462953749E-1,3.053037882E0,-8.819241524E-1,-5.843220711E0
8.562963749E-1,2.897375584E0,-7.013831139E-1,-5.976425648E0
8.662973749E-1,2.719631672E0,-4.505428970E-1,-6.010764599E0
8.762983750E-1,2.492937803E0,-1.749488711E-1,-5.946863651E0
8.863003750E-1,2.259422779E0,5.519900471E-2,-5.782512188E0
8.963013749E-1,2.021930456E0,2.141913176E-1,-5.562062263E0
9.063023749E-1,1.831687331E0,2.737609744E-1,-5.345103264E0
9.163033749E-1,1.725288987E0,3.866659403E-1,-5.130157471E0
9.263043749E-1,1.742260933E0,7.047381997E-2,-4.914167404E0
9.363053750E-1,1.718409181E0,-3.750111535E-2,-4.695626736E0
9.463063750E-1,1.717340350E0,-2.553838789E-1,-4.451697350E0
9.563073750E-1,1.675620317E0,-4.472044408E-1,-4.210416317E0
9.663093749E-1,1.571638703E0,-6.640223265E-1,-3.993335485E0
9.763103749E-1,1.480473399E0,-8.894650340E-1,-3.827395439E0
9.863113749E-1,1.341120839E0,-1.134058475E0,-3.703093052E0
9.963123749E-1,1.192743063E0,-1.339183927E0,-3.623642206E0
1.006313375E0,9.901211858E-1,-1.461299777E0,-3.590316534E0
1.016314375E0,7.101020217E-1,-1.513512373E0,-3.585990429E0
1.026315375E0,4.610578418E-1,-1.450971842E0,-3.612391710E0
1.036317375E0,2.739425600E-1,-1.234486222E0,-3.646188736E0
1.046318375E0,1.452267468E-1,-8.869645000E-1,-3.657478094E0
1.056319375E0,7.790736854E-2,-4.743007720E-1,-3.627294779E0
1.066320375E0,8.796197921E-2,-1.643413492E-2,-3.549875736E0
1.076321375E0,9.757652879E-2,4.257773757E-1,-3.414969683E0
1.086321667E0,8.936433494E-2,7.769293189E-1,-3.249574184E0
1.096322667E0,8.470886946E-2,1.026689649E0,-3.064049244E0
1.106324667E0,4.320292175E-2,1.104913473E0,-2.859721184E0
1.116325667E0,-1.437275857E-2,9.999569654E-1,-2.649919033E0
1.126326667E0,-6.733883172E-2,7.594801784E-1,-2.450366735E0
1.136327667E0,-1.691384166E-1,3.858876824E-1,-2.252446413E0
1.146328667E0,-3.343931437E-1,-8.307076991E-2,-2.070341110E0
1.156329667E0,-5.143861175E-1,-5.979000330E-1,-1.898411274E0
1.166330667E0,-6.166176200E-1,-1.014547348E0,-1.674782634E0
1.176332667E0,-7.518260479E-1,-1.343827844E0,-1.372696757E0
1.186333667E0,-8.701693416E-1,-1.586494565E0,-1.061414957E0
1.196334667E0,-9.463932514E-1,-1.705431938E0,-8.212612271E-1
1.206335667E0,-9.900457263E-1,-1.717223644E0,-6.515145898E-1
1.216336667E0,-1.041920424E0,-1.606327176E0,-5.090008974E-1
1.226337667E0,-1.106481433E0,-1.382869124E0,-3.538666070E-1
1.236338667E0,-1.185418606E0,-1.079739094E0,-1.734741777E-1
1.246340667E0,-1.262991905E0,-7.724329233E-1,1.339053176E-2
1.256341667E0,-1.332122445E0,-5.252854228E-1,1.837385595E-1
1.266342667E0,-1.383599877E0,-3.801887333E-1,3.305432498E-1
1.276343667E0,-1.397078395E0,-3.351296186E-1,4.660651088E-1
1.286344667E0,-1.367024064E0,-3.695851862E-1,5.909408331E-1
1.296345667E0,-1.306956291E0,-4.529109597E-1,7.248597741E-1
1.306346667E0,-1.236273766E0,-5.575468540E-1,8.927528858E-1
1.316348667E0,-1.158418655E0,-6.464982629E-1,1.107205153E0
1.326349667E0,-1.060983896E0,-6.994463801E-1,1.361102343E0
1.336350667E0,-9.681183696E-1,-6.786110997E-1,1.620155811E0
1.346351667E0,-8.635365367E-1,-6.590825915E-1,1.862687826E0
1.356352667E0,-7.587478161E-1,-6.450173855E-1,2.085555792E0
1.366353667E0,-6.635998487E-1,-6.323893666E-1,2.308026314E0
1.376354667E0,-5.798705816E-1,-6.075319648E-1,2.519679785E0
1.386356667E0,-5.119524598E-1,-5.607906580E-1,2.726520300E0
1.396357667E0,-4.683828652E-1,-4.769085050E-1,2.940143585E0
1.406358667E0,-4.370303154E-1,-3.485597372E-1,3.167584181E0
1.416359667E0,-4.077600539E-1,-1.852557957E-1,3.425067425E0
1.426360667E0,-3.702467084E-1,2.032097429E-2,3.722673178E0
1.436361667E0,-3.121647537E-1,2.675363421E-1,4.069757462E0
1.446362667E0,-2.092170119E-1,5.720856786E-1,4.451972008E0
1.456364667E0,-8.215706795E-2,9.113497734E-1,4.863862038E0
1.466365667E0,4.909668490E-2,1.223457575E0,5.270494938E0
1.476366667E0,1.704580039E-1,1.410741925E0,5.631828308E0
1.486367667E0,2.467624992E-1,1.407779098E0,5.921944141E0
1.496368667E0,2.163712978E-1,1.214678407E0,6.127289772E0
1.506369667E0,3.026931919E-2,9.239903092E-1,6.249848843E0
1.516370667E0,-3.385614455E-1,6.620859504E-1,6.284541607E0
1.526372667E0,-7.622076273E-1,5.620524883E-1,6.163758278E0
1.536373667E0,-1.105124712E0,6.349919438E-1,5.859366417E0
1.546374667E0,-1.393364310E0,6.827992201E-1,5.522417068E0
1.556375667E0,-1.618046165E0,6.008622646E-1,5.354183674E0
1.566376667E0,-1.733520269E0,5.659304857E-1,5.365185261E0
1.576377667E0,-1.808817625E0,7.342656851E-1,5.461461544E0
1.586378667E0,-1.950578809E0,1.064914227E0,5.468328476E0
1.596380667E0,-2.165157318E0,1.349785566E0,5.266638756E0
1.606381667E0,-2.376370907E0,1.438803315E0,4.866265774E0
1.616382667E0,-2.472326756E0,1.168733001E0,4.439527988E0
1.626383667E0,-2.400705576E0,4.021198452E-1,4.245878696E0
1.636384667E0,-2.257540226E0,-7.431089282E-1,4.372050285E0
1.646385667E0,-2.208041430E0,-2.085538387E0,4.716192722E0
1.656386667E0,-2.230259657E0,-3.439500093E0,5.113877773E0
1.666388667E0,-2.231082678E0,-4.442492485E0,5.350831032E0
1.676389667E0,-2.170776606E0,-4.936068535E0,5.348584175E0
1.686390667E0,-2.045867682E0,-5.013059616E0,5.214686394E0
1.696391667E0,-1.913074732E0,-4.733175755E0,5.010747433E0
1.706392667E0,-1.784419179E0,-4.230704308E0,4.741831303E0
1.716393667E0,-1.708082080E0,-3.613817215E0,4.442747116E0
1.726394667E0,-1.672240734E0,-2.792676926E0,4.126986027E0
1.736396667E0,-1.694884062E0,-1.791262031E0,3.833916426E0
1.746397667E0,-1.841720819E0,-6.802729964E-1,3.602685928E0
1.756398667E0,-2.094904184E0,3.678401709E-1,3.436673403E0
1.766399667E0,-2.351223469E0,1.331029177E0,3.279724360E0
1.776400667E0,-2.545127153E0,2.069313765E0,3.008084536E0
1.786401667E0,-2.631590128E0,2.464852095E0,2.585162640E0
1.796402667E0,-2.626528502E0,2.521326303E0,2.092551231E0
1.806403667E0,-2.512389660E0,2.217005491E0,1.611748457E0
1.816405667E0,-2.351306438E0,1.777191639E0,1.191067338E0
1.826406667E0,-2.111864090E0,1.287541747E0,8.342181444E-1
1.836407667E0,-1.826239944E0,8.438580632E-1,5.653312802E-1
1.846408667E0,-1.493556380E0,4.628619552E-1,3.411361277E-1
1.856409667E0,-1.154260039E0,1.107529104E-1,1.108331531E-1
1.866410667E0,-8.224524856E-1,-2.481004000E-1,-1.393856257E-1
1.876411667E0,-5.200939775E-1,-5.582993031E-1,-3.867932856E-1
1.886413667E0,-2.425023466E-1,-7.764171958E-1,-6.244855523E-1
1.896414667E0,1.976363175E-2,-8.966578841E-1,-8.515173793E-1
1.906415667E0,2.734674215E-1,-9.330222011E-1,-1.082161903E0
1.916416667E0,5.090378523E-1,-9.469228387E-1,-1.286014676E0
1.926417667E0,7.273209691E-1,-9.682495594E-1,-1.454277754E0
1.936418667E0,9.244928956E-1,-9.728637934E-1,-1.582727313E0
1.946419667E0,1.113416195E0,-9.579654932E-1,-1.674555302E0
1.956421667E0,1.314559221E0,-9.307365417E-1,-1.735834956E0
1.966422667E0,1.536933064E0,-8.883364797E-1,-1.803318262E0
1.976423667E0,1.790198565E0,-8.398211002E-1,-1.896962523E0
1.986424667E0,2.065774679E0,-8.174581528E-1,-1.990585566E0
1.996425667E0,2.343566179E0,-8.044478297E-1,-2.076265812E0
2.006426667E0,2.596703768E0,-7.638850808E-1,-2.154780865E0
2.016427667E0,2.824551582E0,-7.105563879E-1,-2.212001562E0
2.026429667E0,3.034292936E0,-6.657070518E-1,-2.267216921E0
2.036430667E0,3.222626925E0,-6.245726943E-1,-2.323298216E0
2.046431667E0,3.398679733E0,-5.677367449E-1,-2.380081415E0
2.056432667E0,3.579712152E0,-4.879471064E-1,-2.430323362E0
2.066433667E0,3.747987509E0,-4.263561666E-1,-2.444897413E0
2.076434667E0,3.880582809E0,-3.871141970E-1,-2.416907549E0
2.086435542E0,3.969348907E0,-3.842221797E-1,-2.355988026E0
2.096437542E0,4.010225296E0,-4.186118543E-1,-2.240754366E0
2.106438542E0,4.013920307E0,-4.792801440E-1,-2.072502613E0
2.116439542E0,3.991566420E0,-5.457113981E-1,-1.861474514E0
2.126440542E0,3.957551479E0,-6.427401304E-1,-1.643505454E0
2.136441542E0,3.909465075E0,-7.720704079E-1,-1.434747458E0
2.146442542E0,3.861609697E0,-8.844687939E-1,-1.238777637E0
2.156444542E0,3.823204279E0,-9.690440893E-1,-1.055918813E0
2.166445542E0,3.789542913E0,-1.066761017E0,-9.086019993E-1
2.176446542E0,3.811287880E0,-1.177205563E0,-8.157945871E-1
2.186447542E0,3.900178671E0,-1.284541726E0,-7.525720596E-1
2.196448542E0,4.014072895E0,-1.426596284E0,-6.949812174E-1
2.206449542E0,4.100250721E0,-1.591720223E0,-6.340256929E-1
2.216450542E0,4.145095825E0,-1.754323840E0,-5.922715664E-1
2.226452542E0,4.169934750E0,-1.856863618E0,-5.922450423E-1
2.236453542E0,4.144953251E0,-1.872290015E0,-6.319349408E-1
2.246454542E0,4.092895508E0,-1.826928854E0,-6.914955974E-1
2.256455542E0,4.017092228E0,-1.754442692E0,-7.281929255E-1
2.266456542E0,3.920928240E0,-1.648507953E0,-7.137102485E-1
2.276457542E0,3.781037092E0,-1.498589754E0,-6.542077661E-1
2.286458542E0,3.619675159E0,-1.316208124E0,-5.982835889E-1
2.296460542E0,3.465919256E0,-1.112403393E0,-5.674657226E-1
2.306461542E0,3.305188179E0,-9.130887389E-1,-5.439444184E-1
2.316462542E0,3.146058559E0,-7.255420089E-1,-4.999692142E-1
2.326463542E0,2.984987974E0,-5.409649611E-1,-4.389299452E-1
2.336464542E0,2.794103384E0,-3.647865355E-1,-3.836485744E-1
2.346465542E0,2.626888037E0,-1.165354550E-1,-3.664156497E-1
2.356466542E0,2.452629566E0,7.985376567E-2,-3.909545541E-1
2.366468542E0,2.285094976E0,2.061753422E-1,-4.220204353E-1
2.376469542E0,2.120167255E0,2.567402422E-1,-4.515503645E-1
2.386470542E0,1.946158648E0,2.148896307E-1,-4.825250804E-1
2.396471542E0,1.765513778E0,9.938461334E-2,-5.238826275E-1
2.406472542E0,1.559184313E0,-4.917825758E-2,-5.679160357E-1
2.416473542E0,1.331657648E0,-1.819003522E-1,-6.113561988E-1
2.426474542E0,1.116261363E0,-2.664875090E-1,-6.658871174E-1
2.436476542E0,9.313610196E-1,-3.295018971E-1,-7.464485168E-1
2.446477542E0,7.724298239E-1,-4.291716814E-1,-8.556085825E-1
2.456478542E0,6.558329463E-1,-6.126121283E-1,-9.582433701E-1
2.466479542E0,5.586608052E-1,-8.574014902E-1,-1.004884243E0
2.476480542E0,4.107587039E-1,-1.061842084E0,-1.003018618E0
2.486481542E0,2.093174160E-1,-1.175339937E0,-1.018804789E0
2.496482542E0,-7.197049912E-3,-1.182309389E0,-1.080163240E0
2.506484542E0,-2.402452081E-1,-1.151046395E0,-1.176679134E0
2.516485542E0,-4.616945088E-1,-1.094041467E0,-1.266763210E0
2.526486542E0,-6.629049182E-1,-1.013218284E0,-1.321155667E0
2.536487542E0,-8.384810090E-1,-8.765185475E-1,-1.354842305E0
2.546488542E0,-1.009645700E0,-7.006798387E-1,-1.388280749E0
2.556489542E0,-1.196776986E0,-5.079564452E-1,-1.424079537E0
2.566491542E0,-1.400029540E0,-3.305212557E-1,-1.470269084E0
2.576492542E0,-1.601042867E0,-1.315881908E-1,-1.525835633E0
2.586493542E0,-1.782817602E0,9.810005873E-2,-1.569944143E0
2.596494542E0,-1.931072593E0,3.411222994E-1,-1.594287872E0
2.606495542E0,-2.050872326E0,5.921869278E-1,-1.641364932E0
2.616496542E0,-2.146165133E0,8.213633895E-1,-1.754421949E0
2.626497542E0,-2.222616911E0,9.803077579E-1,-1.927676082E0
2.636499542E0,-2.278555155E0,1.055122614E0,-2.154831648E0
2.646500542E0,-2.355441570E0,1.098255992E0,-2.368840933E0
2.656501542E0,-2.430243731E0,1.127059937E0,-2.505407810E0
2.666502542E0,-2.477852345E0,1.300042033E0,-2.601947069E0
2.676503542E0,-2.411881208E0,1.214760780E0,-2.700196266E0
2.686504542E0,-2.300746441E0,1.123041153E0,-2.820750475E0
2.696505542E0,-2.209179163E0,8.968679309E-1,-2.945221901E0
2.706507542E0,-2.157085180E0,6.385988593E-1,-3.040529490E0
2.716508542E0,-2.146238804E0,3.514477611E-1,-3.106335402E0
2.726509542E0,-2.160583258E0,5.660048127E-2,-3.162557840E0
2.736510542E0,-2.168374538E0,-2.993568480E-1,-3.201711416E0
2.746511542E0,-2.121542215E0,-6.795406342E-1,-3.234876394E0
2.756512542E0,-2.024098873E0,-1.043307185E0,-3.250019789E0
2.766514542E0,-1.921013236E0,-1.373665333E0,-3.233397484E0
2.776515542E0,-1.850961208E0,-1.653107643E0,-3.190202475E0
2.786516542E0,-1.793860793E0,-1.839566708E0,-3.141260386E0
2.796517542E0,-1.751590490E0,-2.000333071E0,-3.107232332E0
2.806518542E0,-1.643224955E0,-2.154881954E0,-3.062049627E0
2.816519542E0,-1.475136638E0,-2.320501804E0,-2.963067293E0
2.826520542E0,-1.332926512E0,-2.484043598E0,-2.807563305E0
2.836522542E0,-1.262343526E0,-2.546450377E0,-2.671052217E0
2.846523542E0,-1.327993393E0,-2.484720945E0,-2.566282511E0
2.856524542E0,-1.577642083E0,-2.215682507E0,-2.471893549E0
2.866525542E0,-1.836891174E0,-1.799000382E0,-2.500310659E0
2.876526542E0,-1.906330466E0,-1.270237684E0,-2.764542580E0
2.886527542E0,-1.802781820E0,-6.288191676E-1,-3.171290874E0
2.896529542E0,-1.561904550E0,1.245568618E-1,-3.605263472E0
2.906530542E0,-1.317837596E0,9.054132700E-1,-3.928137064E0
2.916531542E0,-1.135069847E0,1.664402962E0,-4.106372356E0
2.926532542E0,-1.081924200E0,2.174967766E0,-4.146682262E0
2.936533542E0,-1.162603021E0,2.289390802E0,-4.149175167E0
2.946534542E0,-1.281248450E0,1.919248223E0,-4.164289951E0
2.956535542E0,-1.262173772E0,1.269319296E0,-4.130502224E0
2.966537542E0,-1.128855109E0,5.784073472E-1,-4.074494362E0
2.976538542E0,-1.042941332E0,-1.111527011E-1,-3.973301649E0
2.986539542E0,-1.005455613E0,-7.398576140E-1,-3.849929094E0
2.996540542E0,-9.533427954E-1,-1.355742693E0,-3.675960541E0
3.006541542E0,-8.305568695E-1,-2.050635099E0,-3.487878799E0
3.016542542E0,-6.802222729E-1,-2.727514982E0,-3.291835546E0
3.026544542E0,-5.338985324E-1,-3.288673878E0,-3.085192919E0
3.036545542E0,-4.215799868E-1,-3.682640553E0,-2.830339432E0
3.046546542E0,-3.714590967E-1,-3.915650606E0,-2.538717985E0
3.056547542E0,-3.829858005E-1,-3.996942282E0,-2.231936216E0
3.066548542E0,-4.732987583E-1,-3.860179424E0,-1.939335942E0
3.076549542E0,-6.080467105E-1,-3.442278862E0,-1.702396631E0
3.086550542E0,-7.739529014E-1,-2.766893387E0,-1.566356182E0
3.096553125E0,-9.390504956E-1,-1.919664383E0,-1.552565575E0
3.106554125E0,-1.058402061E0,-1.060853481E0,-1.603036404E0
3.116555125E0,-1.168740511E0,-3.345617652E-1,-1.601110339E0
3.126556125E0,-1.235015154E0,2.240808308E-1,-1.541167378E0
3.136557125E0,-1.226482153E0,6.633955836E-1,-1.457246900E0
3.146558125E0,-1.162382960E0,9.581724405E-1,-1.365192533E0
3.156560125E0,-1.052110314E0,9.867404103E-1,-1.274008512E0
3.166561125E0,-9.251071215E-1,6.740623713E-1,-1.180990338E0
3.176562125E0,-8.230888844E-1,8.040382713E-2,-1.065484166E0
3.186563125E0,-7.468066216E-1,-6.792228818E-1,-9.181604981E-1
3.196564125E0,-6.935545802E-1,-1.428934216E0,-7.542607784E-1
3.206565125E0,-6.660690308E-1,-2.029822588E0,-5.817173123E-1
3.216567125E0,-6.718392968E-1,-2.459156513E0,-3.937239647E-1
3.226568125E0,-7.140522599E-1,-2.742787361E0,-1.987657696E-1
3.236569125E0,-7.804501653E-1,-2.900214672E0,-2.009215765E-2
3.246570125E0,-8.648129702E-1,-2.932131767E0,1.164764538E-1
3.256571125E0,-9.553791285E-1,-2.858742237E0,2.085001171E-1
3.266572125E0,-9.934092164E-1,-2.702949762E0,2.646315992E-1
3.276573125E0,-9.633855224E-1,-2.484035730E0,3.120776713E-1
3.286575125E0,-8.539157510E-1,-2.228320122E0,3.445072472E-1
3.296576125E0,-6.523663998E-1,-1.962525368E0,3.607458770E-1
3.306577125E0,-3.646546602E-1,-1.672168374E0,3.499546051E-1
3.316578125E0,-5.478120223E-2,-1.380059123E0,3.185716271E-1
3.326579125E0,2.172927707E-1,-1.083120584E0,2.972512841E-1
3.336580125E0,4.285688102E-1,-7.126345038E-1,3.101255298E-1
3.346582125E0,5.632862449E-1,-2.270789295E-1,3.818182349E-1
3.356583125E0,6.227607131E-1,3.583983779E-1,5.139960051E-1
3.366584125E0,6.461260915E-1,9.336230755E-1,6.445603967E-1
3.376585125E0,6.800768375E-1,1.377643943E0,7.188625932E-1
3.386586125E0,7.385380268E-1,1.659385085E0,7.417106032E-1
3.396587125E0,8.218664527E-1,1.797194123E0,7.500830293E-1
3.406589125E0,9.049541950E-1,1.843638062E0,7.728315592E-1
3.416590125E0,9.674660563E-1,1.841567993E0,8.300668597E-1
3.426591125E0,1.000417352E0,1.808603764E0,9.137789607E-1
3.436592125E0,1.005561829E0,1.748762846E0,1.011647701E0
3.446593125E0,9.845634699E-1,1.658841491E0,1.116833925E0
3.456594125E0,9.234620333E-1,1.527055740E0,1.213935971E0
3.466595125E0,8.279547095E-1,1.346930861E0,1.283667088E0
3.476597125E0,7.094855905E-1,1.147732973E0,1.332691550E0
3.486598125E0,5.842146873E-1,9.706141949E-1,1.360251784E0
3.496599125E0,4.748591483E-1,8.401925564E-1,1.380715489E0
3.506600125E0,3.914951384E-1,7.355023026E-1,1.406895638E0
3.516601125E0,3.248239756E-1,6.307759285E-1,1.427991390E0
3.526602125E0,2.625490129E-1,4.974685013E-1,1.418279409E0
3.536604125E0,2.040263116E-1,3.197568059E-1,1.391274691E0
3.546605125E0,1.289459765E-1,1.029509082E-1,1.354400396E0
3.556606125E0,7.244568318E-2,-1.415778697E-1,1.307492018E0
3.566607125E0,6.847653538E-2,-4.433754683E-1,1.259238482E0
3.576608125E0,6.238535419E-2,-8.061062098E-1,1.260350347E0
3.586609125E0,-6.936122663E-3,-1.183368564E0,1.313407540E0
3.596611125E0,-1.262111217E-1,-1.543247938E0,1.407455683E0
3.606612125E0,-2.688487768E-1,-1.851957202E0,1.498024940E0
3.616613125E0,-3.902902603E-1,-2.098381281E0,1.511027336E0
3.626614125E0,-4.715733528E-1,-2.292755604E0,1.427109122E0
3.636615125E0,-4.770320356E-1,-2.386369467E0,1.274922013E0
3.646616125E0,-3.858084977E-1,-2.341917753E0,1.088122606E0
3.656618125E0,-2.437799871E-1,-2.152539253E0,9.092130065E-1
3.666619125E0,-1.195342690E-1,-1.806361079E0,7.937291265E-1
3.676620125E0,-6.687878072E-2,-1.344232321E0,7.523907423E-1
3.686621125E0,-9.514478594E-2,-8.625215292E-1,7.573412657E-1
3.696622125E0,-1.814796776E-1,-4.730570912E-1,7.893197536E-1
3.706623125E0,-2.588065267E-1,-2.116266340E-1,8.152961135E-1
3.716625125E0,-2.773053646E-1,-6.187202409E-2,7.935855389E-1
3.726626125E0,-2.576428354E-1,2.098144405E-2,7.076020241E-1
3.736627125E0,-2.590045035E-1,1.142727807E-1,5.796698928E-1
3.746628125E0,-3.146223724E-1,2.601170838E-1,4.564889669E-1
3.756629125E0,-4.521341622E-1,4.479780793E-1,3.856773674E-1
3.766630125E0,-6.236571074E-1,6.199833751E-1,3.691185117E-1
3.776631125E0,-7.218379974E-1,7.236940861E-1,3.429454863E-1
3.786633125E0,-6.905087233E-1,7.550126314E-1,2.549630404E-1
3.796634125E0,-5.706757903E-1,7.195947170E-1,1.040209383E-1
3.806635125E0,-4.705697000E-1,6.301316023E-1,-4.872602969E-2
3.816636125E0,-4.756864309E-1,5.352729559E-1,-1.647775471E-1
3.826637125E0,-5.966427922E-1,4.417516589E-1,-2.265963405E-1
3.836638125E0,-7.599427700E-1,3.862255514E-1,-2.267537266E-1
3.846640125E0,-8.734471202E-1,3.560630083E-1,-2.110970914E-1
3.856641125E0,-9.054551125E-1,2.945634127E-1,-2.470859885E-1
3.866642125E0,-9.067847729E-1,1.572543532E-1,-3.601638079E-1
3.876643125E0,-9.610033035E-1,-6.474674493E-2,-5.144079328E-1
3.886644125E0,-1.117000580E0,-3.806731403E-1,-6.749230623E-1
3.896645125E0,-1.356363654E0,-7.660495639E-1,-8.104614615E-1
3.906647125E0,-1.603024244E0,-1.162281394E0,-9.037662745E-1
3.916648125E0,-1.744679570E0,-1.518093348E0,-1.027653575E0
3.926649125E0,-1.876789808E0,-1.981601954E0,-1.267022967E0
3.936650125E0,-1.972300291E0,-2.638776541E0,-1.361179352E0
3.946651125E0,-1.905799508E0,-3.189912081E0,-1.330151916E0
3.956652125E0,-1.890490055E0,-3.551225662E0,-1.270236015E0
3.966654125E0,-1.923955798E0,-3.693036318E0,-1.283597946E0
3.976655125E0,-1.975984931E0,-3.615234375E0,-1.347052097E0
3.986656125E0,-1.985168099E0,-3.401605368E0,-1.381684542E0
3.996657125E0,-1.969197392E0,-3.111317873E0,-1.324339747E0
4.006658125E0,-1.948086262E0,-2.779243231E0,-1.188152432E0
4.016659125E0,-1.927863717E0,-2.406064034E0,-1.033664823E0
4.026661125E0,-1.897386789E0,-2.001083612E0,-9.337058067E-1
4.036662125E0,-1.890106797E0,-1.620337367E0,-9.336943626E-1
4.046663125E0,-1.914807439E0,-1.335993052E0,-1.006435513E0
4.056664125E0,-1.954743743E0,-1.164416194E0,-1.078251600E0
4.066665125E0,-2.000742912E0,-1.106014729E0,-1.080494404E0
4.076666125E0,-2.009504557E0,-1.123610973E0,-1.008306980E0
4.086668125E0,-1.938439131E0,-1.159200549E0,-9.193047881E-1
4.096669250E0,-1.787747145E0,-1.177823067E0,-8.657323718E-1
4.106670250E0,-1.577098012E0,-1.204978108E0,-8.512071371E-1
4.116671250E0,-1.389881015E0,-1.302879691E0,-8.663727641E-1
4.126672250E0,-1.271431684E0,-1.420428634E0,-8.679551482E-1
4.136673250E0,-1.215797663E0,-1.500171304E0,-8.001705408E-1
4.146674250E0,-1.219693184E0,-1.512298584E0,-6.457476616E-1
4.156676250E0,-1.267933130E0,-1.425448060E0,-4.526306391E-1
4.166677250E0,-1.360077381E0,-1.288173318E0,-3.066062331E-1
4.176678250E0,-1.419508815E0,-1.150823712E0,-2.469207793E-1
4.186679250E0,-1.382469058E0,-1.086288333E0,-1.972856522E-1
4.196680250E0,-1.261278629E0,-1.162389278E0,-6.861901283E-2
4.206682250E0,-1.164402008E0,-1.294748068E0,9.699614346E-2
4.216683250E0,-1.078450680E0,-1.397346616E0,2.593557537E-1
4.226684250E0,-1.030094266E0,-1.473161697E0,4.382168949E-1
4.236685250E0,-1.025319219E0,-1.521940947E0,6.372120380E-1
4.246686250E0,-1.056700468E0,-1.500305772E0,8.468645215E-1
4.256687250E0,-1.086388230E0,-1.406398177E0,1.048557401E0
4.266689250E0,-1.112801552E0,-1.290993810E0,1.222322702E0
4.276690250E0,-1.120280981E0,-1.180112839E0,1.370136619E0
4.286691250E0,-1.084558487E0,-1.074834108E0,1.511769652E0
4.296692250E0,-9.984590411E-1,-9.797039032E-1,1.667978644E0
4.306693250E0,-8.915414214E-1,-9.015726447E-1,1.838784456E0
4.316694250E0,-7.814846635E-1,-8.525065780E-1,2.011706829E0
4.326695250E0,-6.850499511E-1,-8.349891901E-1,2.174636126E0
4.336697250E0,-6.077505946E-1,-8.581112623E-1,2.341640949E0
4.346698250E0,-5.659697056E-1,-9.316506386E-1,2.515275002E0
4.356699250E0,-5.265125632E-1,-1.020841599E0,2.719222069E0
4.366700250E0,-4.475050569E-1,-1.129359126E0,2.942046642E0
4.376701250E0,-3.707412779E-1,-1.249071360E0,3.128830194E0
4.386703250E0,-3.044248521E-1,-1.455690622E0,3.288027525E0
4.396704250E0,-3.071780205E-1,-1.602207899E0,3.460087299E0
4.406705250E0,-3.118176162E-1,-1.712540507E0,3.662456036E0
4.416706250E0,-3.257515430E-1,-1.684472084E0,3.886421680E0
4.426707250E0,-2.796041369E-1,-1.682817578E0,4.119401455E0
4.436708250E0,-1.836560071E-1,-1.624082088E0,4.280234814E0
4.446709250E0,-1.262154430E-1,-1.539004445E0,4.285088062E0
4.456711250E0,-1.220888570E-1,-1.478554964E0,4.161544800E0
4.466712250E0,-9.081544727E-2,-1.282394052E0,3.995446444E0
4.476713250E0,-4.244312271E-2,-1.070594192E0,3.863774061E0
4.486714250E0,-1.633806853E-3,-8.427822590E-1,3.873685360E0
4.496715250E0,2.609289624E-2,-5.951098800E-1,4.061709881E0
4.506717250E0,-5.903046206E-2,-3.822822869E-1,4.302107811E0
4.516718250E0,-1.865860224E-1,-2.098308951E-1,4.506595135E0
4.526719250E0,-3.158136606E-1,-2.956577204E-2,4.639607430E0
4.536720250E0,-4.815938473E-1,1.444542408E-1,4.618611336E0
4.546721250E0,-5.949422121E-1,1.484864801E-1,4.461505413E0
4.556722250E0,-6.924315095E-1,-2.694419958E-2,4.303745747E0
4.566724250E0,-7.677208185E-1,-1.846735328E-1,4.195850372E0
4.576725250E0,-6.658751369E-1,-3.992382884E-1,4.113716602E0
4.586726250E0,-5.019890070E-1,-5.856004357E-1,4.078430653E0
4.596727250E0,-3.189310431E-1,-7.381071448E-1,4.110094070E0
4.606728250E0,-9.991177917E-2,-1.061488509E0,4.152500629E0
4.616729250E0,-3.268427029E-2,-1.380437255E0,4.050356865E0
4.626731250E0,-2.468289062E-2,-1.775507212E0,3.805617571E0
4.636732250E0,-1.052952185E-2,-2.103422880E0,3.499111891E0
4.646733250E0,3.570292890E-2,-2.165572166E0,3.180831909E0
4.656734250E0,1.108711809E-1,-2.170157433E0,2.942116737E0
4.666735250E0,2.377953529E-1,-2.168212652E0,2.790170193E0
4.676736250E0,4.319994450E-1,-2.141911030E0,2.678401709E0
4.686737250E0,6.495081782E-1,-2.097739458E0,2.561456919E0
4.696739250E0,7.738565207E-1,-2.065259695E0,2.350106001E0
4.706740250E0,7.969508171E-1,-2.058451891E0,2.012128115E0
4.716741250E0,7.976474762E-1,-2.046625137E0,1.624457479E0
4.726742250E0,8.167219162E-1,-1.929323316E0,1.253256798E0
4.736743250E0,8.528761864E-1,-1.764655232E0,9.057646394E-1
4.746745250E0,9.622839689E-1,-1.577984333E0,6.104781628E-1
4.756746250E0,1.090156794E0,-1.386134982E0,4.460630715E-1
4.766747250E0,1.212259889E0,-1.186297417E0,3.938632309E-1
4.776748250E0,1.309925795E0,-1.052241325E0,3.963871002E-1
4.786749250E0,1.408106685E0,-9.766771197E-1,3.878542185E-1
4.796750250E0,1.534810305E0,-9.855360985E-1,3.051468134E-1
4.806752250E0,1.695995569E0,-1.052183867E0,1.063435450E-1
4.816753250E0,1.866877913E0,-1.125975370E0,-1.500794590E-1
4.826754250E0,2.035225868E0,-1.171326160E0,-4.099490345E-1
4.836755250E0,2.175286055E0,-1.164123416E0,-6.604954600E-1
4.846756250E0,2.287750006E0,-1.111952066E0,-8.551387191E-1
4.856757250E0,2.380703449E0,-1.010925651E0,-9.862879515E-1
4.866759250E0,2.475269556E0,-8.906406760E-1,-1.080906630E0
4.876760250E0,2.591053009E0,-8.108872771E-1,-1.159209728E0
4.886761250E0,2.718040705E0,-8.078992963E-1,-1.257179379E0
4.896762250E0,2.839530468E0,-8.896642327E-1,-1.373793602E0
4.906763250E0,2.896062851E0,-1.039534330E0,-1.474577665E0
4.916764250E0,2.858913422E0,-1.193729043E0,-1.498250246E0
4.926766250E0,2.751383305E0,-1.281521797E0,-1.432172298E0
4.936767250E0,2.620577812E0,-1.276622176E0,-1.335671067E0
4.946768250E0,2.514722347E0,-1.218599200E0,-1.264757752E0
4.956769250E0,2.459203959E0,-1.156582117E0,-1.267341852E0
4.966770250E0,2.430810690E0,-1.105151772E0,-1.351121664E0
4.976771250E0,2.405069351E0,-1.055853248E0,-1.473209977E0
4.986773250E0,2.348519325E0,-1.027661800E0,-1.584435225E0
4.996774250E0,2.278344870E0,-9.855535030E-1,-1.634095192E0
5.006775250E0,2.195672750E0,-9.192425013E-1,-1.616485953E0
5.016776250E0,2.117225170E0,-8.304210305E-1,-1.537673116E0
5.026777250E0,2.036096573E0,-7.474725246E-1,-1.411686301E0
5.036778250E0,1.972609282E0,-6.659811139E-1,-1.283245683E0
5.046780250E0,1.921624660E0,-6.173118353E-1,-1.182616353E0
5.056781250E0,1.884109497E0,-6.266297102E-1,-1.089674115E0
5.066782250E0,1.838236451E0,-6.797226667E-1,-9.759003520E-1
5.076783250E0,1.789925814E0,-7.128750086E-1,-8.566253781E-1
5.086784250E0,1.699056625E0,-7.370538116E-1,-7.441588640E-1
5.096785125E0,1.633122802E0,-7.237140536E-1,-6.626278162E-1
5.106787125E0,1.605439425E0,-7.039752603E-1,-5.948067307E-1
5.116788125E0,1.613364458E0,-6.872599125E-1,-5.299241543E-1
5.126789125E0,1.618326902E0,-6.908844113E-1,-4.899813831E-1
5.136790125E0,1.628275514E0,-7.263638377E-1,-4.917398691E-1
5.146791125E0,1.680623412E0,-7.146446705E-1,-5.359138846E-1
5.156792125E0,1.708365321E0,-6.734660864E-1,-5.946274996E-1
5.166794125E0,1.719078422E0,-5.503545403E-1,-6.568461061E-1
5.176795125E0,1.680908680E0,-3.733182251E-1,-7.069191337E-1
5.186796125E0,1.630519509E0,-8.862537891E-2,-7.517075539E-1
5.196797125E0,1.565531492E0,1.643000990E-1,-7.895454764E-1
5.206798125E0,1.493823647E0,3.635478616E-1,-8.103522658E-1
5.216800125E0,1.422842383E0,4.973280430E-1,-8.136836290E-1
5.226801125E0,1.343266726E0,5.744163394E-1,-8.073544502E-1
5.236802125E0,1.277781487E0,5.869845748E-1,-8.079760075E-1
5.246803125E0,1.257326007E0,4.949789345E-1,-8.298640251E-1
5.256804125E0,1.266337872E0,2.148493081E-1,-8.784312606E-1
5.266805125E0,1.323120832E0,-2.095711231E-1,-9.218690395E-1
5.276807125E0,1.374069333E0,-7.703276873E-1,-9.485315681E-1
5.286808125E0,1.402782798E0,-1.339596629E0,-9.502161741E-1
5.296809125E0,1.425215960E0,-1.770683646E0,-9.410996437E-1
5.306810125E0,1.390500069E0,-1.977676868E0,-9.448108077E-1
5.316811125E0,1.298226833E0,-1.965639353E0,-1.036199689E0
5.326812125E0,1.199997783E0,-1.885526419E0,-1.220329046E0
5.336814125E0,1.111886501E0,-1.850281596E0,-1.292834878E0
5.346815125E0,9.371661544E-1,-1.746028900E0,-1.121817350E0
5.356816125E0,6.605265737E-1,-1.408518553E0,-8.423435688E-1
5.366817125E0,3.523147106E-1,-8.511386514E-1,-6.602568030E-1
5.376818125E0,8.360841125E-2,-2.025854141E-1,-6.293412447E-1
5.386819125E0,-1.133194268E-1,3.621004820E-1,-6.592204571E-1
5.396821125E0,-2.106845975E-1,7.244509459E-1,-6.457719803E-1
5.406822125E0,-2.273896337E-1,8.915378451E-1,-5.506359935E-1
5.416823125E0,-2.089989036E-1,9.612594247E-1,-4.085523188E-1
5.426824125E0,-1.965531856E-1,1.060333252E0,-2.749263942E-1
5.436825125E0,-2.429731488E-1,1.216971278E0,-1.826262623E-1
5.446827125E0,-3.205659986E-1,1.347861886E0,-1.451069266E-1
5.456828125E0,-3.873748779E-1,1.346969724E0,-1.668529660E-1
5.466829125E0,-4.250142872E-1,1.173809767E0,-2.628342509E-1
5.476830125E0,-4.621459246E-1,9.045865536E-1,-4.150000811E-1
5.486831125E0,-5.213312507E-1,6.610981226E-1,-5.651848316E-1
5.496832125E0,-5.846183300E-1,5.254444480E-1,-6.692188382E-1
5.506834125E0,-6.604984999E-1,4.997833073E-1,-7.173147202E-1
5.516835125E0,-7.595899105E-1,5.314027667E-1,-7.112674713E-1
5.526836125E0,-8.763556480E-1,5.393204093E-1,-6.876662970E-1
5.536837125E0,-9.696437716E-1,4.794847667E-1,-6.788921952E-1
5.546838125E0,-9.997236133E-1,3.970322013E-1,-7.071557641E-1
5.556839125E0,-9.656533003E-1,3.652029037E-1,-7.769353986E-1
5.566841125E0,-8.906587958E-1,4.044547081E-1,-8.723598123E-1
5.576842125E0,-8.129600286E-1,5.612219572E-1,-9.877631068E-1
5.586843125E0,-7.463353872E-1,7.932622433E-1,-1.120816350E0
5.596844125E0,-7.149729133E-1,1.062222004E0,-1.242536664E0
5.606845125E0,-7.227242589E-1,1.341217995E0,-1.329350591E0
5.616847125E0,-7.401405573E-1,1.576458693E0,-1.396524549E0
5.626848125E0,-7.571886778E-1,1.787360072E0,-1.460646272E0
5.636849125E0,-7.443421483E-1,1.940966368E0,-1.526339769E0
5.646850125E0,-6.847506762E-1,2.028318644E0,-1.613197207E0
5.656851125E0,-6.024798155E-1,2.095872164E0,-1.711560369E0
5.666852125E0,-4.663066864E-1,2.120135546E0,-1.817505240E0
5.676854125E0,-2.989989221E-1,2.105351925E0,-1.940352678E0
5.686855125E0,-1.093364581E-1,2.063828945E0,-2.075073481E0
5.696856125E0,4.858793318E-2,1.941756368E0,-2.145800829E0
5.706857125E0,2.212025970E-1,1.729443312E0,-2.153924227E0
5.716858125E0,3.744632602E-1,1.403832912E0,-2.087179184E0
5.726860125E0,5.281090140E-1,9.912703037E-1,-2.022540092E0
5.736861125E0,6.628080010E-1,5.475932956E-1,-1.993109465E0
5.746862125E0,7.852552533E-1,1.230379120E-1,-1.995985389E0
5.756863125E0,9.102984071E-1,-2.302668840E-1,-2.026119709E0
5.766864125E0,1.043538332E0,-4.758656025E-1,-2.050926685E0
5.776865125E0,1.152645946E0,-5.933312774E-1,-2.029563189E0
5.786867125E0,1.198559403E0,-5.831463337E-1,-1.976558089E0
5.796868125E0,1.272868752E0,-4.139653146E-1,-1.937878609E0
5.806869125E0,1.225919724E0,-1.956940889E-1,-1.969832659E0
5.816870125E0,1.064589143E0,-1.047697812E-1,-2.134053469E0
5.826871125E0,8.185440898E-1,-1.603132337E-1,-2.371644020E0
5.836872125E0,5.745724440E-1,-1.537418962E-1,-2.569873095E0
5.846874125E0,5.009663105E-1,-1.007161215E-1,-2.655521154E0
5.856875125E0,5.467860103E-1,6.168184429E-2,-2.609800577E0
5.866876125E0,5.820655823E-1,3.248928189E-1,-2.489643812E0
5.876877125E0,5.238486528E-1,6.550968289E-1,-2.377114296E0
5.886878125E0,3.782510757E-1,9.697985053E-1,-2.357108831E0
5.896880125E0,2.187165618E-1,1.205917358E0,-2.480468035E0
5.906881125E0,2.733089961E-3,1.252528429E0,-2.690206766E0
5.916882125E0,-2.944810092E-1,1.089359164E0,-2.962203503E0
5.926883125E0,-5.082776546E-1,7.326300144E-1,-3.133114100E0
5.936884125E0,-4.149466455E-1,5.020146370E-1,-3.116297007E0
5.946885125E0,-2.330930829E-1,4.166544974E-1,-3.013116598E0
5.956887125E0,-6.173545122E-2,1.389544308E-1,-2.942794085E0
5.966888125E0,7.405536622E-2,-2.781903744E-1,-3.054769516E0
5.976889125E0,1.521128863E-1,-8.482019305E-1,-3.342651606E0
5.986890125E0,2.282665819E-1,-1.490775824E0,-3.733763695E0
5.996891125E0,3.056420684E-1,-2.183690071E0,-4.068193436E0
6.006893125E0,3.669842184E-1,-2.728216648E0,-4.267187119E0
6.016894125E0,3.891310692E-1,-3.159221411E0,-4.326880455E0
6.026895125E0,2.856052816E-1,-3.498365879E0,-4.274501801E0
6.036896125E0,6.877552718E-2,-3.777002811E0,-4.107490063E0
6.046897125E0,-2.610856593E-1,-3.975592852E0,-3.858640432E0
6.056898125E0,-7.069329619E-1,-4.112549782E0,-3.572527885E0
6.066900125E0,-1.133698344E0,-4.182748318E0,-3.305856228E0
6.076901125E0,-1.292279482E0,-4.129750729E0,-3.133448601E0
6.086902125E0,-1.144934058E0,-3.985028982E0,-3.034749508E0
6.096903292E0,-8.370441794E-1,-3.813484192E0,-2.915312052E0
6.106904292E0,-6.773918271E-1,-3.687172413E0,-2.696710587E0
6.116906292E0,-7.594411373E-1,-3.528594017E0,-2.365904331E0
6.126907292E0,-9.444690943E-1,-3.260532618E0,-2.032601595E0
6.136908292E0,-1.125207782E0,-2.870370865E0,-1.808393955E0
6.146909292E0,-1.259510517E0,-2.410689592E0,-1.675555468E0
6.156910292E0,-1.370587707E0,-1.952971101E0,-1.551028371E0
6.166912292E0,-1.457426190E0,-1.607630730E0,-1.367277265E0
6.176913292E0,-1.458029151E0,-1.414602995E0,-1.124465466E0
6.186914292E0,-1.420950413E0,-1.368862271E0,-8.494433761E-1
6.196915292E0,-1.374501228E0,-1.396536708E0,-5.738016367E-1
6.206916292E0,-1.345099688E0,-1.422216654E0,-3.424184918E-1
6.216917292E0,-1.361487269E0,-1.571626425E0,-1.724323928E-1
6.226919292E0,-1.357224345E0,-1.782783747E0,-5.739149451E-2
6.236920292E0,-1.329199314E0,-2.074833632E0,4.957916215E-2
6.246921292E0,-1.275693893E0,-2.372560263E0,1.867914796E-1
6.256922292E0,-1.214547634E0,-2.621474743E0,3.545953929E-1
6.266923292E0,-1.151053071E0,-2.778259754E0,5.257223248E-1
6.276925292E0,-1.115018964E0,-2.835893393E0,6.789445877E-1
6.286926292E0,-1.150906682E0,-2.839722633E0,8.041610122E-1
6.296927292E0,-1.224357843E0,-2.796574831E0,9.141618013E-1
6.306928292E0,-1.285714388E0,-2.720953941E0,1.013792276E0
6.316929292E0,-1.312536955E0,-2.649998426E0,1.094581842E0
6.326930292E0,-1.262296438E0,-2.661243916E0,1.182872534E0
6.336932292E0,-1.182749629E0,-2.770947695E0,1.291164398E0
6.346933292E0,-1.108996034E0,-2.960654736E0,1.433261037E0
6.356934292E0,-1.037890673E0,-3.162207842E0,1.610281348E0
6.366935292E0,-9.861652851E-1,-3.327478886E0,1.800566435E0
6.376936292E0,-9.423162937E-1,-3.419527292E0,1.971930981E0
6.386938292E0,-9.105131030E-1,-3.432646751E0,2.102862597E0
6.396939292E0,-9.110294580E-1,-3.409122467E0,2.219573498E0
6.406940292E0,-9.287598729E-1,-3.353978157E0,2.333908319E0
6.416941292E0,-9.314717650E-1,-3.236709356E0,2.445834875E0
6.426942292E0,-9.216712713E-1,-3.066081524E0,2.566367626E0
6.436943292E0,-9.143028259E-1,-2.863759518E0,2.714689970E0
6.446945292E0,-9.358811975E-1,-2.659911156E0,2.900808811E0
6.456946292E0,-9.482986927E-1,-2.446351051E0,3.106499434E0
6.466947292E0,-9.619812369E-1,-2.257871866E0,3.275731325E0
6.476948292E0,-9.814170003E-1,-2.083185673E0,3.397395372E0
6.486949292E0,-9.985370040E-1,-1.934082627E0,3.494728088E0
6.496951292E0,-9.781355858E-1,-1.811529756E0,3.616507053E0
6.506952292E0,-9.206871390E-1,-1.743104339E0,3.780039549E0
6.516953292E0,-8.582655787E-1,-1.675052285E0,3.945874453E0
6.526954292E0,-7.561115623E-1,-1.607319713E0,4.076513290E0
6.536955292E0,-6.726046801E-1,-1.495090365E0,4.133766174E0
6.546957292E0,-5.643705726E-1,-1.451617241E0,4.175341606E0
6.556958292E0,-4.694882631E-1,-1.530251026E0,4.279374123E0
6.566959292E0,-3.508942723E-1,-1.753227234E0,4.478396893E0
6.576960292E0,-2.118684649E-1,-1.979980588E0,4.786600113E0
6.586961292E0,-1.290368736E-1,-2.072959185E0,5.079107285E0
6.596962292E0,-6.141309068E-2,-2.042266369E0,5.269072533E0
6.606964292E0,1.652425900E-2,-1.854127526E0,5.339400768E0
6.616965292E0,4.121549055E-2,-1.608283997E0,5.239227295E0
6.626966292E0,4.448726028E-2,-1.517705202E0,5.060378551E0
6.636967292E0,6.400290877E-2,-1.579347491E0,4.959010601E0
6.646968292E0,1.275389045E-1,-1.687046409E0,5.021922588E0
6.656970292E0,2.999340892E-1,-1.809300423E0,5.188314915E0
6.666971292E0,4.546927810E-1,-1.881910563E0,5.371466637E0
6.676972292E0,5.805265903E-1,-1.883927703E0,5.502480984E0
6.686973292E0,7.101061940E-1,-1.873798609E0,5.592660427E0
6.696974292E0,8.395656347E-1,-1.900032878E0,5.628353596E0
6.706976292E0,1.017103076E0,-1.875645518E0,5.585736275E0
6.716977292E0,1.288869858E0,-1.962011576E0,5.466979504E0
6.726978292E0,1.549748659E0,-1.818830967E0,5.371911526E0
6.736979292E0,1.829471827E0,-1.808370113E0,5.360151291E0
6.746980292E0,2.057484865E0,-1.650605798E0,5.362493992E0
6.756981292E0,2.212146521E0,-1.704463720E0,5.337498188E0
6.766983292E0,2.373229504E0,-2.150214434E0,5.215675831E0
6.776984292E0,2.444698334E0,-2.347967863E0,4.968633175E0
6.786985292E0,2.518460274E0,-2.808982849E0,4.613900661E0
6.796986292E0,2.464708090E0,-3.400619745E0,4.075535297E0
6.806987292E0,2.281409025E0,-3.457234621E0,3.428203344E0
6.816989292E0,2.144936562E0,-3.637488604E0,2.846439362E0
6.826990292E0,2.095371485E0,-3.666196108E0,2.365988493E0
6.836991292E0,2.068551540E0,-3.715197802E0,1.976626039E0
6.846992292E0,2.072330236E0,-3.833338737E0,1.615161300E0
6.856993292E0,2.149484396E0,-4.082402229E0,1.226269484E0
6.866994292E0,2.213354111E0,-4.400566578E0,7.846820354E-1
6.876996292E0,2.280972004E0,-4.661493301E0,3.289123774E-1
6.886997292E0,2.321876049E0,-4.816271305E0,-1.404213011E-1
6.896998292E0,2.311983585E0,-4.838793755E0,-5.802037716E-1
6.906999292E0,2.268776178E0,-4.661845684E0,-9.646509290E-1
6.917000292E0,2.203210831E0,-4.277517796E0,-1.286169648E0
6.927002292E0,2.150383949E0,-3.797801495E0,-1.553203344E0
6.937003292E0,2.123705149E0,-3.309674501E0,-1.803890109E0
6.947004292E0,2.127591372E0,-2.886138201E0,-2.042341232E0
6.957005292E0,2.175981045E0,-2.549646139E0,-2.276303053E0
6.967006292E0,2.255075693E0,-2.324941874E0,-2.497337103E0
6.977008292E0,2.379358053E0,-2.198202133E0,-2.712450266E0
6.987009292E0,2.513001680E0,-2.110606909E0,-2.908893585E0
6.997010292E0,2.640165329E0,-2.092144966E0,-3.085141659E0
7.007011292E0,2.765649080E0,-2.097896576E0,-3.245418549E0
7.017012292E0,2.892225742E0,-2.127931356E0,-3.331286430E0
7.027013292E0,3.041783810E0,-2.169125080E0,-3.332108736E0
7.037015292E0,3.208583832E0,-2.210825443E0,-3.294006586E0
7.047016292E0,3.363351583E0,-2.243994474E0,-3.208526373E0
7.057017292E0,3.433977842E0,-2.207278490E0,-3.104346275E0
7.067018292E0,3.455670595E0,-2.026180983E0,-3.048252821E0
7.077019292E0,3.502515793E0,-1.929553509E0,-3.049368620E0
7.087021292E0,3.530512333E0,-1.670044780E0,-3.095515251E0
7.097021875E0,3.490053892E0,-1.300002575E0,-3.156964064E0
7.107022875E0,3.481926203E0,-9.851077795E-1,-3.223265171E0
7.117023875E0,3.429934502E0,-5.279293060E-1,-3.283737421E0
7.127024875E0,3.357747078E0,-1.431810409E-1,-3.381008625E0
7.137026875E0,3.328370333E0,2.330884635E-1,-3.584421635E0
7.147027875E0,3.448644876E0,4.806775153E-1,-3.872271061E0
7.157028875E0,3.705943346E0,4.972849786E-1,-4.147918701E0
7.167029875E0,4.041762352E0,1.693661958E-1,-4.301920891E0
7.177030875E0,4.334531307E0,-4.645255506E-1,-4.296866417E0
7.187032875E0,4.436013222E0,-1.202777743E0,-4.131943226E0
7.197033875E0,4.328924656E0,-1.813174844E0,-3.856897116E0
7.207034875E0,4.113253117E0,-2.189193010E0,-3.560183048E0
7.217035875E0,3.831049442E0,-2.287135601E0,-3.313199997E0
7.227036875E0,3.516721010E0,-2.253102303E0,-3.117130518E0
7.237037875E0,3.164635420E0,-2.071396589E0,-2.975155115E0
7.247039875E0,2.880837679E0,-2.171195269E0,-2.966097593E0
7.257040875E0,2.591168880E0,-1.905516624E0,-3.107795238E0
7.267041875E0,2.346963882E0,-1.957935333E0,-3.365628719E0
7.277042875E0,2.094230652E0,-1.905329943E0,-3.662060738E0
7.287043875E0,1.790001392E0,-1.714214206E0,-3.845779181E0
7.297045875E0,1.530264378E0,-1.704824686E0,-3.906503201E0
7.307046875E0,1.231365800E0,-1.514570236E0,-3.870888472E0
7.317047875E0,9.096158147E-1,-1.139743924E0,-3.748852491E0
7.327048875E0,6.317713261E-1,-6.922832131E-1,-3.563685179E0
7.337049875E0,4.225046337E-1,-4.339773655E-1,-3.356517076E0
7.347051875E0,2.406705767E-1,-1.487478465E-1,-3.142403126E0
7.357052875E0,1.066280901E-1,1.839134283E-2,-2.929363728E0
7.367053875E0,1.788106933E-2,-1.476333104E-2,-2.744353294E0
7.377054875E0,-1.314871162E-1,8.253765851E-2,-2.591518164E0
7.387055875E0,-2.824794352E-1,9.203153662E-3,-2.484220266E0
7.397057875E0,-4.949730635E-1,-4.099343717E-2,-2.414646387E0
7.407058875E0,-6.517832875E-1,-1.764435507E-2,-2.370230198E0
7.417059875E0,-6.808854938E-1,-1.489840150E-1,-2.348364592E0
7.427060875E0,-5.665014982E-1,-2.561779022E-1,-2.350488186E0
7.437061875E0,-3.108355999E-1,-4.073216021E-1,-2.359532356E0
7.447063875E0,-1.522813644E-2,-5.223881006E-1,-2.319984674E0
7.457064875E0,1.812298000E-1,-5.031433105E-1,-2.214947224E0
7.467065875E0,1.508452594E-1,-4.797225296E-1,-2.087425709E0
7.477066875E0,-1.551833749E-1,-7.040888071E-1,-2.006174564E0
7.487067875E0,-4.715565741E-1,-1.212417841E0,-2.071478844E0
7.497068875E0,-5.531963110E-1,-1.832813501E0,-2.263373852E0
7.507070875E0,-3.943511546E-1,-2.433114290E0,-2.389851570E0
7.517071875E0,-1.081547961E-1,-2.868254662E0,-2.354225397E0
7.527072875E0,1.504013091E-1,-3.043755770E0,-2.180187464E0
7.537073875E0,2.446902543E-1,-2.978806496E0,-1.961220384E0
7.547074875E0,6.652367115E-2,-2.717844963E0,-1.739662766E0
7.557076875E0,-3.585471809E-1,-2.337198734E0,-1.512019277E0
7.567077875E0,-7.977432609E-1,-1.873887181E0,-1.298309445E0
7.577078875E0,-1.053547621E0,-1.306574941E0,-1.170133591E0
7.587079875E0,-1.127417326E0,-7.941826582E-1,-1.158037305E0
7.597080875E0,-1.074369788E0,-4.570919573E-1,-1.194936156E0
7.607082875E0,-1.011416912E0,-2.751758397E-1,-1.204471469E0
7.617083875E0,-1.018425584E0,-2.159796208E-1,-1.205020070E0
7.627084875E0,-1.157722116E0,-2.810715139E-1,-1.219069481E0
7.637085875E0,-1.330295324E0,-4.454279840E-1,-1.238055944E0
7.647086875E0,-1.494538546E0,-6.255279779E-1,-1.255608797E0
7.657088875E0,-1.636680007E0,-8.150281310E-1,-1.268555999E0
7.667089875E0,-1.668331504E0,-1.040377498E0,-1.272494197E0
7.677090875E0,-1.570780516E0,-1.236666560E0,-1.262342930E0
7.687091875E0,-1.479603291E0,-1.261848569E0,-1.192619085E0
7.697092875E0,-1.454745054E0,-1.137929797E0,-1.097526670E0
7.707094875E0,-1.486078143E0,-9.644227028E-1,-1.042207718E0
7.717095875E0,-1.532218456E0,-7.899127007E-1,-1.038607597E0
7.727096875E0,-1.616272926E0,-6.722618937E-1,-1.072014451E0
7.737097875E0,-1.721864343E0,-6.002393961E-1,-1.099644184E0
7.747098875E0,-1.848396540E0,-5.354344845E-1,-1.131230831E0
7.757100875E0,-1.936085105E0,-4.638801515E-1,-1.200822115E0
7.767101875E0,-1.917597771E0,-3.944575489E-1,-1.290138245E0
7.777102875E0,-1.794722915E0,-4.316150248E-1,-1.430400848E0
7.787103875E0,-1.739755273E0,-5.356364250E-1,-1.669881344E0
7.797104875E0,-1.817229748E0,-7.699128389E-1,-2.009603977E0
7.807106875E0,-1.897604704E0,-9.388812184E-1,-2.305758238E0
7.817107875E0,-2.024786711E0,-1.046312809E0,-2.448415279E0
7.827108875E0,-2.184765100E0,-1.171430588E0,-2.360136271E0
7.837109875E0,-2.376868486E0,-1.426103354E0,-2.081894636E0
7.847110875E0,-2.510208368E0,-1.713800669E0,-1.833091140E0
7.857112875E0,-2.532261372E0,-2.062160730E0,-1.754729986E0
7.867113875E0,-2.578601122E0,-2.438291788E0,-1.795325994E0
7.877114875E0,-2.736343861E0,-2.746969700E0,-1.842640758E0
7.887115875E0,-2.911215067E0,-2.966410637E0,-1.849836826E0
7.897116875E0,-3.048486233E0,-3.095856190E0,-1.789272547E0
7.907118875E0,-3.086845398E0,-3.152809381E0,-1.661633730E0
7.917119875E0,-3.027599096E0,-3.142770529E0,-1.498571634E0
7.927120875E0,-2.956697464E0,-3.109743834E0,-1.337192416E0
7.937121875E0,-2.868416786E0,-3.071673155E0,-1.186364293E0
7.947122875E0,-2.819391251E0,-3.021980762E0,-1.051148653E0
7.957124875E0,-2.807745695E0,-2.941242218E0,-9.042537808E-1
7.967125875E0,-2.802370787E0,-2.839184284E0,-7.219681144E-1
7.977126875E0,-2.777505636E0,-2.729509354E0,-4.924770892E-1
7.987127875E0,-2.710339546E0,-2.634171486E0,-2.084203213E-1
7.997128875E0,-2.573027849E0,-2.555570126E0,6.247561797E-2
8.007130875E0,-2.387909174E0,-2.504789591E0,2.510250509E-1
8.017131875E0,-2.220567226E0,-2.563463688E0,3.791699708E-1
8.027132875E0,-2.098660946E0,-2.630390167E0,5.191373825E-1
8.037133875E0,-2.013610125E0,-2.668679953E0,7.162967324E-1
8.047134875E0,-1.949173689E0,-2.606514215E0,9.443846941E-1
8.057136875E0,-1.916615486E0,-2.479919195E0,1.154155970E0
8.067137875E0,-1.886642337E0,-2.343472004E0,1.309390068E0
8.077138875E0,-1.830469370E0,-2.244686842E0,1.401447296E0
8.087139875E0,-1.705706358E0,-2.187851667E0,1.438781738E0
8.097140750E0,-1.581187129E0,-2.180446625E0,1.435679674E0
8.107142750E0,-1.436021328E0,-2.210065842E0,1.432665229E0
8.117143750E0,-1.279712439E0,-2.244392157E0,1.439092159E0
8.127144750E0,-1.149431109E0,-2.277781963E0,1.463545918E0
8.137145750E0,-1.053288817E0,-2.322923422E0,1.517188907E0
8.147146750E0,-9.884897470E-1,-2.406996727E0,1.604850173E0
8.157148750E0,-9.375396967E-1,-2.538203716E0,1.716365337E0
8.167149750E0,-8.853436708E-1,-2.665934563E0,1.843688250E0
8.177150750E0,-8.345848918E-1,-2.760186672E0,1.988971353E0
8.187151750E0,-7.812781334E-1,-2.818828106E0,2.145518541E0
8.197152750E0,-7.091525197E-1,-2.826265574E0,2.299617052E0
8.207154750E0,-6.254689693E-1,-2.749828577E0,2.442299604E0
8.217155750E0,-5.466308594E-1,-2.582288742E0,2.545976639E0
8.227156750E0,-4.941417277E-1,-2.366390705E0,2.626778841E0
8.237157750E0,-4.693956375E-1,-2.164665937E0,2.732700825E0
8.247158750E0,-4.326921701E-1,-1.982151389E0,2.865731239E0
8.257160750E0,-3.659368455E-1,-1.803039908E0,2.978434324E0
8.267161750E0,-2.881678045E-1,-1.654510140E0,3.047417164E0
8.277162750E0,-1.911458969E-1,-1.546651602E0,3.079344988E0
8.287163750E0,-5.630054697E-2,-1.473438501E0,3.083346128E0
8.297165750E0,1.178121269E-1,-1.397748470E0,3.092011452E0
8.307166750E0,3.037931323E-1,-1.309637308E0,3.114663124E0
8.317167750E0,4.938570559E-1,-1.244740605E0,3.172778368E0
8.327168750E0,6.395635605E-1,-1.166492224E0,3.296489954E0
8.337169750E0,7.091500759E-1,-1.094172001E0,3.467824221E0
8.347171750E0,7.542982101E-1,-1.042171717E0,3.642807961E0
8.357172750E0,8.017584085E-1,-9.930430651E-1,3.806771994E0
8.367173750E0,9.257096052E-1,-1.016466498E0,3.980621099E0
8.377174750E0,1.146675229E0,-1.067509651E0,4.170866013E0
8.387175750E0,1.432830811E0,-1.145745635E0,4.367569447E0
8.397177750E0,1.624115825E0,-1.208175778E0,4.481871128E0
8.407178750E0,1.627818704E0,-1.220267057E0,4.409960270E0
8.417179750E0,1.503158808E0,-1.129057288E0,4.192791939E0
8.427180750E0,1.347128272E0,-9.481458664E-1,3.977705002E0
8.437181750E0,1.213556647E0,-7.235271335E-1,3.884632349E0
8.447183750E0,1.189445615E0,-6.352636814E-1,3.973579645E0
8.457184750E0,1.274665475E0,-6.190291047E-1,4.255463123E0
8.467185750E0,1.481407762E0,-7.247770429E-1,4.660560608E0
8.477186750E0,1.647427917E0,-8.294528127E-1,4.908748627E0
8.487187750E0,1.720996857E0,-9.661313295E-1,4.821434975E0
8.497189750E0,1.715295076E0,-1.227956057E0,4.530367851E0
8.507190750E0,1.680101275E0,-1.435090661E0,4.243805408E0
8.517191750E0,1.715074182E0,-1.531957507E0,4.068106174E0
8.527192750E0,1.858428717E0,-1.617520571E0,4.022068501E0
8.537193750E0,2.117506981E0,-1.692551374E0,4.075943470E0
8.547195750E0,2.437073469E0,-1.717477322E0,4.110404015E0
8.557196750E0,2.787031412E0,-1.763433933E0,4.035436153E0
8.567197750E0,3.072781563E0,-1.903969526E0,3.822205782E0
8.577198750E0,3.241236687E0,-2.087347031E0,3.510637045E0
8.587199750E0,3.271344423E0,-2.202678680E0,3.156692743E0
8.597201750E0,3.197813034E0,-2.220846891E0,2.830730200E0
8.607202750E0,3.119690657E0,-2.209906101E0,2.585236311E0
8.617203750E0,3.106800556E0,-2.281466722E0,2.399645329E0
8.627204750E0,3.184561968E0,-2.436635256E0,2.220530272E0
8.637205750E0,3.359908342E0,-2.669206381E0,2.006150723E0
8.647207750E0,3.601617098E0,-2.962675095E0,1.737976074E0
8.657208750E0,3.809662104E0,-3.328938007E0,1.404129982E0
8.667209750E0,3.932694197E0,-3.744445324E0,1.052374005E0
8.677210750E0,4.009409428E0,-4.042041779E0,7.699505687E-1
8.687211750E0,4.075085163E0,-4.120987892E0,6.087531447E-1
8.697213750E0,4.135472298E0,-4.021588802E0,4.962694645E-1
8.707214750E0,4.158499718E0,-3.826959372E0,3.427372277E-1
8.717215750E0,4.113212585E0,-3.596241474E0,1.183773726E-1
8.727216750E0,4.025679111E0,-3.371836424E0,-1.978053451E-1
8.737217750E0,3.903219700E0,-3.191079378E0,-6.116073132E-1
8.747219750E0,3.716660738E0,-3.057733536E0,-1.089496732E0
8.757220750E0,3.498392820E0,-2.877923965E0,-1.537041903E0
8.767221750E0,3.304546356E0,-2.595199108E0,-1.878486156E0
8.777222750E0,3.172667980E0,-2.211544514E0,-2.072599888E0
8.787224750E0,3.102557898E0,-1.780509472E0,-2.129332542E0
8.797225750E0,3.081210375E0,-1.357470036E0,-2.092905045E0
8.807226750E0,3.100976706E0,-9.922421575E-1,-2.047734737E0
8.817227750E0,3.130923271E0,-7.486308217E-1,-2.070934772E0
8.827228750E0,3.137762785E0,-6.302196383E-1,-2.168145418E0
8.837230750E0,3.108697414E0,-5.582120419E-1,-2.304660559E0
8.847231750E0,3.071409225E0,-4.824778438E-1,-2.452613831E0
8.857232750E0,3.048634052E0,-4.044879675E-1,-2.600875616E0
8.867233750E0,3.049563885E0,-3.663768470E-1,-2.707493544E0
8.877234750E0,3.081536055E0,-3.576560616E-1,-2.740556955E0
8.887236750E0,3.145546436E0,-3.701661229E-1,-2.717778206E0
8.897237750E0,3.161815166E0,-3.491489887E-1,-2.683736563E0
8.907238750E0,3.113625526E0,-3.078114986E-1,-2.663580894E0
8.917239750E0,3.020267963E0,-3.250381649E-1,-2.670761108E0
8.927240750E0,2.916436434E0,-4.000899792E-1,-2.687850237E0
8.937242750E0,2.801509380E0,-4.845928848E-1,-2.708012581E0
8.947243750E0,2.680406809E0,-5.403794646E-1,-2.721176624E0
8.957244750E0,2.554432869E0,-5.132018924E-1,-2.732548237E0
8.967245750E0,2.466849327E0,-4.590457976E-1,-2.762444019E0
8.977246750E0,2.407285929E0,-4.234648943E-1,-2.790949821E0
8.987248750E0,2.342127323E0,-4.154501557E-1,-2.791561604E0
8.997249750E0,2.244131088E0,-4.461342990E-1,-2.757348537E0
9.007250750E0,2.148427248E0,-6.114573479E-1,-2.717273474E0
9.017251750E0,2.060817242E0,-8.730514050E-1,-2.705734730E0
9.027252750E0,1.980133414E0,-1.208138227E0,-2.741461992E0
9.037254750E0,1.909354329E0,-1.502934456E0,-2.803479195E0
9.047255750E0,1.801941752E0,-1.889006734E0,-2.863489866E0
9.057256750E0,1.675202966E0,-2.151195526E0,-2.893925190E0
9.067257750E0,1.526461005E0,-2.366005421E0,-2.883248568E0
9.077259750E0,1.366281629E0,-2.515572071E0,-2.853103161E0
9.087260750E0,1.236425400E0,-2.645675182E0,-2.799550533E0
9.097262625E0,1.073528528E0,-2.756961823E0,-2.753023386E0
9.107263625E0,9.257326126E-1,-2.769034624E0,-2.719741821E0
9.117264625E0,7.643096447E-1,-2.748277664E0,-2.682976246E0
9.127266625E0,6.110795140E-1,-2.659779787E0,-2.644448519E0
9.137267625E0,4.133786857E-1,-2.529132366E0,-2.606414557E0
9.147268625E0,1.587668657E-1,-2.250065804E0,-2.550462246E0
9.157269625E0,-7.250044495E-2,-2.122343540E0,-2.507622004E0
9.167270625E0,-3.319205344E-1,-1.854076982E0,-2.465583801E0
9.177272625E0,-5.450581312E-1,-1.636568308E0,-2.417394161E0
9.187273625E0,-6.962584257E-1,-1.418580294E0,-2.381942034E0
9.197274625E0,-7.845326662E-1,-1.244505882E0,-2.355974674E0
9.207275625E0,-8.282584548E-1,-1.098164201E0,-2.333081961E0
9.217277625E0,-8.839225173E-1,-1.019830823E0,-2.304404259E0
9.227278625E0,-9.818066359E-1,-9.815106392E-1,-2.266872168E0
9.237279625E0,-1.123314500E0,-9.881725311E-1,-2.230444431E0
9.247280625E0,-1.268049955E0,-1.035855889E0,-2.222073793E0
9.257281625E0,-1.385973930E0,-1.101662874E0,-2.269420862E0
9.267283625E0,-1.420040131E0,-1.162492514E0,-2.395903826E0
9.277284625E0,-1.286621690E0,-1.251682878E0,-2.555624247E0
9.287285625E0,-1.071931124E0,-1.412945628E0,-2.636596203E0
9.297286625E0,-9.516796470E-1,-1.620967269E0,-2.609602213E0
9.307287625E0,-9.433103800E-1,-1.833108425E0,-2.506651878E0
9.317289625E0,-8.994409442E-1,-2.001182079E0,-2.360002518E0
9.327290625E0,-8.303311467E-1,-2.123054028E0,-2.198056698E0
9.337291625E0,-7.296566963E-1,-2.166411400E0,-1.999668241E0
9.347292625E0,-6.624922752E-1,-2.203256369E0,-1.784481764E0
9.357293625E0,-6.427747607E-1,-2.279067278E0,-1.581306219E0
9.367295625E0,-5.910774469E-1,-2.429748297E0,-1.396212339E0
9.377296625E0,-5.103697777E-1,-2.570731401E0,-1.227461100E0
9.387297625E0,-4.552972317E-1,-2.567437649E0,-1.062175989E0
9.397298625E0,-4.871955216E-1,-2.388672829E0,-9.281327724E-1
9.407300625E0,-6.004025340E-1,-2.082908630E0,-8.903942108E-1
9.417301625E0,-8.113930821E-1,-1.711518407E0,-9.311677217E-1
9.427302625E0,-1.076572418E0,-1.312998176E0,-1.002914190E0
9.437303625E0,-1.309729457E0,-9.282014966E-1,-1.076173425E0
9.447304625E0,-1.525758624E0,-6.216555238E-1,-1.133850217E0
9.457306625E0,-1.624311209E0,-4.165034294E-1,-1.173674822E0
9.467307625E0,-1.610906363E0,-2.797836363E-1,-1.165032387E0
9.477308625E0,-1.596624136E0,-2.538639009E-1,-1.072095275E0
9.487309625E0,-1.608798862E0,-3.757980764E-1,-9.390445352E-1
9.497311625E0,-1.612944126E0,-6.180783510E-1,-8.151300550E-1
9.507312625E0,-1.659537196E0,-9.654973149E-1,-7.424694896E-1
9.517313625E0,-1.761037946E0,-1.325173140E0,-6.955448985E-1
9.527314625E0,-1.886366010E0,-1.657437682E0,-6.462061405E-1
9.537315625E0,-1.935413957E0,-1.923112988E0,-6.221295595E-1
9.547317625E0,-1.859262824E0,-2.086184978E0,-6.150593758E-1
9.557318625E0,-1.736784935E0,-2.100240231E0,-6.010293365E-1
9.567319625E0,-1.695833802E0,-2.110718727E0,-5.701303482E-1
9.577320625E0,-1.699912190E0,-2.037859678E0,-5.507652164E-1
9.587321625E0,-1.766604900E0,-1.894583106E0,-5.482896566E-1
9.597323625E0,-1.839075565E0,-1.725033402E0,-5.745902658E-1
9.607324625E0,-1.829397559E0,-1.539983869E0,-6.081056595E-1
9.617325625E0,-1.748090982E0,-1.354502439E0,-6.056134701E-1
9.627326625E0,-1.624291897E0,-1.173676729E0,-5.621005893E-1
9.637328625E0,-1.520297050E0,-9.874491096E-1,-5.027373433E-1
9.647329625E0,-1.522827029E0,-8.805847764E-1,-4.225217998E-1
9.657330625E0,-1.539767146E0,-7.483870387E-1,-3.662806451E-1
9.667331625E0,-1.514689326E0,-5.897456408E-1,-3.505481482E-1
9.677332625E0,-1.451865077E0,-4.339603186E-1,-3.515454829E-1
9.687334625E0,-1.436150789E0,-3.283803761E-1,-3.525540233E-1
9.697335625E0,-1.490693450E0,-2.526379228E-1,-3.496834040E-1
9.707336625E0,-1.616906524E0,-1.589507163E-1,-3.786621690E-1
9.717337625E0,-1.733585954E0,-1.072244048E-1,-4.175331295E-1
9.727339625E0,-1.750012279E0,-3.232533112E-2,-4.542812109E-1
9.737340625E0,-1.695196152E0,-1.551732048E-2,-4.846649468E-1
9.747341625E0,-1.642010927E0,-1.498396397E-1,-4.554787576E-1
9.757342625E0,-1.587204695E0,-3.549845219E-1,-4.019721150E-1
9.767343625E0,-1.562868834E0,-6.109269261E-1,-3.669597208E-1
9.777345625E0,-1.586673737E0,-8.525393009E-1,-3.587736785E-1
9.787346625E0,-1.659179091E0,-1.050507545E0,-3.570912480E-1
9.797347625E0,-1.745724797E0,-1.181613326E0,-3.450076878E-1
9.807348625E0,-1.830197334E0,-1.249624729E0,-3.362422287E-1
9.817349625E0,-1.887120008E0,-1.251097202E0,-3.440503478E-1
9.827351625E0,-1.916428089E0,-1.239817381E0,-3.432742655E-1
9.837352625E0,-1.926809311E0,-1.205533385E0,-3.209364712E-1
9.847353625E0,-1.951089025E0,-1.131350994E0,-2.678845227E-1
9.857354625E0,-2.033766031E0,-1.036909461E0,-1.716184318E-1
9.867356625E0,-2.129093170E0,-8.853381872E-1,-2.851730771E-2
9.877357625E0,-2.250099659E0,-8.006001115E-1,1.142832562E-1
9.887358625E0,-2.336232901E0,-6.826698780E-1,2.228943855E-1
9.897359625E0,-2.404713869E0,-6.128516197E-1,2.883679271E-1
9.907360625E0,-2.452214956E0,-5.891557336E-1,3.287618458E-1
9.917362625E0,-2.486110449E0,-5.933672786E-1,3.681289554E-1
9.927363625E0,-2.484334707E0,-5.474496484E-1,4.259444475E-1
9.937364625E0,-2.485734224E0,-5.451880693E-1,5.037990212E-1
9.947365625E0,-2.459550858E0,-5.110945106E-1,6.111049652E-1
9.957367625E0,-2.444653988E0,-5.035811663E-1,7.428672314E-1
9.967368625E0,-2.450474024E0,-5.378660560E-1,8.730518222E-1
9.977369625E0,-2.482540846E0,-5.976369381E-1,9.889438152E-1
9.987370625E0,-2.489206314E0,-5.924970508E-1,1.060663223E0
9.997371625E0,-2.539125443E0,-6.790186167E-1,1.098341107E0
1.000737362E1,-2.571178913E0,-7.060117722E-1,1.124985456E0
1.001737462E1,-2.565386534E0,-7.254142165E-1,1.164454579E0
1.002737562E1,-2.500585556E0,-7.486429214E-1,1.173750758E0
1.003737662E1,-2.433459520E0,-8.455260396E-1,1.124795794E0
1.004737862E1,-2.401335955E0,-1.043999791E0,1.092468143E0
1.005737962E1,-2.357768297E0,-1.252143860E0,1.111417890E0
1.006738062E1,-2.345135450E0,-1.602253318E0,1.199499249E0
1.007738162E1,-2.272951603E0,-1.848263144E0,1.321666479E0
1.008738262E1,-2.186630726E0,-2.110006094E0,1.450700164E0
1.009738467E1,-2.075700521E0,-2.331063271E0,1.545843482E0
1.010738567E1,-1.988020658E0,-2.565001249E0,1.599408507E0
1.011738667E1,-1.929085732E0,-2.760930300E0,1.650922298E0
1.012738767E1,-1.876552224E0,-2.857618570E0,1.719317794E0
1.013738967E1,-1.786719322E0,-2.816938639E0,1.824501038E0
1.014739067E1,-1.605825424E0,-2.615730762E0,1.967216253E0
1.015739167E1,-1.284730554E0,-2.222750187E0,2.107309818E0
1.016739267E1,-9.721605182E-1,-1.732501268E0,2.244261026E0
1.017739367E1,-7.500981688E-1,-1.277720451E0,2.392401695E0
1.018739567E1,-5.927629471E-1,-9.095663428E-1,2.500750303E0
1.019739667E1,-4.562101662E-1,-6.430243850E-1,2.547223330E0
1.020739767E1,-2.987179756E-1,-4.865702391E-1,2.564568281E0
1.021739867E1,-1.208699644E-1,-4.109793305E-1,2.614073277E0
1.022740067E1,4.057777300E-2,-4.005295634E-1,2.740075827E0
1.023740167E1,1.464892924E-1,-3.999237120E-1,2.944060326E0
1.024740267E1,1.913323849E-1,-3.848830760E-1,3.199987650E0
1.025740367E1,1.394289732E-1,-3.985203207E-1,3.427159309E0
1.026740467E1,4.875165969E-2,-4.547247291E-1,3.484336376E0
1.027740667E1,-2.948021749E-3,-5.647475719E-1,3.390684843E0
1.028740767E1,-2.126231417E-2,-7.021281123E-1,3.308582783E0
1.029740867E1,3.217880800E-2,-9.567140341E-1,3.351060152E0
1.030740967E1,2.198236138E-1,-1.454226851E0,3.509843588E0
1.031741167E1,4.555445313E-1,-2.044336319E0,3.664092541E0
1.032741267E1,6.380733848E-1,-2.610297203E0,3.675415754E0
1.033741367E1,7.439087033E-1,-3.035967588E0,3.570838690E0
1.034741467E1,7.983461022E-1,-3.238338232E0,3.442646027E0
1.035741567E1,8.653743863E-1,-3.268714428E0,3.321798086E0
1.036741767E1,9.934678078E-1,-3.191175699E0,3.240984201E0
1.037741867E1,1.172166228E0,-3.055625916E0,3.233097315E0
1.038741967E1,1.387557983E0,-2.842752218E0,3.288973570E0
1.039742067E1,1.648733974E0,-2.584285259E0,3.374939203E0
1.040742267E1,1.890287995E0,-2.320137024E0,3.443555593E0
1.041742367E1,2.059880733E0,-2.125032187E0,3.440798283E0
1.042742467E1,2.168488264E0,-2.017202377E0,3.353452206E0
1.043742567E1,2.224538803E0,-1.985647082E0,3.199234009E0
1.044742667E1,2.279994965E0,-2.020777464E0,3.036619902E0
1.045742867E1,2.372899532E0,-2.094316959E0,2.946345091E0
1.046742967E1,2.509145498E0,-2.180430889E0,2.962749004E0
1.047743067E1,2.693855286E0,-2.188550949E0,3.056506634E0
1.048743167E1,2.865132809E0,-2.093221903E0,3.133286953E0
1.049743367E1,2.920166492E0,-1.906223416E0,3.074729919E0
1.050743467E1,2.873829126E0,-1.669825554E0,2.829068422E0
1.051743567E1,2.787584066E0,-1.451568484E0,2.495661497E0
1.052743667E1,2.708002567E0,-1.238514900E0,2.198261738E0
1.053743767E1,2.698933125E0,-1.079582572E0,2.008450270E0
1.054743967E1,2.753357887E0,-1.022300720E0,1.943055511E0
1.055744067E1,2.840019226E0,-1.052020550E0,1.966268420E0
1.056744167E1,2.966883183E0,-1.141268969E0,1.985481262E0
1.057744267E1,3.073648214E0,-1.325744748E0,1.895681620E0
1.058744467E1,3.116695881E0,-1.631215930E0,1.694157004E0
1.059744567E1,3.144361734E0,-2.003156185E0,1.451151252E0
1.060744667E1,3.187680721E0,-2.351841450E0,1.222578406E0
1.061744767E1,3.244964600E0,-2.600391865E0,1.034039378E0
1.062744867E1,3.315089226E0,-2.749993563E0,8.585592508E-1
1.063745067E1,3.370241642E0,-2.839864016E0,6.621694565E-1
1.064745167E1,3.397233486E0,-2.892606497E0,4.628186524E-1
1.065745267E1,3.405250549E0,-2.902150393E0,2.652704120E-1
1.066745367E1,3.371193886E0,-2.869645119E0,5.388358608E-2
1.067745567E1,3.289719343E0,-2.794760466E0,-1.398067921E-1
1.068745667E1,3.198843718E0,-2.681208849E0,-2.912697494E-1
1.069745767E1,3.133361101E0,-2.543318748E0,-4.135362804E-1
1.070745867E1,3.081165314E0,-2.402467012E0,-5.280396342E-1
1.071745967E1,3.049374580E0,-2.260120869E0,-6.434354782E-1
1.072746167E1,3.018436670E0,-2.124731302E0,-7.775468826E-1
1.073746267E1,2.967393398E0,-1.998304248E0,-9.063985944E-1
1.074746367E1,2.857276201E0,-1.852140784E0,-1.003089905E0
1.075746467E1,2.700137138E0,-1.669654608E0,-1.048193455E0
1.076746667E1,2.529225349E0,-1.444061875E0,-1.062303424E0
1.077746767E1,2.352532864E0,-1.203302264E0,-1.094628572E0
1.078746867E1,2.208160400E0,-1.012273550E0,-1.171760798E0
1.079746967E1,2.066362858E0,-8.777631521E-1,-1.281147718E0
1.080747167E1,1.893729329E0,-7.270865440E-1,-1.369271636E0
1.081747267E1,1.769487262E0,-5.646885633E-1,-1.425659776E0
1.082747367E1,1.691630840E0,-4.402365685E-1,-1.473969460E0
1.083747467E1,1.599214315E0,-4.063025415E-1,-1.498816729E0
1.084747567E1,1.467761993E0,-4.202519655E-1,-1.495725393E0
1.085747767E1,1.322836757E0,-4.405343235E-1,-1.500086546E0
1.086747867E1,1.212124825E0,-4.784651101E-1,-1.558148503E0
1.087747967E1,1.164482474E0,-5.812980533E-1,-1.669473886E0
1.088748067E1,1.111368060E0,-7.262256145E-1,-1.790148020E0
1.089748267E1,1.025169253E0,-8.323720098E-1,-1.891017318E0
1.090748367E1,9.298517108E-1,-8.476849198E-1,-1.965442300E0
1.091748467E1,8.492999077E-1,-7.967407703E-1,-2.020015478E0
1.092748567E1,7.731020451E-1,-7.310974598E-1,-2.049073935E0
1.093748767E1,7.137532830E-1,-6.893683672E-1,-2.058992386E0
1.094748867E1,7.012334466E-1,-6.963036060E-1,-2.072885275E0
1.095748967E1,7.185431719E-1,-7.680031061E-1,-2.118300676E0
1.096749067E1,7.443533540E-1,-8.303745389E-1,-2.190685272E0
1.097749167E1,7.457565665E-1,-8.948408961E-1,-2.270169973E0
1.098749367E1,7.021811604E-1,-9.394488335E-1,-2.326324463E0
1.099749467E1,6.162918210E-1,-9.024593830E-1,-2.335986376E0
1.100749567E1,4.899852872E-1,-8.470232487E-1,-2.283016682E0
1.101749667E1,3.541193604E-1,-7.539926767E-1,-2.202981234E0
1.102749867E1,2.279894501E-1,-6.264968514E-1,-2.148305416E0
1.103749967E1,1.265682876E-1,-4.333585799E-1,-2.144457579E0
1.104750067E1,2.652196772E-2,-2.465190738E-1,-2.168393135E0
1.105750167E1,-6.964024901E-2,-8.159963042E-2,-2.184400082E0
1.106750267E1,-1.588360518E-1,4.300632700E-2,-2.180483341E0
1.107750467E1,-2.292284667E-1,7.325317711E-2,-2.147380590E0
1.108750567E1,-2.870463133E-1,1.732433587E-2,-2.083334684E0
1.109750642E1,-3.433274329E-1,-1.065965444E-1,-1.983946204E0
1.110750742E1,-4.105953574E-1,-2.814740241E-1,-1.864254475E0
1.111750942E1,-4.637139738E-1,-4.951998889E-1,-1.754542351E0
1.112751042E1,-4.843060374E-1,-7.297412157E-1,-1.678710699E0
1.113751142E1,-4.937155247E-1,-9.554427862E-1,-1.652508140E0
1.114751242E1,-5.415959358E-1,-1.137327194E0,-1.662590861E0
1.115751442E1,-6.608511806E-1,-1.226112008E0,-1.702935815E0
1.116751542E1,-8.554755449E-1,-1.206973791E0,-1.770276785E0
1.117751642E1,-1.006982446E0,-1.073873758E0,-1.873931050E0
1.118751742E1,-1.078620911E0,-8.103214502E-1,-2.045793772E0
1.119751842E1,-1.069909692E0,-4.781740904E-1,-2.312561512E0
1.120752042E1,-1.025883079E0,-1.697131246E-1,-2.562987089E0
1.121752142E1,-9.561895132E-1,1.044212207E-1,-2.730274439E0
1.122752242E1,-9.049139023E-1,3.497855663E-1,-2.780982733E0
1.123752342E1,-8.807582259E-1,5.755750537E-1,-2.708997726E0
1.124752542E1,-8.758076429E-1,7.344827056E-1,-2.567556858E0
1.125752642E1,-8.921373487E-1,7.667652369E-1,-2.445969582E0
1.126752742E1,-9.579145312E-1,6.261789799E-1,-2.384174585E0
1.127752842E1,-1.070095301E0,3.013311028E-1,-2.359841824E0
1.128753042E1,-1.215741634E0,-1.543655992E-1,-2.335726023E0
1.129753142E1,-1.373011351E0,-6.301286817E-1,-2.291137934E0
1.130753242E1,-1.518534422E0,-1.021267772E0,-2.201753139E0
1.131753342E1,-1.599918485E0,-1.287674189E0,-2.115769625E0
1.132753542E1,-1.595141530E0,-1.445422769E0,-2.062445164E0
1.133753642E1,-1.534719706E0,-1.510869384E0,-2.031340837E0
1.134753742E1,-1.516943097E0,-1.506325245E0,-1.998616695E0
1.135753842E1,-1.624684811E0,-1.449901342E0,-1.937982917E0
1.136753942E1,-1.830128789E0,-1.340097547E0,-1.853142858E0
1.137754142E1,-2.052880764E0,-1.166425824E0,-1.767449260E0
1.138754242E1,-2.197175741E0,-9.603599906E-1,-1.691483021E0
1.139754342E1,-2.238380432E0,-7.958213687E-1,-1.646089435E0
1.140754442E1,-2.214083910E0,-7.104008794E-1,-1.632991552E0
1.141754642E1,-2.189645767E0,-7.680367231E-1,-1.617227793E0
1.142754742E1,-2.125106812E0,-8.330659866E-1,-1.575060725E0
1.143754842E1,-2.064032793E0,-8.813171387E-1,-1.486053348E0
1.144754942E1,-2.068194151E0,-7.889425755E-1,-1.356165051E0
1.145755142E1,-2.135600328E0,-6.952544451E-1,-1.240114331E0
1.146755242E1,-2.174998283E0,-5.864387751E-1,-1.236689329E0
1.147755342E1,-2.174463034E0,-4.674851894E-1,-1.386479974E0
1.148755442E1,-2.221628189E0,-4.956467450E-1,-1.735744119E0
1.149755542E1,-2.411363363E0,-6.421978474E-1,-2.175246716E0
1.150755742E1,-2.425613165E0,-7.548884153E-1,-2.503342628E0
1.151755842E1,-2.370304823E0,-7.210808992E-1,-2.615475893E0
1.152755942E1,-2.335093737E0,-8.120455742E-1,-2.636118650E0
1.153756042E1,-2.399960279E0,-1.127268434E0,-2.638013840E0
1.154756242E1,-2.562726498E0,-1.676990747E0,-2.600215912E0
1.155756342E1,-2.694382906E0,-2.339884996E0,-2.552271128E0
1.156756442E1,-2.799567223E0,-3.163798571E0,-2.431453705E0
1.157756542E1,-2.841927052E0,-3.910571575E0,-2.198114157E0
1.158756742E1,-2.864921331E0,-4.477885246E0,-1.892820597E0
1.159756842E1,-2.884348631E0,-4.804718018E0,-1.561244488E0
1.160756942E1,-2.929743528E0,-4.914650917E0,-1.226705551E0
1.161757042E1,-2.945977926E0,-4.806974411E0,-9.343732595E-1
1.162757242E1,-2.874660254E0,-4.472171307E0,-6.843267083E-1
1.163757342E1,-2.657974243E0,-3.954115629E0,-4.132893384E-1
1.164757442E1,-2.438106537E0,-3.354341507E0,-9.855891019E-2
1.165757542E1,-2.312655210E0,-2.733471394E0,1.950628459E-1
1.166757642E1,-2.275202274E0,-2.115931034E0,4.091444910E-1
1.167757842E1,-2.273116589E0,-1.561473608E0,5.023090839E-1
1.168757942E1,-2.280875206E0,-1.115966201E0,5.038722157E-1
1.169758042E1,-2.273272276E0,-8.343869448E-1,4.978631139E-1
1.170758142E1,-2.230325699E0,-7.091644406E-1,5.443722606E-1
1.171758342E1,-2.150373697E0,-7.343020439E-1,6.542087197E-1
1.172758442E1,-2.014286041E0,-8.638923168E-1,8.015273809E-1
1.173758542E1,-1.835078716E0,-1.072108030E0,9.719465375E-1
1.174758642E1,-1.648432970E0,-1.322322607E0,1.174964666E0
1.175758842E1,-1.483834982E0,-1.579694748E0,1.371881485E0
1.176758942E1,-1.358191609E0,-1.804081082E0,1.542065382E0
1.177759042E1,-1.284125090E0,-1.979837894E0,1.652461648E0
1.178759142E1,-1.225351453E0,-2.071767569E0,1.677135944E0
1.179759342E1,-1.168640971E0,-2.078006268E0,1.646250010E0
1.180759442E1,-1.088474751E0,-1.987137437E0,1.612508059E0
1.181759542E1,-9.938100576E-1,-1.833964348E0,1.603112698E0
1.182759642E1,-9.221984744E-1,-1.664628863E0,1.633888125E0
1.183759842E1,-8.895566463E-1,-1.494814754E0,1.716959834E0
1.184759942E1,-8.868744373E-1,-1.324041128E0,1.844861865E0
1.185760042E1,-9.102625847E-1,-1.168980479E0,2.006568432E0
1.186760142E1,-9.196662903E-1,-1.030240417E0,2.173887491E0
1.187760242E1,-8.924293518E-1,-8.979196548E-1,2.277977943E0
1.188760442E1,-8.385857344E-1,-7.813382149E-1,2.274782181E0
1.189760542E1,-7.797152400E-1,-7.236741185E-1,2.186487436E0
1.190760642E1,-7.221246958E-1,-7.461053729E-1,2.101287842E0
1.191760742E1,-6.714066863E-1,-8.394174576E-1,2.094664097E0
1.192760942E1,-6.300016046E-1,-9.575096965E-1,2.204863071E0
1.193761042E1,-5.973435640E-1,-1.062427521E0,2.420396566E0
1.194761142E1,-5.409700871E-1,-1.111001611E0,2.668771505E0
1.195761242E1,-4.827962518E-1,-1.147379875E0,2.831186056E0
1.196761442E1,-4.363833070E-1,-1.241043568E0,2.864674568E0
1.197761542E1,-3.557816744E-1,-1.401213765E0,2.839774370E0
1.198761642E1,-2.336352319E-1,-1.569719553E0,2.845555782E0
1.199761742E1,-6.931152940E-2,-1.670938849E0,2.951590776E0
1.200761942E1,8.958898485E-2,-1.665546298E0,3.158286572E0
1.201762042E1,2.047640383E-1,-1.530454874E0,3.408131361E0
1.202762142E1,2.912378907E-1,-1.293388605E0,3.620658398E0
1.203762242E1,3.181903958E-1,-1.110881686E0,3.698479176E0
1.204762442E1,2.307991982E-1,-1.025408387E0,3.658201694E0
1.205762542E1,1.001748815E-1,-9.403893948E-1,3.556113720E0
1.206762642E1,-3.762109904E-3,-8.128851652E-1,3.437761784E0
1.207762742E1,-1.349436585E-2,-7.422738671E-1,3.379135609E0
1.208762842E1,1.914714463E-2,-6.687387228E-1,3.447516203E0
1.209763050E1,1.081995219E-1,-6.278789043E-1,3.669710398E0
1.210763150E1,2.321694344E-1,-6.693028212E-1,3.958418846E0
1.211763250E1,3.525238335E-1,-8.240000010E-1,4.212429047E0
1.212763350E1,4.868098795E-1,-1.182042122E0,4.336874008E0
1.213763550E1,6.179274321E-1,-1.584828973E0,4.303885937E0
1.214763650E1,7.703457475E-1,-2.002947092E0,4.198280334E0
1.215763750E1,9.457838535E-1,-2.365407705E0,4.101723194E0
1.216763850E1,1.153323293E0,-2.651064873E0,4.059319496E0
1.217764050E1,1.365973830E0,-2.799628258E0,4.095226288E0
1.218764150E1,1.559571028E0,-2.763790131E0,4.155263901E0
1.219764250E1,1.754295468E0,-2.676530361E0,4.201232910E0
1.220764350E1,1.977404833E0,-2.649475813E0,4.189156055E0
1.221764550E1,2.233733892E0,-2.689167261E0,4.040565491E0
1.222764650E1,2.521324396E0,-2.881279230E0,3.752223492E0
1.223764750E1,2.766135216E0,-3.087030411E0,3.414089680E0
1.224764850E1,2.969783545E0,-3.355627775E0,3.109405279E0
1.225765050E1,3.094944239E0,-3.551727295E0,2.918564320E0
1.226765150E1,3.168852091E0,-3.663251638E0,2.837388039E0
1.227765250E1,3.206804991E0,-3.712929964E0,2.786082029E0
1.228765350E1,3.234579325E0,-3.758254528E0,2.688211441E0
1.229765550E1,3.286718369E0,-3.856873512E0,2.502119780E0
1.230765650E1,3.335080147E0,-4.001815319E0,2.170382023E0
1.231765750E1,3.349407434E0,-4.278997898E0,1.748787761E0
1.232765850E1,3.329582930E0,-4.551964283E0,1.318592429E0
1.233765950E1,3.308643103E0,-4.726695538E0,9.223553538E-1
1.234766150E1,3.268638611E0,-4.798143864E0,5.879406333E-1
1.235766250E1,3.210352659E0,-4.755319595E0,3.279085159E-1
1.236766350E1,3.133911133E0,-4.609824181E0,1.288321465E-1
1.237766450E1,3.042231798E0,-4.404088020E0,-4.481262341E-2
1.238766650E1,2.924144030E0,-4.187840462E0,-2.458261251E-1
1.239766750E1,2.773567915E0,-3.979069710E0,-4.784263372E-1
1.240766850E1,2.605407953E0,-3.752676249E0,-7.223541141E-1
1.241766950E1,2.429688692E0,-3.464413166E0,-9.615323544E-1
1.242767150E1,2.265109539E0,-3.087649822E0,-1.187099099E0
1.243767250E1,2.110630035E0,-2.652785063E0,-1.376364589E0
1.244767350E1,1.980074883E0,-2.170353174E0,-1.534994841E0
1.245767450E1,1.866747737E0,-1.704500556E0,-1.650528550E0
1.246767650E1,1.773340940E0,-1.282510281E0,-1.721723080E0
1.247767750E1,1.686977029E0,-9.068847895E-1,-1.762090445E0
1.248767850E1,1.595124364E0,-5.753147602E-1,-1.786412597E0
1.249767950E1,1.504886627E0,-2.895748615E-1,-1.788435340E0
1.250768150E1,1.422777534E0,-8.696135879E-2,-1.773800492E0
1.251768250E1,1.355685830E0,3.234240040E-2,-1.732682109E0
1.252768350E1,1.306520224E0,9.379320592E-2,-1.654849291E0
1.253768450E1,1.270992279E0,1.081204861E-1,-1.549020410E0
1.254768650E1,1.246405602E0,8.377328515E-2,-1.421519160E0
1.255768750E1,1.236606240E0,1.984196901E-2,-1.283964276E0
1.256768850E1,1.233070850E0,-7.383448631E-2,-1.153782248E0
1.257768950E1,1.223353028E0,-1.798283011E-1,-1.045212865E0
1.258769050E1,1.178959370E0,-2.810533941E-1,-9.563323259E-1
1.259769250E1,1.116600633E0,-3.639112413E-1,-9.029574990E-1
1.260769350E1,1.076586127E0,-4.045418501E-1,-8.799172044E-1
1.261769450E1,1.068383336E0,-4.139606655E-1,-8.593253493E-1
1.262769550E1,1.079889059E0,-4.224249125E-1,-8.244683146E-1
1.263769750E1,1.094439507E0,-4.145635366E-1,-7.891601324E-1
1.264769850E1,1.118785024E0,-3.514133096E-1,-7.783206701E-1
1.265769950E1,1.159954548E0,-2.598839104E-1,-8.066308498E-1
1.266770050E1,1.205805898E0,-1.543109566E-1,-8.627130389E-1
1.267770250E1,1.250365973E0,-4.956110567E-2,-9.388728142E-1
1.268770350E1,1.301567793E0,3.997990862E-2,-1.014585733E0
1.269770450E1,1.327063322E0,1.172206402E-1,-1.070388556E0
1.270770550E1,1.329489946E0,1.898828894E-1,-1.123003840E0
1.271770750E1,1.347087383E0,2.385795861E-1,-1.169416904E0
1.272770850E1,1.380165339E0,2.307706475E-1,-1.207789898E0
1.273770950E1,1.422858477E0,1.727760583E-1,-1.244240284E0
1.274771050E1,1.491123796E0,6.120415404E-2,-1.276106954E0
1.275771250E1,1.539494753E0,-5.651235580E-2,-1.300062656E0
1.276771350E1,1.595207691E0,-1.156457663E-1,-1.336558580E0
1.277771450E1,1.642945409E0,-1.693473458E-1,-1.367832899E0
1.278771550E1,1.733374119E0,-2.264984101E-1,-1.354250550E0
1.279771750E1,1.867217064E0,-4.004206955E-1,-1.275260448E0
1.280771850E1,1.969824791E0,-6.760762334E-1,-1.133053422E0
1.281771950E1,2.001437902E0,-9.750362635E-1,-9.658183455E-1
1.282772050E1,1.966106415E0,-1.204255104E0,-8.393033147E-1
1.283772250E1,1.889472604E0,-1.275402546E0,-7.683715820E-1
1.284772350E1,1.777553916E0,-1.231733322E0,-7.557505965E-1
1.285772450E1,1.701329708E0,-9.607561231E-1,-8.150203228E-1
1.286772550E1,1.686451793E0,-7.589286566E-1,-9.106649756E-1
1.287772750E1,1.619146943E0,-6.356040239E-1,-1.008710742E0
1.288772850E1,1.515474319E0,-5.066084862E-1,-1.103132606E0
1.289772950E1,1.357932568E0,-2.985674441E-1,-1.186488152E0
1.290773050E1,1.131856322E0,2.609394118E-2,-1.253378749E0
1.291773150E1,1.026973128E0,2.581056058E-1,-1.292656422E0
1.292773350E1,9.464486241E-1,4.686503112E-1,-1.311507940E0
1.293773450E1,9.091653824E-1,5.040596724E-1,-1.327879786E0
1.294773550E1,7.604622841E-1,4.341296256E-1,-1.342844725E0
1.295773750E1,5.181245208E-1,3.764916360E-1,-1.348605514E0
1.296773850E1,2.973427176E-1,3.866691589E-1,-1.337769985E0
1.297773950E1,3.062073328E-2,4.319575429E-1,-1.249583364E0
1.298774050E1,-2.279521078E-1,4.328515828E-1,-1.143075705E0
1.299774250E1,-2.367802262E-1,3.556531966E-1,-1.044700980E0
1.300774350E1,-9.659478813E-2,1.351727545E-1,-9.818670154E-1
1.301774450E1,1.283853352E-1,-2.931615710E-1,-9.269537330E-1
1.302774550E1,3.041089475E-1,-9.266744852E-1,-8.533279896E-1
1.303774750E1,3.160827756E-1,-1.611618042E0,-7.479411364E-1
1.304774850E1,1.764115244E-1,-1.965313673E0,-6.761033535E-1
1.305774950E1,2.849688753E-2,-1.913957357E0,-7.318485975E-1
1.306775050E1,-1.214535013E-1,-1.445430160E0,-8.920220733E-1
1.307775150E1,-2.272664756E-1,-8.347325921E-1,-1.064368844E0
1.308775350E1,-2.733440399E-1,-1.627087593E-1,-1.204791784E0
1.309775387E1,-2.656741440E-1,4.910829067E-1,-1.312033772E0
1.310775487E1,-2.232856154E-1,1.097428799E0,-1.408842802E0
1.311775587E1,-1.638023108E-1,1.599302888E0,-1.476059675E0
1.312775787E1,-1.066571251E-1,1.876163006E0,-1.486396551E0
1.313775887E1,-7.745369524E-2,1.909686089E0,-1.418801308E0
1.314775987E1,-7.895010710E-2,1.724280596E0,-1.321677446E0
1.315776087E1,-1.010223776E-1,1.370753169E0,-1.242959976E0
1.316776287E1,-1.372145861E-1,8.999189138E-1,-1.188392162E0
1.317776387E1,-1.765228361E-1,4.206711054E-1,-1.144683599E0
1.318776487E1,-2.210326195E-1,1.942548901E-3,-1.108448863E0
1.319776587E1,-2.710686326E-1,-3.151738942E-1,-1.082561135E0
1.320776787E1,-3.475870490E-1,-5.356202722E-1,-1.062644482E0
1.321776887E1,-4.547894001E-1,-6.650916934E-1,-1.031556010E0
1.322776987E1,-5.588186383E-1,-7.259535193E-1,-9.726732969E-1
1.323777087E1,-6.444174051E-1,-7.397785187E-1,-8.990360498E-1
1.324777287E1,-7.146867514E-1,-7.227950096E-1,-8.378354907E-1
1.325777387E1,-7.789895535E-1,-6.932658553E-1,-8.082352877E-1
1.326777487E1,-8.513045311E-1,-6.552377939E-1,-8.110675216E-1
1.327777587E1,-9.240125418E-1,-6.310440302E-1,-8.454816937E-1
1.328777787E1,-1.016467094E0,-6.525028348E-1,-8.899818659E-1
1.329777887E1,-1.133636594E0,-7.343242168E-1,-9.059387445E-1
1.330777988E1,-1.218025088E0,-7.806802392E-1,-8.935481906E-1
1.331778087E1,-1.334795117E0,-9.816993475E-1,-9.054604769E-1
1.332778287E1,-1.461961269E0,-1.088489056E0,-9.402229786E-1
1.333778387E1,-1.605600476E0,-1.154220462E0,-9.869143367E-1
1.334778487E1,-1.779489875E0,-1.190923214E0,-1.042105317E0
1.335778587E1,-1.945747375E0,-1.213690042E0,-1.102182508E0
1.336778788E1,-2.087890387E0,-1.253788471E0,-1.176572084E0
1.337778887E1,-2.270359278E0,-1.328331709E0,-1.265887856E0
1.338778987E1,-2.420569181E0,-1.386250973E0,-1.359406829E0
1.339779087E1,-2.450093269E0,-1.388562679E0,-1.442782402E0
1.340779287E1,-2.349792242E0,-1.410125256E0,-1.491182446E0
1.341779387E1,-2.175113916E0,-1.534353971E0,-1.482596040E0
1.342779487E1,-2.006143808E0,-1.739901662E0,-1.404583335E0
1.343779587E1,-1.941151142E0,-1.937419772E0,-1.276008010E0
1.344779787E1,-1.963350892E0,-2.034239292E0,-1.157781720E0
1.345779887E1,-2.006995440E0,-1.997778177E0,-1.110918045E0
1.346779987E1,-2.015243292E0,-1.835934639E0,-1.130121112E0
1.347780087E1,-1.951565027E0,-1.549594283E0,-1.186842442E0
1.348780287E1,-1.836213470E0,-1.100463748E0,-1.257692814E0
1.349780387E1,-1.709411025E0,-4.979499280E-1,-1.315721512E0
1.350780487E1,-1.598397970E0,2.241961658E-1,-1.336231589E0
1.351780587E1,-1.499770999E0,9.937615991E-1,-1.324142694E0
1.352780787E1,-1.371403694E0,1.721075296E0,-1.308160663E0
1.353780887E1,-1.193355680E0,2.315526724E0,-1.320700765E0
1.354780987E1,-1.010412216E0,2.786426306E0,-1.375416756E0
1.355781087E1,-9.391455054E-1,3.011894464E0,-1.497164249E0
1.356781287E1,-9.296715260E-1,3.221117496E0,-1.693439722E0
1.357781387E1,-1.000406146E0,3.332886934E0,-1.926244497E0
1.358781487E1,-1.122631669E0,3.338022232E0,-2.111991167E0
1.359781687E1,-1.198918462E0,3.078237057E0,-2.170437813E0
1.360781787E1,-1.176624298E0,2.475588799E0,-2.090880632E0
1.361781887E1,-1.085406065E0,1.733086705E0,-2.006021023E0
1.362781987E1,-9.270386100E-1,8.443924785E-1,-1.984780073E0
1.363782187E1,-7.310858965E-1,1.826903224E-2,-1.994703531E0
1.364782287E1,-6.056018472E-1,-8.107292652E-1,-1.921832204E0
1.365782387E1,-5.924817920E-1,-1.528016329E0,-1.780087113E0
1.366782487E1,-6.316279769E-1,-2.162656069E0,-1.644860625E0
1.367782687E1,-7.077525258E-1,-2.678400517E0,-1.538112044E0
1.368782787E1,-8.349972963E-1,-3.059572220E0,-1.446787477E0
1.369782887E1,-1.013431191E0,-3.258414984E0,-1.355288744E0
1.370782987E1,-1.244164705E0,-3.194148779E0,-1.265241623E0
1.371783187E1,-1.492877603E0,-2.889280081E0,-1.176560760E0
1.372783287E1,-1.720176220E0,-2.387295008E0,-1.115126133E0
1.373783387E1,-1.862812638E0,-1.758068681E0,-1.101627946E0
1.374783487E1,-1.939252973E0,-1.034060478E0,-1.144468665E0
1.375783687E1,-1.975963354E0,-3.059172332E-1,-1.238330483E0
1.376783787E1,-1.990500689E0,3.755566180E-1,-1.385872245E0
1.377783887E1,-1.997692585E0,9.473572373E-1,-1.583330154E0
1.378783987E1,-1.979819655E0,1.373363972E0,-1.799713731E0
1.379784187E1,-1.913915753E0,1.596640944E0,-1.989947796E0
1.380784287E1,-1.788741350E0,1.594408751E0,-2.157246351E0
1.381784387E1,-1.589856744E0,1.371279240E0,-2.298864365E0
1.382784487E1,-1.321502924E0,1.088901520E0,-2.515163183E0
1.383784687E1,-1.110888720E0,6.464716792E-1,-2.727221012E0
1.384784787E1,-9.985132813E-1,3.240357935E-1,-2.776779652E0
1.385784887E1,-9.712789655E-1,2.300299704E-1,-2.789936066E0
1.386784987E1,-1.022404432E0,2.435301691E-1,-2.755931377E0
1.387785187E1,-1.056980014E0,2.198621333E-1,-2.683249235E0
1.388785287E1,-1.077928305E0,1.746757030E-1,-2.534431219E0
1.389785387E1,-1.035219669E0,4.060499370E-2,-2.357857466E0
1.390785487E1,-9.724655747E-1,-1.351987571E-1,-2.200025320E0
1.391785687E1,-1.033638716E0,-4.317731857E-1,-2.077778101E0
1.392785787E1,-1.229346037E0,-8.745366335E-1,-1.943405271E0
1.393785887E1,-1.404070258E0,-1.378394246E0,-1.734200358E0
1.394785987E1,-1.440791607E0,-1.929715276E0,-1.457106113E0
1.395786187E1,-1.361181736E0,-2.476360083E0,-1.180693984E0
1.396786287E1,-1.253137946E0,-2.980304241E0,-9.757369757E-1
1.397786387E1,-1.138552070E0,-3.354511976E0,-8.711559772E-1
1.398786488E1,-1.040252686E0,-3.492753267E0,-8.243381977E-1
1.399786687E1,-9.692448378E-1,-3.368537903E0,-7.855846882E-1
1.400786787E1,-9.492700696E-1,-3.051511526E0,-7.127482891E-1
1.401786887E1,-9.998232722E-1,-2.641339064E0,-5.930544138E-1
1.402786987E1,-1.111180782E0,-2.237884760E0,-4.606161416E-1
1.403787187E1,-1.228899956E0,-1.914861679E0,-3.752317429E-1
1.404787288E1,-1.299346685E0,-1.693168044E0,-3.583721519E-1
1.405787387E1,-1.280730367E0,-1.501913667E0,-3.951469660E-1
1.406787487E1,-1.180960417E0,-1.217651486E0,-4.485503435E-1
1.407787687E1,-1.037341475E0,-7.912726998E-1,-5.061598420E-1
1.408787787E1,-8.949502110E-1,-2.702749074E-1,-5.588425398E-1
1.409787950E1,-7.940502763E-1,2.236328125E-1,-5.644754171E-1
1.410788150E1,-7.380477786E-1,5.755141377E-1,-5.004236698E-1
1.411788250E1,-7.081993222E-1,7.262383699E-1,-3.823410273E-1
1.412788350E1,-6.703515649E-1,7.126142979E-1,-2.647390664E-1
1.413788450E1,-6.231886148E-1,5.406696796E-1,-1.549907178E-1
1.414788650E1,-5.642537475E-1,2.860300243E-1,-8.355765790E-2
1.415788750E1,-5.084349513E-1,7.894274779E-3,-2.574017271E-2
1.416788850E1,-4.804914892E-1,-2.523685694E-1,5.735761672E-2
1.417788950E1,-4.745491743E-1,-4.645314515E-1,1.889247000E-1
1.418789150E1,-4.742858112E-1,-6.454313397E-1,3.508155644E-1
1.419789250E1,-4.571217299E-1,-8.035176396E-1,5.102177262E-1
1.420789350E1,-3.958254755E-1,-9.314871430E-1,6.340429187E-1
1.421789450E1,-3.065091670E-1,-1.016776204E0,7.305172682E-1
1.422789650E1,-2.108536214E-1,-1.028053880E0,7.967360616E-1
1.423789750E1,-9.068539739E-2,-9.207741022E-1,8.288487196E-1
1.424789850E1,6.010936946E-2,-6.579394937E-1,8.286398649E-1
1.425789950E1,1.935039163E-1,-2.654987872E-1,7.990636230E-1
1.426790150E1,2.856855690E-1,1.988436133E-1,7.605513930E-1
1.427790250E1,3.698014915E-1,6.869392395E-1,7.324470878E-1
1.428790350E1,4.295548499E-1,1.076071382E0,7.369861603E-1
1.429790450E1,4.321578145E-1,1.236738801E0,7.928270698E-1
1.430790650E1,3.766646683E-1,1.132041693E0,8.812231421E-1
1.431790750E1,2.909867764E-1,8.803501129E-1,9.592157006E-1
1.432790850E1,2.347482592E-1,6.176784039E-1,9.656928182E-1
1.433790950E1,2.417880595E-1,4.288712144E-1,8.995335102E-1
1.434791150E1,3.154456019E-1,3.224214613E-1,8.343524933E-1
1.435791250E1,4.094093740E-1,2.489190102E-1,8.338918090E-1
1.436791350E1,5.130432844E-1,1.464953572E-1,9.106138945E-1
1.437791450E1,6.221870780E-1,-6.368691474E-2,1.010239363E0
1.438791650E1,7.005647421E-1,-3.159874082E-1,1.073510885E0
1.439791750E1,7.452659011E-1,-6.038575172E-1,1.104505539E0
1.440791850E1,7.646269798E-1,-8.672633767E-1,1.077712774E0
1.441792050E1,7.567251325E-1,-1.074536681E0,9.934256077E-1
1.442792150E1,7.262089849E-1,-1.190876365E0,8.720224500E-1
1.443792250E1,6.650612354E-1,-1.205521822E0,7.081182003E-1
1.444792350E1,5.673210621E-1,-1.101222873E0,5.215879679E-1
1.445792550E1,4.152289927E-1,-8.648510575E-1,3.680788577E-1
1.446792650E1,2.296231240E-1,-5.059148073E-1,2.595498860E-1
1.447792750E1,4.373395070E-2,-9.229897708E-2,1.921138465E-1
1.448792850E1,-1.052880958E-1,3.077432811E-1,1.479660273E-1
1.449793050E1,-1.926496178E-1,6.307762265E-1,8.088634163E-2
1.450793150E1,-2.368827462E-1,8.653791547E-1,-2.303858846E-2
1.451793250E1,-2.935753167E-1,1.050251007E0,-1.420605928E-1
1.452793350E1,-3.638712764E-1,1.213242412E0,-2.764519155E-1
1.453793550E1,-4.513566792E-1,1.340215445E0,-4.017555118E-1
1.454793650E1,-5.497324467E-1,1.433914900E0,-4.967128932E-1
1.455793750E1,-6.329386830E-1,1.490830183E0,-5.515266061E-1
1.456793850E1,-6.600623727E-1,1.501626253E0,-5.781241059E-1
1.457794050E1,-6.238934994E-1,1.458110213E0,-6.013386250E-1
1.458794150E1,-5.523449183E-1,1.366648436E0,-6.300327182E-1
1.459794250E1,-5.121189356E-1,1.264146805E0,-6.495406032E-1
1.460794350E1,-5.421857834E-1,1.179802775E0,-6.621311307E-1
1.461794550E1,-6.236766577E-1,1.097287655E0,-6.577382088E-1
1.462794650E1,-7.364220023E-1,1.042873383E0,-6.196790934E-1
1.463794750E1,-8.217302561E-1,8.159936070E-1,-5.822933912E-1
1.464794950E1,-9.157747626E-1,6.345115304E-1,-5.699691176E-1
1.465795050E1,-9.757019877E-1,3.339253664E-1,-5.781838894E-1
1.466795150E1,-1.044344306E0,5.559101328E-2,-6.123401523E-1
1.467795250E1,-1.089179635E0,-2.616497874E-1,-6.771071553E-1
1.468795450E1,-1.127978325E0,-5.085774064E-1,-7.874398828E-1
1.469795550E1,-1.100417256E0,-6.200274825E-1,-9.286060333E-1
1.470795650E1,-1.095169783E0,-6.234914064E-1,-1.204712152E0
1.471795750E1,-1.114566088E0,-5.779367089E-1,-1.495888352E0
1.472795950E1,-1.215310216E0,-5.657064319E-1,-1.593652129E0
1.473796050E1,-1.295670033E0,-4.751706719E-1,-1.421073437E0
1.474796150E1,-1.240706563E0,-4.480274320E-1,-1.152848125E0
1.475796250E1,-1.094809055E0,-5.110908151E-1,-9.657354951E-1
1.476796450E1,-9.355546236E-1,-6.104324460E-1,-9.049067497E-1
1.477796550E1,-7.726533413E-1,-7.719145417E-1,-9.114011526E-1
1.478796650E1,-6.059904099E-1,-9.799908400E-1,-9.220991135E-1
1.479796750E1,-4.653859138E-1,-1.219932079E0,-9.330825210E-1
1.480796950E1,-3.770547509E-1,-1.450544715E0,-9.344682097E-1
1.481797050E1,-3.173759878E-1,-1.552858829E0,-9.183393121E-1
1.482797150E1,-3.422068954E-1,-1.676594615E0,-8.499478698E-1
1.483797350E1,-3.857357204E-1,-1.647453189E0,-7.317863703E-1
1.484797450E1,-4.200938046E-1,-1.587131381E0,-5.945721269E-1
1.485797550E1,-3.999198377E-1,-1.518736959E0,-4.912803471E-1
1.486797650E1,-3.387496173E-1,-1.438077688E0,-4.529305100E-1
1.487797850E1,-2.630841434E-1,-1.326596618E0,-4.742096663E-1
1.488797950E1,-1.922051460E-1,-1.192431569E0,-5.241141319E-1
1.489798050E1,-1.309774667E-1,-1.042611241E0,-5.594438910E-1
1.490798150E1,-7.100994885E-2,-8.613528013E-1,-5.775244832E-1
1.491798350E1,-4.553148150E-2,-6.928133368E-1,-5.939857364E-1
1.492798450E1,-7.692635804E-2,-5.670990348E-1,-5.738458037E-1
1.493798550E1,-1.152359322E-1,-5.291873217E-1,-5.039175749E-1
1.494798650E1,-1.018526107E-1,-5.702634454E-1,-4.272013903E-1
1.495798850E1,-3.183730692E-2,-6.498286128E-1,-3.905275464E-1
1.496798950E1,6.097933650E-2,-7.538194060E-1,-4.092946947E-1
1.497799050E1,1.384160817E-1,-8.372245431E-1,-4.530222118E-1
1.498799150E1,1.890273392E-1,-8.581238985E-1,-4.673723578E-1
1.499799350E1,2.139699757E-1,-8.226013184E-1,-4.383026361E-1
1.500799450E1,2.216813862E-1,-7.741023302E-1,-3.623442352E-1
1.501799550E1,2.136887014E-1,-7.716122866E-1,-2.612570524E-1
1.502799750E1,2.173088491E-1,-8.377220631E-1,-1.659309268E-1
1.503799850E1,2.516569495E-1,-9.583182335E-1,-1.142621487E-1
1.504799950E1,3.191354573E-1,-1.107219338E0,-1.150442213E-1
1.505800050E1,4.066234827E-1,-1.203246951E0,-1.541900188E-1
1.506800250E1,4.684325755E-1,-1.200900435E0,-1.914097518E-1
1.507800350E1,5.168182254E-1,-1.105507612E0,-2.016972750E-1
1.508800450E1,5.888280272E-1,-9.864770174E-1,-1.957959086E-1
1.509800550E1,6.513739824E-1,-8.805924058E-1,-1.804936528E-1
1.510800700E1,6.867151856E-1,-8.075991869E-1,-1.588368267E-1
1.511800800E1,7.020648718E-1,-7.685340643E-1,-1.163649932E-1
1.512800900E1,7.537323833E-1,-7.063717842E-1,-5.404480919E-2
1.513801000E1,8.154996037E-1,-6.191042662E-1,4.297593608E-3
1.514801200E1,8.245773911E-1,-5.473671556E-1,5.475392565E-2
1.515801300E1,8.154086471E-1,-4.535511732E-1,1.142566726E-1
1.516801400E1,8.230807185E-1,-3.479699194E-1,1.714829952E-1
1.517801600E1,8.561640978E-1,-2.328188419E-1,2.163359523E-1
1.518801700E1,8.910143375E-1,-1.402789652E-1,2.479189932E-1
1.519801800E1,9.345013499E-1,-1.180588827E-1,2.640977204E-1
1.520801900E1,9.713011384E-1,-1.504491717E-1,2.688425481E-1
1.521802100E1,9.797194004E-1,-2.075060606E-1,2.628307343E-1
1.522802200E1,9.831213951E-1,-2.078313529E-1,2.560938597E-1
1.523802300E1,9.737263322E-1,-1.556376666E-1,2.533771694E-1
1.524802400E1,9.499496222E-1,-9.111990035E-2,2.747583985E-1
1.525802600E1,9.344865084E-1,-3.692004830E-2,3.178243935E-1
1.526802700E1,9.387459755E-1,-2.408680879E-2,3.813538253E-1
1.527802800E1,9.467224479E-1,-1.069350541E-2,4.463714361E-1
1.528802900E1,9.547170401E-1,-9.052447043E-3,5.043653250E-1
1.529803100E1,9.610772133E-1,-2.105398290E-2,5.573976636E-1
1.530803200E1,9.801100492E-1,-6.003262848E-2,6.043998003E-1
1.531803300E1,1.020684123E0,-1.345875561E-1,6.515361667E-1
1.532803500E1,1.065617085E0,-2.311569601E-1,7.048887610E-1
1.533803600E1,1.100017905E0,-3.366663158E-1,7.606527209E-1
1.534803700E1,1.115013242E0,-4.101198614E-1,8.228924274E-1
1.535803800E1,1.153360128E0,-5.254981518E-1,9.091075063E-1
1.536804000E1,1.201961517E0,-5.674452186E-1,9.885451198E-1
1.537804100E1,1.246270180E0,-6.102811098E-1,1.076770425E0
1.538804200E1,1.298336506E0,-6.528236270E-1,1.180556893E0
1.539804300E1,1.342983365E0,-6.664318442E-1,1.268353820E0
1.540804500E1,1.354111791E0,-6.942871213E-1,1.354083776E0
1.541804600E1,1.341011405E0,-7.077174783E-1,1.455068469E0
1.542804700E1,1.294992328E0,-7.411611676E-1,1.578017592E0
1.543804800E1,1.256081939E0,-7.565363646E-1,1.703492165E0
1.544805000E1,1.244020820E0,-7.450653911E-1,1.820440531E0
1.545805100E1,1.256869435E0,-7.074216008E-1,1.917021036E0
1.546805200E1,1.257418513E0,-7.038605809E-1,2.024106026E0
1.547805400E1,1.275980711E0,-6.341848373E-1,2.177042246E0
1.548805500E1,1.298511267E0,-6.875383258E-1,2.395085812E0
1.549805600E1,1.287985921E0,-7.028259635E-1,2.615338564E0
1.550805700E1,1.253201008E0,-6.928682923E-1,2.802956820E0
1.551805900E1,1.232342839E0,-6.996577382E-1,2.960710287E0
1.552806000E1,1.192354083E0,-7.010663152E-1,3.083522558E0
1.553806100E1,1.230074883E0,-7.954130769E-1,3.217576981E0
1.554806200E1,1.264542580E0,-8.255810142E-1,3.360623121E0
1.555806400E1,1.305333614E0,-8.386254311E-1,3.532454252E0
1.556806500E1,1.333541274E0,-7.588991523E-1,3.695829153E0
1.557806600E1,1.249683857E0,-6.147864461E-1,3.790878057E0
1.558806700E1,1.062174439E0,-3.397583961E-1,3.757441521E0
1.559806900E1,8.287707567E-1,2.496762760E-2,3.619313240E0
1.560807000E1,5.609363914E-1,4.979373813E-1,3.436176538E0
1.561807100E1,3.247725666E-1,9.327852130E-1,3.278563976E0
1.562807300E1,1.239223778E-1,1.334812999E0,3.196319103E0
1.563807400E1,1.903789118E-3,1.625084758E0,3.182432175E0
1.564807500E1,-7.624077052E-2,1.860803723E0,3.198271513E0
1.565807600E1,-1.036886349E-1,1.972680449E0,3.208310604E0
1.566807800E1,-1.210070476E-1,1.880910397E0,3.179631472E0
1.567807900E1,-1.347843707E-1,1.576837420E0,3.091317654E0
1.568808000E1,-1.033857465E-1,1.016174316E0,2.975119829E0
1.569808100E1,2.682897821E-2,3.046631515E-1,2.889627457E0
1.570808300E1,2.501634061E-1,-3.274485171E-1,2.855745554E0
1.571808400E1,5.751681328E-1,-7.952647805E-1,2.880346775E0
1.572808500E1,9.595865011E-1,-1.128458619E0,2.909434557E0
1.573808700E1,1.347023964E0,-1.350424886E0,2.900223255E0
1.574808800E1,1.715374470E0,-1.485358477E0,2.798825026E0
1.575808900E1,2.033962965E0,-1.560286522E0,2.591553211E0
1.576809000E1,2.276763678E0,-1.590761304E0,2.296205282E0
1.577809200E1,2.423909903E0,-1.423468232E0,1.954982638E0
1.578809300E1,2.483467579E0,-1.123642206E0,1.648803353E0
1.579809400E1,2.442890167E0,-9.205251932E-1,1.397128582E0
1.580809500E1,2.400789261E0,-5.656661391E-1,1.193713784E0
1.581809700E1,2.374984026E0,-2.229503244E-1,1.007472992E0
1.582809800E1,2.394243479E0,4.591304809E-2,8.123952746E-1
1.583809900E1,2.464175463E0,2.631303072E-1,6.201952100E-1
1.584810100E1,2.605008364E0,4.229329526E-1,4.484385252E-1
1.585810200E1,2.765811682E0,4.605969787E-1,3.087562621E-1
1.586810300E1,3.000821114E0,2.965659797E-1,1.878231764E-1
1.587810400E1,3.283054829E0,-5.122634768E-2,9.194936603E-2
1.588810600E1,3.605821609E0,-3.314196765E-1,-1.706054248E-2
1.589810700E1,3.862684011E0,-8.246227503E-1,-1.103587970E-1
1.590810800E1,4.086047173E0,-1.177062750E0,-1.605816633E-1
1.591810900E1,4.227521420E0,-1.382114172E0,-1.638243347E-1
1.592811100E1,4.306636810E0,-1.596049547E0,-1.538054347E-1
1.593811200E1,4.342038155E0,-1.768214583E0,-1.592619866E-1
1.594811300E1,4.375396252E0,-1.959072590E0,-1.948834062E-1
1.595811400E1,4.413153648E0,-2.049394608E0,-2.633064091E-1
1.596811600E1,4.437442303E0,-1.984768867E0,-3.670059443E-1
1.597811700E1,4.405835152E0,-1.808729887E0,-4.786810875E-1
1.598811800E1,4.283270359E0,-1.591604829E0,-5.190889239E-1
1.599812000E1,4.077579021E0,-1.393960357E0,-4.317449927E-1
1.600812100E1,3.828529596E0,-1.197567582E0,-2.498298585E-1
1.601812200E1,3.597638607E0,-9.130648971E-1,-6.859029830E-2
1.602812300E1,3.403393745E0,-4.825761616E-1,-4.448277410E-3
1.603812500E1,3.255064726E0,-1.625270117E-3,-1.117422432E-1
1.604812600E1,3.146122217E0,3.594547808E-1,-3.156108558E-1
1.605812700E1,3.061433554E0,5.402711630E-1,-5.140554905E-1
1.606812800E1,2.981596708E0,5.697673559E-1,-6.262842417E-1
1.607813000E1,2.897653341E0,4.906877577E-1,-6.212362647E-1
1.608813100E1,2.818532228E0,3.135321438E-1,-4.890679121E-1
1.609813200E1,2.740884066E0,1.436243504E-1,-3.001720309E-1
1.610813450E1,2.662219048E0,8.379092813E-2,-1.468700469E-1
1.611813550E1,2.625633240E0,7.728642225E-2,-7.297451794E-2
1.612813650E1,2.608061552E0,-2.434396185E-2,-5.743195117E-2
1.613813750E1,2.561493158E0,-2.183640301E-1,-7.172833383E-2
1.614813950E1,2.482401371E0,-3.841831088E-1,-9.667162597E-2
1.615814050E1,2.409543753E0,-4.738735855E-1,-1.210616529E-1
1.616814150E1,2.368560314E0,-5.118965507E-1,-1.082436666E-1
1.617814250E1,2.343013287E0,-5.118853450E-1,-7.066540420E-2
1.618814450E1,2.349070549E0,-5.417380929E-1,-1.948502474E-2
1.619814550E1,2.370012999E0,-6.361212730E-1,5.146691203E-2
1.620814650E1,2.410334110E0,-7.044086456E-1,1.168031916E-1
1.621814850E1,2.448096752E0,-6.366993785E-1,1.201995239E-1
1.622814950E1,2.482980251E0,-4.281110764E-1,5.368666723E-3
1.623815050E1,2.531021595E0,-2.140022516E-1,-2.046998739E-1
1.624815150E1,2.598927021E0,-4.273648933E-2,-4.352870286E-1
1.625815350E1,2.750721931E0,8.048478514E-2,-6.291555762E-1
1.626815450E1,2.985416174E0,9.242235124E-2,-6.995820999E-1
1.627815550E1,3.144785404E0,4.334535450E-2,-6.323641539E-1
1.628815650E1,3.248263836E0,-1.571616083E-1,-4.722816646E-1
1.629815850E1,3.286863804E0,-3.434582353E-1,-2.817063928E-1
1.630815950E1,3.290065289E0,-4.432534277E-1,-1.482874453E-1
1.631816050E1,3.290794134E0,-5.181055665E-1,-1.061152145E-1
1.632816250E1,3.312374592E0,-6.789705753E-1,-1.064430550E-1
1.633816350E1,3.344303846E0,-8.918205500E-1,-6.991539896E-2
1.634816450E1,3.392776489E0,-1.088096738E0,-2.226986736E-2
1.635816550E1,3.453331232E0,-1.278881311E0,-9.217183106E-3
1.636816750E1,3.479135036E0,-1.414724350E0,-2.027098276E-2
1.637816850E1,3.464375019E0,-1.494778156E0,-1.684748940E-2
1.638816950E1,3.322919369E0,-1.501523733E0,1.936294138E-4
1.639817050E1,3.102476835E0,-1.359938025E0,-2.406590432E-2
1.640817250E1,2.802423239E0,-1.064545035E0,-1.301302165E-1
1.641817350E1,2.540904284E0,-7.959699035E-1,-3.085569739E-1
1.642817450E1,2.358317852E0,-4.047909677E-1,-4.931074083E-1
1.643817650E1,2.139129877E0,-5.282761902E-2,-5.905535221E-1
1.644817750E1,1.838146925E0,2.766261399E-1,-6.080605388E-1
1.645817850E1,1.524586916E0,6.502290368E-1,-6.187270284E-1
1.646817950E1,1.206552982E0,9.631668329E-1,-6.593191624E-1
1.647818150E1,8.231661320E-1,1.123986363E0,-7.243924737E-1
1.648818250E1,5.506219268E-1,1.172299623E0,-7.677599192E-1
1.649818350E1,3.114410341E-1,1.019579768E0,-7.418444753E-1
1.650818550E1,8.951301873E-2,8.807850480E-1,-7.363196611E-1
1.651818650E1,1.360150129E-1,6.834666729E-1,-7.656559944E-1
1.652818750E1,2.368269116E-1,3.117918670E-1,-7.377976775E-1
1.653818850E1,2.736405730E-1,-1.366812587E-1,-5.939939022E-1
1.654819050E1,2.347103804E-1,-4.924175739E-1,-3.919351399E-1
1.655819150E1,1.266374439E-1,-7.311486006E-1,-2.231833935E-1
1.656819250E1,-1.864924468E-2,-8.708166480E-1,-1.128567159E-1
1.657819350E1,-1.783289313E-1,-9.334592819E-1,-5.866005644E-2
1.658819550E1,-3.581131101E-1,-8.846865296E-1,-3.732391819E-2
1.659819650E1,-5.040156841E-1,-7.376491427E-1,-4.339113086E-2
1.660819750E1,-5.835480094E-1,-5.035321116E-1,-9.412159026E-2
1.661819950E1,-5.765662193E-1,-2.234890312E-1,-1.846102029E-1
1.662820050E1,-5.126445293E-1,4.536382854E-2,-3.080600202E-1
1.663820150E1,-4.647209644E-1,2.857351303E-1,-4.452937841E-1
1.664820250E1,-4.447952509E-1,5.174750686E-1,-5.557510257E-1
1.665820450E1,-4.550947547E-1,6.900508404E-1,-5.971599817E-1
1.666820550E1,-4.987962842E-1,8.232644200E-1,-5.995841622E-1
1.667820650E1,-5.611246228E-1,9.598457217E-1,-5.896473527E-1
1.668820850E1,-5.936440229E-1,9.415351748E-1,-5.680431128E-1
1.669820950E1,-5.904240012E-1,7.775206566E-1,-5.493873954E-1
1.670821050E1,-5.841601491E-1,5.867092013E-1,-5.587693453E-1
1.671821150E1,-6.019396782E-1,3.510806859E-1,-5.832262039E-1
1.672821350E1,-6.403955817E-1,1.589852124E-1,-6.178276539E-1
1.673821450E1,-7.084875107E-1,-2.499127388E-2,-6.470707655E-1
1.674821550E1,-7.754042745E-1,-7.702701539E-2,-6.787813306E-1
1.675821650E1,-8.571241498E-1,-9.847025573E-2,-7.134261131E-1
1.676821850E1,-8.865086436E-1,-2.284716517E-1,-7.642309070E-1
1.677821950E1,-9.334718585E-1,-3.403422832E-1,-8.220516443E-1
1.678822050E1,-9.568848014E-1,-5.282623172E-1,-8.566996455E-1
1.679822250E1,-9.862725139E-1,-7.297807932E-1,-8.468810916E-1
1.680822350E1,-1.054851174E0,-9.491660595E-1,-7.910404205E-1
1.681822450E1,-1.130302072E0,-1.190753341E0,-7.548605800E-1
1.682822550E1,-1.171981215E0,-1.428115726E0,-7.722802758E-1
1.683822750E1,-1.204051256E0,-1.691844583E0,-8.388225436E-1
1.684822850E1,-1.205714464E0,-1.888958335E0,-9.336216450E-1
1.685822950E1,-1.205459595E0,-1.995335579E0,-1.028406978E0
1.686823050E1,-1.231715679E0,-2.013458014E0,-1.090374351E0
1.687823250E1,-1.289448023E0,-1.960564375E0,-1.120456338E0
1.688823350E1,-1.362896085E0,-1.777588606E0,-1.137743711E0
1.689823450E1,-1.388279200E0,-1.521274209E0,-1.178627968E0
1.690823650E1,-1.338075161E0,-1.203873396E0,-1.277389765E0
1.691823750E1,-1.232620597E0,-9.292505383E-1,-1.411335349E0
1.692823850E1,-1.104104400E0,-7.648631930E-1,-1.566897392E0
1.693823950E1,-1.007387996E0,-6.985003948E-1,-1.715938330E0
1.694824150E1,-9.873437285E-1,-6.791121960E-1,-1.825986505E0
1.695824250E1,-1.029685736E0,-6.912751198E-1,-1.883556247E0
1.696824350E1,-1.107101917E0,-7.273183465E-1,-1.914377093E0
1.697824550E1,-1.168557048E0,-7.855254412E-1,-1.955598593E0
1.698824650E1,-1.165928125E0,-8.489961028E-1,-2.028783083E0
1.699824750E1,-1.085297942E0,-9.197496772E-1,-2.111583710E0
1.700824850E1,-9.615966082E-1,-9.910272956E-1,-2.203364611E0
1.701825050E1,-8.564209342E-1,-1.055254221E0,-2.301135540E0
1.702825150E1,-8.062003851E-1,-1.102149606E0,-2.364759207E0
1.703825250E1,-7.961914539E-1,-1.130366087E0,-2.374881744E0
1.704825450E1,-8.049312830E-1,-1.144777775E0,-2.357688904E0
1.705825550E1,-7.653799057E-1,-1.147664189E0,-2.347003698E0
1.706825650E1,-6.765819192E-1,-1.138207316E0,-2.376040697E0
1.707825750E1,-6.170794368E-1,-1.121055245E0,-2.427626133E0
1.708825950E1,-6.095919609E-1,-1.114346385E0,-2.469869375E0
1.709826050E1,-6.379178762E-1,-1.069104075E0,-2.498861790E0
1.710826162E1,-6.095923185E-1,-1.068671823E0,-2.490574837E0
1.711826362E1,-4.759489894E-1,-1.074842572E0,-2.439632654E0
1.712826462E1,-3.318739831E-1,-1.061242104E0,-2.353537083E0
1.713826562E1,-2.402119637E-1,-1.000753760E0,-2.269088507E0
1.714826662E1,-2.626552284E-1,-9.785396457E-1,-2.252555370E0
1.715826862E1,-4.548483789E-1,-1.105586767E0,-2.263018608E0
1.716826962E1,-7.424762249E-1,-1.349233389E0,-2.237874985E0
1.717827062E1,-1.023201108E0,-1.483275652E0,-2.151856422E0
1.718827162E1,-1.206654668E0,-1.469505191E0,-2.042870760E0
1.719827362E1,-1.259657383E0,-1.365953445E0,-1.980831146E0
1.720827462E1,-1.206067681E0,-1.313248038E0,-1.969708562E0
1.721827562E1,-1.100284219E0,-1.318618298E0,-1.957898021E0
1.722827762E1,-1.062849164E0,-1.429474711E0,-1.915674567E0
1.723827862E1,-1.103088737E0,-1.467949867E0,-1.860895991E0
1.724827962E1,-1.168437481E0,-1.299330950E0,-1.822146535E0
1.725828062E1,-1.192636251E0,-1.065280914E0,-1.823488832E0
1.726828262E1,-1.159980536E0,-8.686763644E-1,-1.865424395E0
1.727828362E1,-1.069623709E0,-7.845045328E-1,-1.940515995E0
1.728828462E1,-9.991992712E-1,-8.009491563E-1,-2.059741020E0
1.729828662E1,-1.100605845E0,-9.437723756E-1,-2.168198824E0
1.730828762E1,-1.244849682E0,-1.114003897E0,-2.218489170E0
1.731828862E1,-1.336185455E0,-1.205124497E0,-2.154618263E0
1.732828963E1,-1.460545301E0,-1.351469398E0,-2.009243250E0
1.733829162E1,-1.534618139E0,-1.530608296E0,-1.889103174E0
1.734829262E1,-1.555370569E0,-1.734418988E0,-1.823856473E0
1.735829362E1,-1.538582802E0,-1.982776046E0,-1.797326088E0
1.736829562E1,-1.482657075E0,-2.268910646E0,-1.753381610E0
1.737829662E1,-1.402352929E0,-2.495021343E0,-1.674721122E0
1.738829763E1,-1.379235625E0,-2.623907089E0,-1.575493455E0
1.739829862E1,-1.468840837E0,-2.656068802E0,-1.440699577E0
1.740830062E1,-1.657514215E0,-2.676971436E0,-1.262016416E0
1.741830162E1,-1.809231520E0,-2.722588062E0,-1.096402645E0
1.742830262E1,-1.923178792E0,-2.798875570E0,-9.640440941E-1
1.743830462E1,-2.064490080E0,-2.896835327E0,-8.590034246E-1
1.744830562E1,-2.213818789E0,-2.947293997E0,-8.125031590E-1
1.745830662E1,-2.232975245E0,-2.935926437E0,-8.387457132E-1
1.746830762E1,-2.120293617E0,-2.957912207E0,-8.908926845E-1
1.747830962E1,-1.932940483E0,-3.063513994E0,-9.122123122E-1
1.748831062E1,-1.762566686E0,-3.191773891E0,-8.370026350E-1
1.749831162E1,-1.652324319E0,-3.267546177E0,-6.476468444E-1
1.750831362E1,-1.557951093E0,-3.244590998E0,-4.167540967E-1
1.751831462E1,-1.470279336E0,-3.143550634E0,-2.424725890E-1
1.752831562E1,-1.384697318E0,-3.041579485E0,-1.312678307E-1
1.753831662E1,-1.294848323E0,-2.890115499E0,-5.482898280E-2
1.754831862E1,-1.181902051E0,-2.671000481E0,2.000033483E-2
1.755831962E1,-1.061563849E0,-2.409395218E0,1.180241033E-1
1.756832062E1,-9.695976377E-1,-2.146135092E0,2.366646081E-1
1.757832262E1,-9.626625180E-1,-1.763014913E0,3.832244873E-1
1.758832362E1,-9.657195210E-1,-1.426728249E0,5.290405154E-1
1.759832462E1,-9.703840613E-1,-1.168025851E0,6.223568916E-1
1.760832562E1,-9.855414629E-1,-1.007484317E0,6.421401501E-1
1.761832762E1,-9.793885350E-1,-9.399042130E-1,6.210828424E-1
1.762832862E1,-9.371269941E-1,-9.287857413E-1,5.846764445E-1
1.763832962E1,-9.084910750E-1,-9.367107749E-1,5.657610893E-1
1.764833162E1,-9.666198492E-1,-9.595490098E-1,5.786683559E-1
1.765833262E1,-1.023910642E0,-9.629455805E-1,5.984503031E-1
1.766833362E1,-1.015019894E0,-9.530715942E-1,6.180348992E-1
1.767833462E1,-9.812049866E-1,-9.996026158E-1,6.629038453E-1
1.768833662E1,-9.418730140E-1,-1.086742997E0,7.312464118E-1
1.769833762E1,-8.858411908E-1,-1.182559252E0,8.177890182E-1
1.770833862E1,-8.141862154E-1,-1.226250768E0,8.976869583E-1
1.771834062E1,-7.599408627E-1,-1.215046883E0,9.446667433E-1
1.772834162E1,-7.350189090E-1,-1.165703893E0,9.666389227E-1
1.773834262E1,-7.306015491E-1,-1.078745008E0,9.783461690E-1
1.774834362E1,-7.403180599E-1,-9.686371088E-1,9.841463566E-1
1.775834562E1,-7.505871654E-1,-8.792121410E-1,9.802671671E-1
1.776834662E1,-7.522032857E-1,-8.100556731E-1,9.943797588E-1
1.777834762E1,-7.275367975E-1,-7.519774437E-1,1.040788054E0
1.778834962E1,-6.730944514E-1,-6.711232066E-1,1.092250586E0
1.779835062E1,-6.173062921E-1,-5.615296364E-1,1.133982897E0
1.780835162E1,-5.762249231E-1,-4.440502822E-1,1.169995904E0
1.781835262E1,-5.470489264E-1,-3.383323848E-1,1.208848476E0
1.782835462E1,-5.197201371E-1,-2.735703588E-1,1.261976123E0
1.783835562E1,-4.956827164E-1,-2.660322785E-1,1.343762398E0
1.784835662E1,-4.655412734E-1,-3.003327847E-1,1.426850080E0
1.785835862E1,-4.204720557E-1,-3.515645564E-1,1.473743796E0
1.786835962E1,-3.776175976E-1,-4.052263498E-1,1.486519217E0
1.787836062E1,-3.389916420E-1,-4.440834522E-1,1.502501130E0
1.788836162E1,-3.069206774E-1,-4.579402506E-1,1.539640546E0
1.789836362E1,-2.827181220E-1,-4.508879185E-1,1.610643625E0
1.790836462E1,-2.893725038E-1,-4.489463568E-1,1.724311709E0
1.791836562E1,-3.136954010E-1,-4.058753252E-1,1.861676574E0
1.792836762E1,-3.323135674E-1,-3.361000121E-1,2.006756067E0
1.793836862E1,-3.295249641E-1,-2.428001761E-1,2.122107029E0
1.794836962E1,-2.945711911E-1,-7.921560109E-2,2.171420336E0
1.795837062E1,-2.859278917E-1,4.872478545E-2,2.163179636E0
1.796837262E1,-3.001578748E-1,1.533759683E-1,2.108063459E0
1.797837362E1,-3.280177116E-1,2.153309584E-1,2.033613682E0
1.798837462E1,-3.416928053E-1,2.251131982E-1,1.991652250E0
1.799837662E1,-3.261074424E-1,2.024963051E-1,2.015136242E0
1.800837762E1,-3.075197041E-1,1.719727367E-1,2.064981937E0
1.801837862E1,-3.261450529E-1,1.408006996E-1,2.093365669E0
1.802837962E1,-3.837095499E-1,1.244456172E-1,2.053146124E0
1.803838162E1,-4.571938813E-1,8.976993710E-2,1.953326344E0
1.804838262E1,-5.321680307E-1,1.326486003E-2,1.843352079E0
1.805838363E1,-5.758971572E-1,-8.547902107E-2,1.774821520E0
1.806838562E1,-5.853154063E-1,-1.949957162E-1,1.777748585E0
1.807838662E1,-5.801198483E-1,-2.384838015E-1,1.856483340E0
1.808838762E1,-5.794870257E-1,-2.106833160E-1,1.961967230E0
1.809838962E1,-5.767463446E-1,-3.575013205E-2,2.002046824E0
1.810838987E1,-5.996670127E-1,2.841117382E-1,1.898241878E0
1.811839087E1,-6.842517257E-1,6.299530268E-1,1.655775189E0
1.812839187E1,-7.739115953E-1,9.459539056E-1,1.320772290E0
1.813839387E1,-8.192290068E-1,1.177912831E0,1.016050816E0
1.814839487E1,-8.255405426E-1,1.346175075E0,8.401609063E-1
1.815839587E1,-8.195524216E-1,1.420593858E0,7.267733216E-1
1.816839787E1,-8.194639683E-1,1.391984582E0,6.097347736E-1
1.817839887E1,-8.168386221E-1,1.345337391E0,4.827328324E-1
1.818839987E1,-8.037363887E-1,1.408074021E0,3.452543318E-1
1.819840087E1,-8.365875483E-1,1.664200306E0,2.060498446E-1
1.820840287E1,-9.042040110E-1,2.068033934E0,1.031454131E-1
1.821840387E1,-9.564006329E-1,2.365519047E0,9.953123331E-2
1.822840487E1,-9.665829539E-1,2.392583847E0,2.096796036E-1
1.823840687E1,-9.413553476E-1,2.135291815E0,3.562879562E-1
1.824840787E1,-8.574091792E-1,1.732409239E0,4.616746902E-1
1.825840887E1,-6.895951629E-1,1.334320784E0,4.787184000E-1
1.826840987E1,-4.567115307E-1,9.932002425E-1,4.042082131E-1
1.827841187E1,-2.167828232E-1,7.141273618E-1,2.686187029E-1
1.828841287E1,-2.477234602E-2,4.579599798E-1,1.090272367E-1
1.829841387E1,8.158604801E-2,2.030938417E-1,-4.296043143E-2
1.830841587E1,8.008043468E-2,-9.871457703E-3,-1.799748838E-1
1.831841687E1,-2.309761941E-2,-1.214025095E-1,-2.876286209E-1
1.832841787E1,-1.970516145E-1,-1.001138985E-1,-3.767809272E-1
1.833841887E1,-4.033507407E-1,5.475690588E-2,-4.553140998E-1
1.834842087E1,-5.820876956E-1,3.138321042E-1,-5.336754322E-1
1.835842187E1,-7.161133885E-1,6.234171391E-1,-6.004880071E-1
1.836842287E1,-7.924781442E-1,9.184868336E-1,-6.270184517E-1
1.837842487E1,-8.367452621E-1,1.232222915E0,-5.871551633E-1
1.838842587E1,-8.322133422E-1,1.487639308E0,-4.958063662E-1
1.839842687E1,-7.863004208E-1,1.693891048E0,-3.816553056E-1
1.840842887E1,-7.297177315E-1,1.810527921E0,-2.810664475E-1
1.841842987E1,-7.101861238E-1,1.805448413E0,-1.934636235E-1
1.842843087E1,-7.273968458E-1,1.679102182E0,-1.225546375E-1
1.843843187E1,-7.483739853E-1,1.450851679E0,-1.115536541E-1
1.844843387E1,-7.616742253E-1,1.131603122E0,-1.463341415E-1
1.845843487E1,-7.428405881E-1,7.601406574E-1,-2.324091047E-1
1.846843587E1,-7.130489349E-1,2.932672501E-1,-3.604986370E-1
1.847843787E1,-6.884125471E-1,-2.219545394E-1,-5.391461253E-1
1.848843887E1,-7.274596691E-1,-7.280609608E-1,-6.247612834E-1
1.849843987E1,-7.803918719E-1,-1.123491645E0,-6.074296832E-1
1.850844087E1,-8.509463072E-1,-1.359106660E0,-5.809966326E-1
1.851844287E1,-9.084362388E-1,-1.402342796E0,-5.987452865E-1
1.852844387E1,-9.237034917E-1,-1.355709791E0,-5.934395790E-1
1.853844487E1,-8.599714041E-1,-1.278140187E0,-5.527041554E-1
1.854844687E1,-7.170506716E-1,-1.162662745E0,-4.855577946E-1
1.855844787E1,-5.643199682E-1,-1.067391515E0,-4.320333302E-1
1.856844887E1,-4.589760303E-1,-1.011909008E0,-3.880941868E-1
1.857844987E1,-4.222795367E-1,-9.756721258E-1,-3.540715277E-1
1.858845187E1,-4.505320489E-1,-9.070877433E-1,-3.172259331E-1
1.859845287E1,-4.861645997E-1,-7.774000764E-1,-2.776817381E-1
1.860845387E1,-5.035338402E-1,-6.045976281E-1,-2.534457445E-1
1.861845587E1,-5.099845529E-1,-4.155246317E-1,-2.314397991E-1
1.862845687E1,-5.200533867E-1,-2.304538637E-1,-2.187471092E-1
1.863845788E1,-5.396071076E-1,-7.062373310E-2,-2.271459252E-1
1.864845887E1,-5.531190038E-1,7.154711336E-2,-2.428999543E-1
1.865846087E1,-5.594570637E-1,2.034561485E-1,-2.469897717E-1
1.866846187E1,-5.608302951E-1,3.228106797E-1,-2.305943668E-1
1.867846287E1,-5.571724772E-1,4.142806828E-1,-1.986652017E-1
1.868846487E1,-5.579147935E-1,4.538004100E-1,-1.693753451E-1
1.869846588E1,-5.643880963E-1,4.237016439E-1,-1.533045024E-1
1.870846687E1,-5.740141273E-1,3.238210976E-1,-1.599576026E-1
1.871846887E1,-5.846369267E-1,1.780668348E-1,-1.690994352E-1
1.872846987E1,-5.807577372E-1,1.311289612E-2,-1.734185368E-1
1.873847087E1,-5.604852438E-1,-1.523476988E-1,-1.638412774E-1
1.874847187E1,-5.201123953E-1,-3.297057152E-1,-1.500329077E-1
1.875847388E1,-4.701605439E-1,-5.348782539E-1,-1.244974583E-1
1.876847487E1,-4.259112775E-1,-7.767446041E-1,-7.706677914E-2
1.877847587E1,-3.879921138E-1,-1.028667688E0,2.438447252E-2
1.878847787E1,-3.602969646E-1,-1.278686166E0,1.778831035E-1
1.879847887E1,-3.435115814E-1,-1.544873834E0,3.638085127E-1
1.880847987E1,-3.359366655E-1,-1.825411439E0,5.511300564E-1
1.881848188E1,-3.624018431E-1,-2.093383789E0,7.196007967E-1
1.882848287E1,-4.096707106E-1,-2.324651957E0,8.682377338E-1
1.883848387E1,-4.524083138E-1,-2.484315872E0,9.629892707E-1
1.884848487E1,-5.058720708E-1,-2.586013556E0,9.963694215E-1
1.885848687E1,-5.844760537E-1,-2.670183420E0,1.005172491E0
1.886848787E1,-6.986486912E-1,-2.723855019E0,1.039785624E0
1.887848887E1,-8.302381039E-1,-2.745737314E0,1.108228803E0
1.888849087E1,-9.608603120E-1,-2.747242451E0,1.193875313E0
1.889849187E1,-1.074478269E0,-2.780575275E0,1.277524948E0
1.890849287E1,-1.161948800E0,-2.862928152E0,1.339204907E0
1.891849387E1,-1.191433191E0,-2.956603527E0,1.388591886E0
1.892849587E1,-1.177702665E0,-3.034052849E0,1.425544620E0
1.893849687E1,-1.154650927E0,-3.037382603E0,1.443668723E0
1.894849787E1,-1.125565648E0,-3.008920908E0,1.463616014E0
1.895849987E1,-1.106115818E0,-2.903451204E0,1.510771036E0
1.896850087E1,-1.065892935E0,-2.748702049E0,1.589192629E0
1.897850187E1,-1.015657663E0,-2.558859825E0,1.692342758E0
1.898850287E1,-9.827461243E-1,-2.360509396E0,1.813219190E0
1.899850487E1,-9.537917376E-1,-2.182677031E0,1.938392282E0
1.900850587E1,-9.504221678E-1,-2.067270279E0,2.037082434E0
1.901850687E1,-9.440920949E-1,-2.022788048E0,2.098720551E0
1.902850887E1,-9.386790991E-1,-2.055254221E0,2.142368793E0
1.903850987E1,-9.322230220E-1,-2.095774889E0,2.197729349E0
1.904851087E1,-9.092828035E-1,-2.167932749E0,2.276035309E0
1.905851287E1,-9.201525450E-1,-2.188186169E0,2.351653576E0
1.906851387E1,-9.829769135E-1,-2.104432583E0,2.394605398E0
1.907851487E1,-1.056422114E0,-1.983114719E0,2.395024061E0
1.908851587E1,-1.045930505E0,-1.884262443E0,2.399972916E0
1.909851787E1,-9.725350738E-1,-1.712861896E0,2.456084013E0
1.910851950E1,-8.808936477E-1,-1.643653750E0,2.553878069E0
1.911852050E1,-8.473817706E-1,-1.524072528E0,2.636807442E0
1.912852250E1,-8.032475710E-1,-1.481905818E0,2.641379118E0
1.913852350E1,-8.047756553E-1,-1.377733111E0,2.547445536E0
1.914852450E1,-7.781532407E-1,-1.348443508E0,2.391446590E0
1.915852650E1,-7.478688359E-1,-1.237794995E0,2.242900133E0
1.916852750E1,-6.750335693E-1,-1.179304004E0,2.197131395E0
1.917852850E1,-5.863103867E-1,-1.094007730E0,2.246453285E0
1.918852950E1,-4.819181561E-1,-1.075650811E0,2.317759752E0
1.919853150E1,-3.701053262E-1,-1.077252746E0,2.363629818E0
1.920853250E1,-2.337895930E-1,-1.185409427E0,2.349204779E0
1.921853350E1,-1.290410757E-1,-1.179014921E0,2.263142109E0
1.922853550E1,-3.114031255E-2,-1.242420912E0,2.124020100E0
1.923853650E1,7.374908775E-2,-1.256853938E0,1.970456839E0
1.924853750E1,1.513251960E-1,-1.151655316E0,1.898279905E0
1.925853850E1,2.598783076E-1,-1.041681528E0,1.902066469E0
1.926854050E1,4.563766420E-1,-1.133247852E0,1.942886829E0
1.927854150E1,5.805497766E-1,-9.136692286E-1,1.947252512E0
1.928854250E1,7.593892813E-1,-8.399886489E-1,1.851973414E0
1.929854450E1,9.436004162E-1,-7.360659838E-1,1.697979093E0
1.930854550E1,1.122826576E0,-7.151253819E-1,1.487950683E0
1.931854650E1,1.322244883E0,-7.117136121E-1,1.262680531E0
1.932854850E1,1.531410098E0,-8.156628013E-1,1.059318900E0
1.933854950E1,1.710909724E0,-9.394555688E-1,8.807302713E-1
1.934855050E1,1.877154708E0,-1.040978432E0,7.355001569E-1
1.935855150E1,2.032962561E0,-1.166045785E0,6.224346161E-1
1.936855350E1,2.174390793E0,-1.287501335E0,5.311818719E-1
1.937855450E1,2.308781147E0,-1.397428870E0,4.411856234E-1
1.938855550E1,2.437594891E0,-1.465479016E0,3.445274830E-1
1.939855750E1,2.540329456E0,-1.483193874E0,2.209226936E-1
1.940855850E1,2.602900982E0,-1.475687027E0,4.411898926E-2
1.941855950E1,2.643651724E0,-1.511782765E0,-1.530081928E-1
1.942856050E1,2.684111357E0,-1.620092630E0,-3.262927532E-1
1.943856250E1,2.738478661E0,-1.743411660E0,-4.717308879E-1
1.944856350E1,2.808651924E0,-1.834548116E0,-5.867637992E-1
1.945856450E1,2.891561270E0,-1.912927628E0,-6.779187322E-1
1.946856650E1,2.970664740E0,-2.009053946E0,-7.355611920E-1
1.947856750E1,3.045524597E0,-2.096366882E0,-7.634698153E-1
1.948856850E1,3.111163378E0,-2.145267725E0,-7.747525573E-1
1.949857050E1,3.173911810E0,-2.156267643E0,-7.835870981E-1
1.950857150E1,3.210667610E0,-2.153689146E0,-7.975050807E-1
1.951857250E1,3.229112864E0,-2.144195557E0,-8.194100857E-1
1.952857350E1,3.227881670E0,-2.137732983E0,-8.200929761E-1
1.953857550E1,3.226053238E0,-2.151389599E0,-7.912330627E-1
1.954857650E1,3.233945847E0,-2.144509315E0,-7.640317678E-1
1.955857750E1,3.232366562E0,-2.122415304E0,-7.526989579E-1
1.956857950E1,3.224101782E0,-2.083580494E0,-7.779339552E-1
1.957858050E1,3.234572649E0,-2.046141624E0,-8.470736146E-1
1.958858150E1,3.249886274E0,-2.020188570E0,-9.075809121E-1
1.959858350E1,3.257425785E0,-1.998659849E0,-9.223880768E-1
1.960858450E1,3.235751867E0,-1.953857899E0,-8.968456388E-1
1.961858550E1,3.190247297E0,-1.876135349E0,-8.450511694E-1
1.962858650E1,3.143035889E0,-1.767800450E0,-8.182284832E-1
1.963858850E1,3.135051012E0,-1.636774540E0,-8.470835686E-1
1.964858950E1,3.193072557E0,-1.550653219E0,-8.867666125E-1
1.965859050E1,3.274074793E0,-1.561433434E0,-8.866294622E-1
1.966859250E1,3.281286716E0,-1.671358824E0,-8.135929108E-1
1.967859350E1,3.207789421E0,-1.788949847E0,-6.943567991E-1
1.968859450E1,3.052483797E0,-1.892328501E0,-5.435846448E-1
1.969859550E1,2.871052265E0,-1.899852633E0,-4.098260701E-1
1.970859750E1,2.702361345E0,-1.804466248E0,-3.299438059E-1
1.971859850E1,2.551900864E0,-1.641644120E0,-3.241945803E-1
1.972859950E1,2.409620762E0,-1.443618774E0,-3.899482787E-1
1.973860150E1,2.286291599E0,-1.258394837E0,-4.999131262E-1
1.974860250E1,2.159497261E0,-1.042726874E0,-6.330240369E-1
1.975860350E1,2.105455875E0,-7.391144037E-1,-7.817775607E-1
1.976860550E1,2.132971525E0,-5.017681122E-1,-8.829026222E-1
1.977860650E1,2.187579870E0,-4.052327871E-1,-8.587898016E-1
1.978860750E1,2.214452505E0,-3.557155728E-1,-7.256636024E-1
1.979860950E1,2.166020155E0,-2.999505997E-1,-5.604722500E-1
1.980861050E1,2.087254286E0,-1.345099062E-1,-4.389850199E-1
1.981861150E1,2.026583195E0,1.341471225E-1,-4.051628709E-1
1.982861250E1,2.010843277E0,3.907653689E-1,-4.499096870E-1
1.983861450E1,1.995592594E0,5.029153228E-1,-5.337204933E-1
1.984861550E1,1.929967999E0,4.824908674E-1,-5.899586678E-1
1.985861650E1,1.883707285E0,3.300150335E-1,-6.004347801E-1
1.986861850E1,1.896115541E0,1.324079633E-1,-5.797215104E-1
1.987861950E1,1.923644900E0,-3.300975636E-2,-5.225210786E-1
1.988862050E1,1.886131287E0,-1.583123207E-1,-4.353127778E-1
1.989862150E1,1.799190998E0,-1.334069818E-1,-3.533622324E-1
1.990862350E1,1.724148273E0,-9.066361189E-2,-2.889102399E-1
1.991862450E1,1.677209735E0,-1.373922378E-1,-2.741030753E-1
1.992862550E1,1.609989643E0,-2.826279700E-1,-3.053448796E-1
1.993862750E1,1.524329066E0,-5.125682354E-1,-3.657152951E-1
1.994862850E1,1.508338451E0,-6.990953684E-1,-4.452036619E-1
1.995862950E1,1.564905882E0,-8.567779660E-1,-5.094702840E-1
1.996863150E1,1.613838196E0,-1.026233912E0,-5.274315476E-1
1.997863250E1,1.545756936E0,-1.132924914E0,-5.126483440E-1
1.998863350E1,1.379803061E0,-1.120071292E0,-4.886417985E-1
1.999863450E1,1.124152899E0,-1.126838446E0,-4.706609249E-1
2.000863650E1,8.292911649E-1,-9.805045128E-1,-4.960754514E-1
2.001863750E1,6.780667305E-1,-1.000172973E0,-5.802891254E-1
2.002863850E1,5.860009789E-1,-1.001198649E0,-6.391969919E-1
2.003864050E1,3.849927485E-1,-1.045891523E0,-6.372858882E-1
2.004864150E1,2.299553901E-1,-9.726077914E-1,-6.174630523E-1
2.005864250E1,2.158134729E-1,-7.715745568E-1,-6.092003584E-1
2.006864450E1,1.584514081E-1,-6.225250959E-1,-5.317121744E-1
2.007864550E1,7.257324457E-2,-5.866163969E-1,-4.261796176E-1
2.008864650E1,4.191190004E-3,-5.265440345E-1,-3.826045096E-1
2.009864850E1,-1.736603305E-2,-5.275919437E-1,-4.826062322E-1
2.010864887E1,-6.064496562E-2,-3.764193952E-1,-6.613386273E-1
2.011864987E1,-1.132096350E-1,-3.962433338E-2,-8.453997970E-1
2.012865087E1,-1.595822871E-1,4.965693057E-1,-1.007915974E0
2.013865287E1,-2.391554117E-1,1.084230661E0,-1.149157524E0
2.014865387E1,-3.242985904E-1,1.677277327E0,-1.254100919E0
2.015865487E1,-3.558240235E-1,2.176488638E0,-1.343370557E0
2.016865687E1,-4.061953127E-1,2.619352341E0,-1.401616335E0
2.017865787E1,-4.645838141E-1,2.927540779E0,-1.427516341E0
2.018865887E1,-4.980005324E-1,3.109866858E0,-1.427700043E0
2.019866087E1,-4.881958663E-1,3.092730761E0,-1.403561950E0
2.020866187E1,-4.531886280E-1,2.914519072E0,-1.359051704E0
2.021866287E1,-4.344027042E-1,2.707900286E0,-1.305071592E0
2.022866387E1,-3.680544496E-1,2.190221071E0,-1.251027346E0
2.023866587E1,-2.898176908E-1,1.724560618E0,-1.219125390E0
2.024866687E1,-2.489504814E-1,1.152956367E0,-1.207281113E0
2.025866787E1,-2.254230380E-1,6.408800483E-1,-1.231514454E0
2.026866987E1,-2.722617984E-1,2.015312761E-1,-1.270537734E0
2.027867087E1,-3.037305176E-1,-1.156842336E-1,-1.317685246E0
2.028867187E1,-3.368456662E-1,-3.492756784E-1,-1.353503704E0
2.029867387E1,-3.290620446E-1,-4.842787683E-1,-1.374669194E0
2.030867487E1,-2.912753224E-1,-5.416608453E-1,-1.389863491E0
2.031867587E1,-2.697460651E-1,-4.473240077E-1,-1.431399703E0
2.032867687E1,-2.460503876E-1,-3.328279853E-1,-1.476112366E0
2.033867887E1,-2.428362221E-1,-1.555557251E-1,-1.518626332E0
2.034867987E1,-2.189608961E-1,-1.770352386E-2,-1.569154501E0
2.035868087E1,-2.215124667E-1,1.344396770E-1,-1.618456006E0
2.036868287E1,-2.337301522E-1,2.163764983E-1,-1.662175536E0
2.037868387E1,-2.292840034E-1,2.200178355E-1,-1.698311687E0
2.038868487E1,-2.258342803E-1,1.959486753E-1,-1.724446535E0
2.039868687E1,-1.733404547E-1,1.440026611E-1,-1.762848258E0
2.040868787E1,-1.356278211E-1,1.253363639E-1,-1.794981241E0
2.041868887E1,-5.571433157E-2,1.408412904E-1,-1.813118219E0
2.042869087E1,4.684477299E-2,2.136496007E-1,-1.745693326E0
2.043869187E1,6.711355597E-2,3.741340637E-1,-1.550880432E0
2.044869287E1,-1.236956567E-2,5.252500772E-1,-1.341971397E0
2.045869387E1,-8.409249038E-2,3.598315418E-1,-1.342386842E0
2.046869587E1,-1.033762619E-1,6.866319478E-2,-1.478113413E0
2.047869687E1,-1.534956396E-1,-1.994409561E-1,-1.534452081E0
2.048869787E1,-1.712276936E-1,-2.727159858E-1,-1.524754047E0
2.049869987E1,-1.309361905E-1,-2.041100264E-1,-1.517356634E0
2.050870087E1,-9.164319187E-2,-7.179226726E-2,-1.533280492E0
2.051870188E1,-8.383240551E-2,3.525269404E-2,-1.593459964E0
2.052870387E1,-8.582638204E-2,5.515318736E-2,-1.686206460E0
2.053870487E1,-9.948360920E-2,6.793928891E-2,-1.798908472E0
2.054870587E1,-1.072912067E-1,1.363127977E-1,-1.893132806E0
2.055870787E1,-9.819091856E-2,2.976010144E-1,-1.923098445E0
2.056870887E1,-1.110170856E-1,4.150530398E-1,-1.842536569E0
2.057870988E1,-1.050926223E-1,3.775751889E-1,-1.709275961E0
2.058871087E1,-8.274355531E-2,1.575984359E-1,-1.625839353E0
2.059871287E1,-3.554701433E-2,-1.619968712E-1,-1.604902387E0
2.060871387E1,2.643922344E-3,-4.599779844E-1,-1.644106150E0
2.061871487E1,1.390563138E-2,-7.077654004E-1,-1.742843866E0
2.062871687E1,4.797494505E-3,-8.939557076E-1,-1.847317100E0
2.063871788E1,-5.884593353E-2,-9.863271713E-1,-1.913420320E0
2.064871887E1,-1.273494512E-1,-9.722652435E-1,-1.970719337E0
2.065872087E1,-2.274752557E-1,-9.890583754E-1,-2.037873268E0
2.066872187E1,-2.875982821E-1,-8.762433529E-1,-2.121464968E0
2.067872287E1,-3.435499668E-1,-7.032707930E-1,-2.222332001E0
2.068872487E1,-3.812183738E-1,-4.790898561E-1,-2.310328007E0
2.069872588E1,-3.927139342E-1,-2.462398410E-1,-2.361577272E0
2.070872687E1,-3.392517567E-1,-5.210459977E-2,-2.375761509E0
2.071872787E1,-2.279680967E-1,3.141612560E-2,-2.363009691E0
2.072872987E1,-7.879151404E-2,-5.152243376E-2,-2.315260649E0
2.073873087E1,5.587627739E-2,-2.817897201E-1,-2.261524677E0
2.074873187E1,8.337261528E-2,-7.075750828E-1,-2.222513437E0
2.075873388E1,1.927059516E-2,-1.174926519E0,-2.325865269E0
2.076873487E1,-8.575046808E-2,-1.880189896E0,-2.370331049E0
2.077873587E1,-3.697156012E-1,-2.414006472E0,-2.093382120E0
2.078873787E1,-4.475978911E-1,-2.638234854E0,-1.813816309E0
2.079873887E1,-3.499229848E-1,-2.607763767E0,-1.728032470E0
2.080873987E1,-2.383098602E-1,-2.435490608E0,-1.794955015E0
2.081874188E1,-1.274541765E-1,-2.252496004E0,-1.934358716E0
2.082874287E1,-4.868752509E-2,-2.030016661E0,-2.042659283E0
2.083874387E1,-6.369789690E-2,-1.851967812E0,-2.072465897E0
2.084874487E1,-1.132927686E-1,-1.744397044E0,-2.046429396E0
2.085874687E1,-1.581033915E-1,-1.691125035E0,-1.976184368E0
2.086874787E1,-1.845443249E-1,-1.639359117E0,-1.873937368E0
2.087874887E1,-1.958670318E-1,-1.548932314E0,-1.802206278E0
2.088875087E1,-1.997073889E-1,-1.372308969E0,-1.792439222E0
2.089875187E1,-1.983909905E-1,-1.105023742E0,-1.845075846E0
2.090875287E1,-2.026241720E-1,-8.319662809E-1,-1.913508654E0
2.091875487E1,-1.894239485E-1,-6.166526675E-1,-1.939703226E0
2.092875587E1,-1.620723903E-1,-4.970518649E-1,-1.927024961E0
2.093875687E1,-1.351419836E-1,-4.804859459E-1,-1.895072341E0
2.094875887E1,-1.370546222E-1,-5.436580181E-1,-1.850464106E0
2.095875987E1,-1.618108302E-1,-6.341966987E-1,-1.802982330E0
2.096876087E1,-1.445081979E-1,-7.340008020E-1,-1.772022367E0
2.097876187E1,-8.177158237E-2,-8.474285603E-1,-1.780634046E0
2.098876387E1,-8.282972500E-3,-1.071483970E0,-1.799316168E0
2.099876487E1,3.222264349E-2,-1.242455959E0,-1.810464382E0
2.100876587E1,4.904797673E-2,-1.382056355E0,-1.797840714E0
2.101876787E1,1.047901250E-2,-1.484495401E0,-1.737415433E0
2.102876887E1,-5.585280433E-2,-1.558508158E0,-1.637088299E0
2.103876987E1,-1.183686405E-1,-1.622709274E0,-1.523788929E0
2.104877187E1,-1.461939961E-1,-1.669838905E0,-1.425772905E0
2.105877287E1,-1.273361593E-1,-1.683825612E0,-1.364445925E0
2.106877387E1,-9.189049900E-2,-1.668205857E0,-1.339965105E0
2.107877587E1,-6.278401613E-2,-1.598392725E0,-1.332180858E0
2.108877687E1,-5.424172804E-2,-1.487959146E0,-1.319427371E0
2.109877787E1,-7.833508402E-2,-1.365033746E0,-1.272117853E0
2.110877992E1,-1.039336100E-1,-1.262044907E0,-1.171940088E0
2.111878092E1,-6.689676642E-2,-1.163611889E0,-1.072953343E0
2.112878192E1,2.081771940E-2,-1.042613268E0,-1.032821298E0
2.113878292E1,1.522931904E-1,-8.589571714E-1,-1.074186087E0
2.114878492E1,2.862692475E-1,-6.213659644E-1,-1.173365116E0
2.115878592E1,3.796836138E-1,-3.344878852E-1,-1.248604774E0
2.116878692E1,4.125122130E-1,-8.846768737E-2,-1.236741185E0
2.117878892E1,3.608500957E-1,8.140604012E-3,-1.126038671E0
2.118878992E1,2.516143918E-1,-6.750287861E-2,-9.357323647E-1
2.119879092E1,1.366720945E-1,-2.482255101E-1,-7.255623341E-1
2.120879292E1,9.425139427E-2,-4.314696789E-1,-5.684877634E-1
2.121879392E1,1.245736107E-1,-5.423789024E-1,-5.059399605E-1
2.122879492E1,1.656169146E-1,-5.964996219E-1,-5.060212016E-1
2.123879692E1,1.712878495E-1,-5.770210028E-1,-4.985288978E-1
2.124879792E1,1.386891603E-1,-4.688159525E-1,-4.232048690E-1
2.125879892E1,6.985656917E-2,-3.277991712E-1,-2.863830924E-1
2.126880092E1,-1.795450784E-2,-1.881288886E-1,-1.401624978E-1
2.127880192E1,-7.668359578E-2,-6.105696037E-2,-2.885648794E-2
2.128880292E1,-8.914446086E-2,4.378234595E-2,3.019677661E-2
2.129880392E1,-5.796949938E-2,1.160536110E-1,6.270571798E-2
2.130880592E1,-2.018876188E-2,1.913805604E-1,9.675215930E-2
2.131880692E1,1.290953439E-2,3.453392088E-1,1.185804978E-1
2.132880792E1,5.314032733E-2,5.196413398E-1,1.105356440E-1
2.133880992E1,8.603835851E-2,6.402215958E-1,1.004726216E-1
2.134881092E1,1.458502412E-1,6.647158861E-1,1.300504506E-1
2.135881192E1,2.217271626E-1,5.598195195E-1,2.107681930E-1
2.136881392E1,2.943244576E-1,3.608421981E-1,3.383549750E-1
2.137881492E1,3.660018444E-1,1.377912909E-1,4.887764454E-1
2.138881592E1,4.215145111E-1,-5.003281310E-2,6.115285158E-1
2.139881792E1,4.451878667E-1,-1.638688296E-1,7.036176920E-1
2.140881892E1,4.411177337E-1,-1.907401681E-1,7.762469053E-1
2.141881992E1,4.165934920E-1,-1.408245414E-1,8.481082916E-1
2.142882192E1,3.970313370E-1,-6.931177527E-2,9.159322381E-1
2.143882292E1,4.021768272E-1,2.835388295E-3,9.815783501E-1
2.144882392E1,4.104377925E-1,8.071537316E-2,1.050036550E0
2.145882592E1,4.233163297E-1,1.843679994E-1,1.146242499E0
2.146882692E1,4.321468472E-1,3.356170654E-1,1.264136434E0
2.147882792E1,4.468946457E-1,5.294624567E-1,1.372906566E0
2.148882892E1,4.553623497E-1,7.150496244E-1,1.462384939E0
2.149883092E1,4.642455876E-1,8.747301102E-1,1.558459640E0
2.150883192E1,4.911172688E-1,1.004172802E0,1.665344119E0
2.151883292E1,5.610142946E-1,1.127266526E0,1.758723617E0
2.152883492E1,6.289586425E-1,1.221464753E0,1.856912851E0
2.153883592E1,6.847553253E-1,1.282985091E0,1.973984599E0
2.154883692E1,7.185695171E-1,1.305745721E0,2.097512484E0
2.155883892E1,7.253920436E-1,1.281154394E0,2.225797892E0
2.156883992E1,6.995984912E-1,1.212992668E0,2.378716469E0
2.157884092E1,6.509979367E-1,1.115607619E0,2.569184065E0
2.158884292E1,5.928937197E-1,1.006974220E0,2.795966387E0
2.159884392E1,5.398297310E-1,9.024951458E-1,3.046208382E0
2.160884492E1,4.893853962E-1,8.246203065E-1,3.315833569E0
2.161884692E1,4.538673460E-1,7.971844673E-1,3.593056202E0
2.162884792E1,4.247016013E-1,8.184204102E-1,3.866833925E0
2.163884892E1,4.018311799E-1,8.755883574E-1,4.130897522E0
2.164884992E1,3.915408552E-1,9.565956593E-1,4.371739388E0
2.165885192E1,3.882150948E-1,1.028345823E0,4.592601776E0
2.166885292E1,3.661295772E-1,1.079271793E0,4.795735836E0
2.167885392E1,3.133640885E-1,1.094354391E0,5.002695084E0
2.168885592E1,2.300300449E-1,1.108678341E0,5.206849575E0
2.169885692E1,1.265787482E-1,1.128187060E0,5.396511555E0
2.170885792E1,1.321060117E-2,1.174550653E0,5.533994198E0
2.171885992E1,-1.176174507E-1,1.234969854E0,5.611740589E0
2.172886092E1,-2.774140537E-1,1.269554734E0,5.638621330E0
2.173886192E1,-4.480006993E-1,1.248720050E0,5.665042400E0
2.174886392E1,-6.323769093E-1,1.156977534E0,5.742259979E0
2.175886492E1,-8.074182272E-1,1.028727889E0,5.859683514E0
2.176886592E1,-9.331371188E-1,8.936868310E-1,5.937767029E0
2.177886792E1,-1.004869342E0,7.294339538E-1,5.900114536E0
2.178886892E1,-1.031615257E0,5.293552279E-1,5.771172047E0
2.179886992E1,-1.006001949E0,3.010208309E-1,5.678157330E0
2.180887092E1,-9.709640741E-1,2.227363437E-1,5.722370625E0
2.181887292E1,-9.167570472E-1,4.499122202E-1,5.880355835E0
2.182887392E1,-8.733345270E-1,9.480106235E-1,5.999960423E0
2.183887492E1,-8.761183023E-1,1.576470256E0,5.998698235E0
2.184887692E1,-9.598450065E-1,2.097971439E0,5.902387619E0
2.185887792E1,-1.070359707E0,2.366704464E0,5.786838055E0
2.186887892E1,-1.215347528E0,2.437599421E0,5.724967480E0
2.187888092E1,-1.361971617E0,2.291623116E0,5.617743015E0
2.188888192E1,-1.551919818E0,2.240009785E0,5.474741936E0
2.189888292E1,-1.803713441E0,2.187759399E0,5.311620712E0
2.190888492E1,-2.090115786E0,2.039537430E0,5.063258648E0
2.191888592E1,-2.371647596E0,1.659699321E0,4.802993298E0
2.192888692E1,-2.608117580E0,1.028403163E0,4.520214558E0
2.193888892E1,-2.780241728E0,4.209691882E-1,4.169034004E0
2.194888992E1,-2.883906603E0,-7.909969985E-2,3.786430836E0
2.195889092E1,-2.914594173E0,-4.182932079E-1,3.395068645E0
2.196889192E1,-2.858242035E0,-5.274249911E-1,2.997069359E0
2.197889392E1,-2.763121605E0,-5.336157680E-1,2.586917400E0
2.198889492E1,-2.653078079E0,-5.078201294E-1,2.142944574E0
2.199889592E1,-2.542339563E0,-5.316692591E-1,1.685479760E0
2.200889792E1,-2.445676088E0,-4.910934269E-1,1.268053532E0
2.201889892E1,-2.373775721E0,-4.235253036E-1,9.400721788E-1
2.202889992E1,-2.311404705E0,-2.802759111E-1,7.150275707E-1
2.203890192E1,-2.223196268E0,4.059395753E-3,5.599727631E-1
2.204890292E1,-2.116874695E0,3.502994776E-1,4.620691836E-1
2.205890392E1,-2.003449678E0,7.218474746E-1,3.691594601E-1
2.206890592E1,-1.891641021E0,9.826211929E-1,2.661484480E-1
2.207890692E1,-1.757969499E0,1.134532690E0,1.328303218E-1
2.208890792E1,-1.618278742E0,1.152823329E0,-2.754635364E-2
2.209890992E1,-1.486360192E0,1.083529711E0,-1.964807808E-1
2.210891175E1,-1.350543737E0,1.055402637E0,-3.612771928E-1
2.211891275E1,-1.199570656E0,1.051333308E0,-5.306691527E-1
2.212891475E1,-1.049895644E0,1.048186660E0,-7.053664923E-1
2.213891575E1,-8.834541440E-1,9.253662825E-1,-8.794368505E-1
2.214891675E1,-7.242149115E-1,7.830192447E-1,-1.052048802E0
2.215891775E1,-5.611407757E-1,6.097270846E-1,-1.200324893E0
2.216891975E1,-3.943455517E-1,4.285169840E-1,-1.314411283E0
2.217892075E1,-2.371130884E-1,2.997249067E-1,-1.384243369E0
2.218892175E1,-5.913456902E-2,1.796053946E-1,-1.424214363E0
2.219892375E1,1.229657307E-1,1.278766841E-1,-1.444599986E0
2.220892475E1,3.184693754E-1,8.320157230E-2,-1.450836182E0
2.221892575E1,5.035516024E-1,4.861376435E-2,-1.448525071E0
2.222892775E1,6.645392179E-1,3.220472112E-2,-1.458746791E0
2.223892875E1,7.921986580E-1,3.972548991E-2,-1.480628371E0
2.224892975E1,9.127326012E-1,9.676598012E-2,-1.526579499E0
2.225893175E1,1.019194603E0,1.660534441E-1,-1.611759901E0
2.226893275E1,1.113824129E0,1.884859502E-1,-1.713930726E0
2.227893375E1,1.200502038E0,1.559631675E-1,-1.806894660E0
2.228893575E1,1.285129666E0,1.216250211E-1,-1.883017778E0
2.229893675E1,1.376256466E0,1.228050664E-1,-1.954045177E0
2.230893775E1,1.464724779E0,1.221738458E-1,-2.027161837E0
2.231893975E1,1.549311638E0,1.094316840E-1,-2.097830296E0
2.232894075E1,1.660111666E0,8.354204148E-2,-2.174493551E0
2.233894175E1,1.774181247E0,2.802925371E-2,-2.235628128E0
2.234894275E1,1.914482832E0,-7.645437866E-2,-2.274760485E0
2.235894475E1,2.062699795E0,-2.588366866E-1,-2.276567698E0
2.236894575E1,2.237938404E0,-4.688305855E-1,-2.240085602E0
2.237894675E1,2.446490049E0,-7.326217294E-1,-2.190947771E0
2.238894875E1,2.662398338E0,-9.940719008E-1,-2.123031855E0
2.239894975E1,2.848757982E0,-1.278670549E0,-1.997996688E0
2.240895075E1,2.962068319E0,-1.521652937E0,-1.805033207E0
2.241895275E1,3.026813745E0,-1.687457323E0,-1.593500137E0
2.242895375E1,3.031358957E0,-1.828997135E0,-1.437616110E0
2.243895475E1,2.947945356E0,-2.002295017E0,-1.367692113E0
2.244895675E1,2.844124317E0,-2.097719669E0,-1.397855759E0
2.245895775E1,2.740147114E0,-2.250002861E0,-1.453688741E0
2.246895875E1,2.639178514E0,-2.288337469E0,-1.478686690E0
2.247896075E1,2.541443110E0,-2.308736324E0,-1.445383549E0
2.248896175E1,2.455459595E0,-2.154755592E0,-1.368396640E0
2.249896275E1,2.384143114E0,-2.114000559E0,-1.267138839E0
2.250896475E1,2.323014498E0,-1.843872309E0,-1.192807198E0
2.251896575E1,2.251102924E0,-1.579790831E0,-1.151717901E0
2.252896675E1,2.202557325E0,-1.297720313E0,-1.131412625E0
2.253896875E1,2.119114876E0,-1.051997423E0,-1.106288671E0
2.254896975E1,2.007493496E0,-7.915639281E-1,-1.090604544E0
2.255897075E1,1.921681523E0,-4.707169533E-1,-1.089972496E0
2.256897175E1,1.871371150E0,-7.131732255E-2,-1.097421765E0
2.257897375E1,1.797901154E0,3.986405730E-1,-1.102814913E0
2.258897475E1,1.692688823E0,9.397484660E-1,-1.112501860E0
2.259897575E1,1.667768002E0,1.447520852E0,-1.164598823E0
2.260897775E1,1.742354989E0,1.741291523E0,-1.203159571E0
2.261897875E1,1.844016552E0,1.803158164E0,-1.176013708E0
2.262897975E1,1.897131801E0,1.817239642E0,-1.113666415E0
2.263898175E1,1.888527393E0,1.851909995E0,-1.033011556E0
2.264898275E1,1.845323443E0,1.897904873E0,-9.362831116E-1
2.265898375E1,1.874930620E0,1.832708836E0,-8.130661249E-1
2.266898575E1,1.954298377E0,1.485247970E0,-6.251020432E-1
2.267898675E1,2.024358749E0,8.395969272E-1,-3.817088008E-1
2.268898775E1,2.054176331E0,1.146541908E-1,-1.528935283E-1
2.269898975E1,2.037988424E0,-4.948435128E-1,-3.388991207E-2
2.270899075E1,1.961758971E0,-7.969204187E-1,-5.547053739E-2
2.271899175E1,1.911773324E0,-9.972029328E-1,-2.380241007E-1
2.272899375E1,1.860495210E0,-1.052248478E0,-4.565587938E-1
2.273899475E1,1.784326911E0,-1.044774294E0,-6.435881257E-1
2.274899575E1,1.626022577E0,-9.177829027E-1,-7.809478641E-1
2.275899775E1,1.382696986E0,-5.596082211E-1,-8.523253798E-1
2.276899875E1,1.175056458E0,-1.337644458E-1,-8.962832689E-1
2.277899975E1,9.419735670E-1,5.000053048E-1,-9.083324671E-1
2.278900075E1,7.248864770E-1,9.931063056E-1,-8.799336553E-1
2.279900275E1,4.729434550E-1,1.482980490E0,-8.215504885E-1
2.280900375E1,2.300262451E-1,1.737747073E0,-7.692022920E-1
2.281900475E1,5.172898062E-3,1.817749500E0,-7.332586646E-1
2.282900675E1,-1.719963849E-1,1.841240764E0,-7.329285145E-1
2.283900775E1,-2.391029894E-1,1.706793785E0,-7.458837032E-1
2.284900875E1,-2.522621453E-1,1.581459522E0,-7.443752289E-1
2.285901075E1,-1.976801455E-1,1.314557314E0,-7.314107418E-1
2.286901175E1,-1.077211499E-1,1.101359010E0,-6.883412004E-1
2.287901275E1,-2.621590532E-2,8.050391078E-1,-5.772317648E-1
2.288901475E1,5.499404296E-2,5.689053535E-1,-4.284059703E-1
2.289901575E1,1.148560494E-1,3.783199787E-1,-2.910835445E-1
2.290901675E1,1.628019214E-1,2.557590902E-1,-1.872171462E-1
2.291901875E1,2.010377198E-1,1.707321107E-1,-1.212927252E-1
2.292901975E1,2.118271142E-1,1.498012692E-1,-9.401356429E-2
2.293902075E1,2.084054947E-1,1.365544349E-1,-7.009838521E-2
2.294902275E1,1.967586577E-1,1.542819440E-1,-2.913951688E-2
2.295902375E1,1.664130092E-1,2.594222128E-1,1.241671480E-2
2.296902475E1,1.365706772E-1,4.109155238E-1,4.894248396E-2
2.297902675E1,1.138001159E-1,6.414190531E-1,6.731989235E-2
2.298902775E1,1.217100918E-1,8.491799235E-1,6.713705510E-2
2.299902875E1,1.201342940E-1,1.019285083E0,7.886641473E-2
2.300903075E1,1.088374406E-1,1.085432172E0,1.253582835E-1
2.301903175E1,6.637813151E-2,1.057341099E0,1.957365721E-1
2.302903275E1,1.724223234E-2,9.646472335E-1,2.808144093E-1
2.303903475E1,-4.646511003E-2,8.169943690E-1,3.592184186E-1
2.304903575E1,-1.263638735E-1,6.445680261E-1,4.224725366E-1
2.305903675E1,-2.107975334E-1,4.106258154E-1,4.725327790E-1
2.306903775E1,-2.674043775E-1,2.587493956E-1,4.992746115E-1
2.307903975E1,-2.810158134E-1,1.134316027E-1,4.999132156E-1
2.308904075E1,-2.674471736E-1,7.229171460E-4,4.913624525E-1
2.309904175E1,-2.458947599E-1,-1.127482504E-1,4.982448518E-1
2.310904279E1,-2.224119902E-1,-2.124040127E-1,5.346018672E-1
2.311904379E1,-2.162957788E-1,-2.710923851E-1,5.899282694E-1
2.312904479E1,-2.325254083E-1,-2.619922757E-1,6.541526914E-1
2.313904679E1,-2.488902807E-1,-2.033140659E-1,6.985475421E-1
2.314904779E1,-2.781859636E-1,-7.230912894E-2,6.824893951E-1
2.315904879E1,-2.894039750E-1,-1.050755195E-2,6.022414565E-1
2.316905079E1,-3.118842840E-1,-5.729218945E-2,5.432792902E-1
2.317905179E1,-3.652167320E-1,-1.541281939E-1,5.516602993E-1
2.318905279E1,-4.194784760E-1,-2.373861969E-1,6.012093425E-1
2.319905479E1,-4.536380470E-1,-2.856535912E-1,6.534605622E-1
2.320905579E1,-4.843094647E-1,-3.189312816E-1,6.897926927E-1
2.321905679E1,-5.180927515E-1,-3.072325289E-1,7.040634751E-1
2.322905879E1,-5.634614229E-1,-2.204810828E-1,7.093782425E-1
2.323905979E1,-6.424292326E-1,-6.007703021E-2,7.204758525E-1
2.324906079E1,-7.534415722E-1,1.081374213E-1,7.286801934E-1
2.325906279E1,-8.720941544E-1,1.896940619E-1,7.452961802E-1
2.326906379E1,-9.807643294E-1,1.505900323E-1,7.921829224E-1
2.327906479E1,-1.086392760E0,6.195816398E-2,8.936029673E-1
2.328906679E1,-1.207563996E0,4.653269425E-3,1.057005882E0
2.329906779E1,-1.354005575E0,2.549916133E-2,1.260687113E0
2.330906879E1,-1.529491305E0,1.103269085E-1,1.467489839E0
2.331907079E1,-1.732080579E0,1.590142846E-1,1.649775147E0
2.332907179E1,-1.937841892E0,1.112518907E-1,1.784599900E0
2.333907279E1,-2.156768799E0,-1.985447109E-2,1.843431830E0
2.334907479E1,-2.344851255E0,-9.989175946E-2,1.814561844E0
2.335907579E1,-2.466565371E0,-8.670751005E-2,1.755810618E0
2.336907679E1,-2.536786318E0,-1.828734018E-2,1.722813845E0
2.337907879E1,-2.540804863E0,3.807713091E-2,1.747484326E0
2.338907979E1,-2.498485088E0,-5.244923010E-2,1.856081367E0
2.339908079E1,-2.449483633E0,1.548488857E-3,2.019299030E0
2.340908279E1,-2.419606447E0,2.198641300E-1,2.138063908E0
2.341908379E1,-2.455112219E0,6.256737113E-1,2.111399651E0
2.342908479E1,-2.515496731E0,1.133520961E0,1.956961870E0
2.343908579E1,-2.559873819E0,1.644287586E0,1.753457189E0
2.344908779E1,-2.620864153E0,2.114003420E0,1.583814859E0
2.345908879E1,-2.647172213E0,2.236388445E0,1.452979922E0
2.346908979E1,-2.708363771E0,2.395951033E0,1.411567092E0
2.347909179E1,-2.653124094E0,2.246176720E0,1.380297422E0
2.348909279E1,-2.575501919E0,2.376652241E0,1.306587100E0
2.349909379E1,-2.414296865E0,2.411915541E0,1.145228863E0
2.350909579E1,-2.157742500E0,2.107482672E0,9.136956930E-1
2.351909679E1,-1.952119112E0,1.907275677E0,6.282298565E-1
2.352909779E1,-1.743672848E0,1.500812769E0,3.055313230E-1
2.353909979E1,-1.583002448E0,1.035781980E0,1.698153652E-2
2.354910079E1,-1.478258252E0,5.943908095E-1,-1.952426285E-1
2.355910179E1,-1.392018080E0,3.807509542E-1,-3.360266387E-1
2.356910379E1,-1.314993739E0,3.032717109E-1,-4.067139924E-1
2.357910479E1,-1.197556376E0,8.821371198E-2,-3.889999688E-1
2.358910579E1,-1.094569445E0,-1.154785827E-1,-3.534285426E-1
2.359910779E1,-1.007075310E0,-2.968853712E-1,-3.158611953E-1
2.360910879E1,-9.487654567E-1,-4.843712747E-1,-2.768124640E-1
2.361910979E1,-9.374539852E-1,-6.466270685E-1,-2.297921926E-1
2.362911179E1,-9.416739345E-1,-7.736849785E-1,-1.789885759E-1
2.363911279E1,-9.410222173E-1,-8.314439058E-1,-1.401969641E-1
2.364911379E1,-9.184467196E-1,-8.421832323E-1,-1.251403540E-1
2.365911579E1,-8.576065302E-1,-8.432021737E-1,-1.309292614E-1
2.366911679E1,-7.729526758E-1,-8.593085408E-1,-1.500289738E-1
2.367911779E1,-6.941534281E-1,-8.843315840E-1,-1.712205410E-1
2.368911979E1,-6.464886069E-1,-9.093119502E-1,-1.764660627E-1
2.369912079E1,-6.255620122E-1,-9.065462351E-1,-1.475079209E-1
2.370912179E1,-6.123851538E-1,-9.009869099E-1,-9.044350684E-2
2.371912379E1,-6.034420133E-1,-8.798701763E-1,-5.524090026E-3
2.372912479E1,-5.924475193E-1,-8.800383806E-1,9.949890524E-2
2.373912579E1,-5.895896554E-1,-8.383015394E-1,2.077832967E-1
2.374912779E1,-5.940759778E-1,-7.558163404E-1,3.089744151E-1
2.375912879E1,-5.709834695E-1,-6.229174137E-1,3.909233510E-1
2.376912979E1,-5.584850907E-1,-5.215017200E-1,4.688731432E-1
2.377913179E1,-5.301312208E-1,-4.387405515E-1,5.501664281E-1
2.378913279E1,-5.144461393E-1,-4.131514132E-1,6.304787397E-1
2.379913379E1,-4.827637970E-1,-3.029905558E-1,6.929447651E-1
2.380913579E1,-4.813435674E-1,-2.661701441E-1,7.668607831E-1
2.381913679E1,-4.985974133E-1,-2.454973608E-1,8.529751301E-1
2.382913779E1,-5.353740454E-1,-2.323737592E-1,9.537259936E-1
2.383913979E1,-5.941811800E-1,-1.906460077E-1,1.055330157E0
2.384914079E1,-6.708753109E-1,-9.677659720E-2,1.156890154E0
2.385914179E1,-7.236388922E-1,5.503701046E-3,1.254060388E0
2.386914379E1,-7.436283231E-1,1.006940529E-1,1.329235554E0
2.387914479E1,-7.056607008E-1,2.067608237E-1,1.368091345E0
2.388914579E1,-6.741921306E-1,2.311975211E-1,1.371853113E0
2.389914779E1,-6.215952039E-1,2.395521253E-1,1.348344564E0
2.390914879E1,-5.320504904E-1,2.112877071E-1,1.271077514E0
2.391914979E1,-3.726749718E-1,1.334991604E-1,1.106773257E0
2.392915079E1,-2.046540976E-1,-2.279068157E-2,8.144648671E-1
2.393915279E1,-8.417935669E-2,-2.847400010E-1,4.958251119E-1
2.394915379E1,-1.951611042E-2,-5.548810959E-1,2.875396311E-1
2.395915479E1,1.918228343E-2,-6.721086502E-1,2.545473278E-1
2.396915679E1,7.212714106E-2,-6.170762181E-1,3.763370514E-1
2.397915779E1,1.225290596E-1,-5.064623356E-1,6.114547253E-1
2.398915879E1,1.736427546E-1,-3.700572252E-1,8.737767935E-1
2.399916079E1,1.951187551E-1,-2.536203563E-1,1.073739171E0
2.400916179E1,1.887916327E-1,-1.161841005E-1,1.117348909E0
2.401916279E1,2.230870277E-1,2.887955168E-3,9.830540419E-1
2.402916479E1,2.701683939E-1,-2.769631147E-2,7.676560879E-1
2.403916579E1,3.339087367E-1,-1.735642999E-1,5.751430988E-1
2.404916679E1,4.124889970E-1,-3.984566629E-1,4.477483928E-1
2.405916879E1,4.698002338E-1,-6.968430877E-1,4.063881636E-1
2.406916979E1,5.027447939E-1,-9.503423572E-1,4.260390103E-1
2.407917079E1,5.093598366E-1,-1.144642591E0,4.612361491E-1
2.408917279E1,4.948753417E-1,-1.266821861E0,4.705332220E-1
2.409917379E1,5.298860669E-1,-1.336220622E0,4.114685655E-1
2.410917479E1,5.548821688E-1,-1.420153260E0,3.359894156E-1
2.411917679E1,5.783467293E-1,-1.403866172E0,2.433044761E-1
2.412917779E1,6.251509786E-1,-1.368401408E0,1.390294433E-1
2.413917879E1,6.560473442E-1,-1.333051682E0,5.495210737E-2
2.414918079E1,6.839279532E-1,-1.212544322E0,-6.528019439E-3
2.415918179E1,7.400865555E-1,-1.060001373E0,-7.946268469E-2
2.416918279E1,8.093333840E-1,-8.893890977E-1,-1.410466433E-1
2.417918479E1,8.533591628E-1,-7.507481575E-1,-1.643183976E-1
2.418918579E1,8.885280490E-1,-5.690227747E-1,-1.683048606E-1
2.419918679E1,9.401185513E-1,-3.548566997E-1,-2.097119689E-1
2.420918879E1,9.758177996E-1,-1.588528752E-1,-3.024937212E-1
2.421918979E1,9.995095730E-1,3.578051552E-2,-3.915737867E-1
2.422919079E1,9.912005663E-1,2.140586227E-1,-4.456915557E-1
2.423919279E1,9.615465403E-1,3.818409741E-1,-4.524932504E-1
2.424919379E1,9.235817194E-1,5.414087176E-1,-4.294565320E-1
2.425919479E1,8.805761933E-1,7.033350468E-1,-3.930007815E-1
2.426919679E1,8.566784263E-1,8.943393230E-1,-3.805969954E-1
2.427919779E1,8.488053083E-1,1.060258746E0,-3.919271231E-1
2.428919879E1,8.229601979E-1,1.116125941E0,-3.807260990E-1
2.429920079E1,7.651115060E-1,1.067499042E0,-3.221165836E-1
2.430920179E1,7.152600288E-1,9.348315597E-1,-2.205614746E-1
2.431920279E1,7.163934708E-1,7.264546156E-1,-9.045754373E-2
2.432920479E1,6.929399371E-1,4.468567073E-1,5.015268177E-2
2.433920579E1,6.647621393E-1,1.004148796E-1,1.701163650E-1
2.434920679E1,6.089322567E-1,-3.007886112E-1,2.752506137E-1
2.435920879E1,5.361134410E-1,-7.272980809E-1,3.803141713E-1
2.436920979E1,3.736049235E-1,-1.124919534E0,4.719793499E-1
2.437921079E1,2.604655921E-1,-1.503430724E0,5.109019876E-1
2.438921279E1,1.918123811E-1,-1.754226089E0,5.177616477E-1
2.439921379E1,1.451351494E-1,-1.756134868E0,5.171012282E-1
2.440921479E1,8.586072922E-2,-1.500415087E0,4.957341850E-1
2.441921679E1,7.872052491E-2,-1.207324862E0,4.293330610E-1
2.442921779E1,4.200319573E-2,-7.131398916E-1,3.394281566E-1
2.443921879E1,2.704395354E-2,-1.252151430E-1,2.338359356E-1
2.444922079E1,9.186136536E-3,4.735788107E-1,1.134458855E-1
2.445922179E1,-3.363642842E-2,9.471013546E-1,5.063490011E-3
2.446922279E1,-6.742658466E-2,1.253209472E0,-5.768374726E-2
2.447922479E1,-8.046808839E-2,1.481854916E0,-9.116154909E-2
2.448922579E1,-9.009409696E-2,1.585876822E0,-1.234886125E-1
2.449922679E1,-9.197136015E-2,1.549282074E0,-1.421360672E-1
2.450922879E1,-7.032098621E-2,1.462932944E0,-1.425204277E-1
2.451922979E1,-5.321790278E-2,1.314570308E0,-1.242540702E-1
2.452923079E1,-3.555991501E-2,1.103939056E0,-8.482713252E-2
2.453923279E1,-1.845656149E-2,8.481132388E-1,-3.122542799E-2
2.454923379E1,-1.253169030E-4,5.452054143E-1,2.451364137E-2
2.455923479E1,1.349994820E-2,2.458698601E-1,6.586641073E-2
2.456923679E1,2.156121470E-2,2.788110822E-2,8.841580153E-2
2.457923779E1,1.642850414E-2,-8.478951454E-2,8.398909122E-2
2.458923879E1,-1.163063385E-2,-1.053065285E-1,6.061872095E-2
2.459924079E1,-3.576925769E-2,-6.789498031E-2,3.072180785E-2
2.460924179E1,-6.507984549E-2,9.070496075E-3,-6.223795004E-3
2.461924279E1,-1.194757074E-1,1.122424155E-1,-4.711929709E-2
2.462924479E1,-1.854171008E-1,1.733630449E-1,-7.228956372E-2
2.463924579E1,-2.706646025E-1,2.240496576E-1,-6.871826202E-2
2.464924679E1,-3.517425954E-1,3.359130025E-1,-6.973414123E-2
2.465924879E1,-4.037258923E-1,4.501434267E-1,-1.065843031E-1
2.466924979E1,-4.648264647E-1,5.321275592E-1,-1.629516184E-1
2.467925079E1,-5.361061692E-1,5.420199037E-1,-1.948435158E-1
2.468925279E1,-6.104086041E-1,5.458287001E-1,-1.986346692E-1
2.469925379E1,-6.624963284E-1,5.549619794E-1,-1.941027641E-1
2.470925479E1,-7.019091845E-1,5.688899159E-1,-1.898534000E-1
2.471925679E1,-7.541593313E-1,6.227414012E-1,-1.990937740E-1
2.472925779E1,-7.883929610E-1,6.373592019E-1,-1.911493093E-1
2.473925879E1,-8.159662485E-1,6.000519991E-1,-1.507664770E-1
2.474926079E1,-8.249391317E-1,5.306097865E-1,-8.132868260E-2
2.475926179E1,-8.125903010E-1,4.400969148E-1,-1.745702885E-2
2.476926279E1,-7.738809586E-1,3.717503548E-1,1.289714873E-2
2.477926379E1,-7.069360614E-1,3.410124183E-1,-1.944294758E-2
2.478926579E1,-6.162252426E-1,3.132818937E-1,-1.207998767E-1
2.479926679E1,-5.265651345E-1,2.895874977E-1,-2.538013160E-1
2.480926779E1,-4.486658573E-1,2.570429146E-1,-3.774125576E-1
2.481926979E1,-4.421634972E-1,2.109345496E-1,-4.836670756E-1
2.482927079E1,-4.955154657E-1,1.400451958E-1,-5.621071458E-1
2.483927279E1,-6.032882929E-1,5.830319598E-2,-6.254386902E-1
2.484927379E1,-7.494629025E-1,-3.280273452E-2,-6.636745334E-1
2.485927479E1,-9.322851896E-1,-2.066448331E-1,-6.665414572E-1
2.486927579E1,-1.066515207E0,-4.783357680E-1,-6.086717248E-1
2.487927779E1,-1.118281722E0,-7.920199037E-1,-5.061877370E-1
2.488927879E1,-1.156447291E0,-1.102039814E0,-4.121533036E-1
2.489928079E1,-1.206689715E0,-1.407404065E0,-3.436560035E-1
2.490928179E1,-1.270754337E0,-1.608719349E0,-2.719368935E-1
2.491928279E1,-1.337961078E0,-1.565632343E0,-2.308877259E-1
2.492928379E1,-1.395727038E0,-1.338871837E0,-2.742870450E-1
2.493928579E1,-1.430477262E0,-1.119833231E0,-3.927207291E-1
2.494928679E1,-1.465624213E0,-9.609529972E-1,-5.217874646E-1
2.495928779E1,-1.534758568E0,-8.619955182E-1,-6.056163311E-1
2.496928979E1,-1.586403489E0,-7.944827676E-1,-6.313888431E-1
2.497929079E1,-1.613594890E0,-6.232984662E-1,-6.475337744E-1
2.498929179E1,-1.614748001E0,-3.204037249E-1,-6.958679557E-1
2.499929379E1,-1.587936640E0,-3.369738162E-2,-7.883816361E-1
2.500929479E1,-1.534712911E0,2.346135825E-1,-9.070234299E-1
2.501929579E1,-1.455883503E0,5.175400972E-1,-1.029920697E0
2.502929779E1,-1.375255704E0,8.708046675E-1,-1.167422414E0
2.503929879E1,-1.291682243E0,1.201893687E0,-1.319843411E0
2.504930079E1,-1.159223080E0,1.407824636E0,-1.451314211E0
2.505930179E1,-1.023873210E0,1.552041769E0,-1.589967966E0
2.506930279E1,-8.365032077E-1,1.615237832E0,-1.777978659E0
2.507930379E1,-6.182883382E-1,1.681333184E0,-1.998789310E0
2.508930579E1,-3.711405098E-1,1.765122652E0,-2.213561535E0
2.509930679E1,-1.136192381E-1,1.842558026E0,-2.407238960E0
2.510930917E1,1.243991256E-1,1.853738189E0,-2.568588257E0
2.511931017E1,3.056237698E-1,1.800603390E0,-2.705411911E0
2.512931117E1,4.586554468E-1,1.747487903E0,-2.838781118E0
2.513931317E1,5.756414533E-1,1.718293190E0,-2.977921963E0
2.514931417E1,6.877045631E-1,1.708526134E0,-3.118633747E0
2.515931517E1,8.123570085E-1,1.704406500E0,-3.253325462E0
2.516931617E1,9.360160232E-1,1.695374846E0,-3.366386414E0
2.517931817E1,1.076937795E0,1.687751174E0,-3.472623348E0
2.518931917E1,1.205262065E0,1.658254504E0,-3.558464289E0
2.519932017E1,1.317397118E0,1.613364816E0,-3.596196651E0
2.520932217E1,1.406836748E0,1.501840949E0,-3.574568272E0
2.521932317E1,1.480122685E0,1.349677801E0,-3.477350235E0
2.522932517E1,1.574181437E0,1.140836835E0,-3.369239092E0
2.523932617E1,1.670040607E0,9.251239300E-1,-3.295947075E0
2.524932717E1,1.754471302E0,7.625723481E-1,-3.259791374E0
2.525932917E1,1.863143802E0,5.025053024E-1,-3.235171080E0
2.526933017E1,1.939782858E0,3.299981058E-1,-3.205860615E0
2.527933117E1,1.976875663E0,1.673982590E-1,-3.188580275E0
2.528933317E1,1.957094073E0,8.859041333E-2,-3.177797556E0
2.529933417E1,1.927694440E0,-8.066088893E-3,-3.163087130E0
2.530933517E1,1.887990952E0,-3.208804876E-2,-3.162491083E0
2.531933717E1,1.820852399E0,-2.262849919E-2,-3.182393551E0
2.532933817E1,1.731961250E0,3.088861518E-2,-3.221790314E0
2.533933917E1,1.628220677E0,1.503505707E-1,-3.270818233E0
2.534934117E1,1.575968981E0,1.967454553E-1,-3.295658350E0
2.535934217E1,1.508895397E0,2.792086303E-1,-3.267178774E0
2.536934317E1,1.423797250E0,4.444521368E-1,-3.211405993E0
2.537934517E1,1.361948252E0,5.274974704E-1,-3.119965315E0
2.538934617E1,1.295055151E0,6.674807072E-1,-3.040107727E0
2.539934717E1,1.239258409E0,8.616619110E-1,-3.008927822E0
2.540934917E1,1.208344698E0,9.255623221E-1,-2.972719193E0
2.541935017E1,1.179635286E0,9.848075509E-1,-2.907298326E0
2.542935117E1,1.140809059E0,1.060769081E0,-2.839981556E0
2.543935317E1,1.116403222E0,1.051230907E0,-2.735066414E0
2.544935417E1,1.069001198E0,1.088341117E0,-2.622529268E0
2.545935517E1,1.022645950E0,1.080556154E0,-2.523080826E0
2.546935717E1,9.735248685E-1,1.096429825E0,-2.457062244E0
2.547935817E1,9.410902262E-1,9.356360435E-1,-2.419712305E0
2.548935917E1,8.960093260E-1,8.389396071E-1,-2.386015892E0
2.549936117E1,8.996397853E-1,7.052801251E-1,-2.361674309E0
2.550936217E1,9.462742209E-1,5.840058923E-1,-2.338913202E0
2.551936317E1,1.005455256E0,4.484504461E-1,-2.288303614E0
2.552936517E1,1.026687145E0,3.161976039E-1,-2.201508045E0
2.553936617E1,1.000911474E0,2.266916782E-1,-2.079924107E0
2.554936717E1,9.654455781E-1,1.533844024E-1,-1.936519265E0
2.555936917E1,9.150153995E-1,9.193301201E-2,-1.793893695E0
2.556937017E1,8.827618361E-1,3.194951266E-2,-1.677687407E0
2.557937117E1,8.428655267E-1,-1.422916539E-2,-1.587982774E0
2.558937317E1,7.902433872E-1,-3.672394156E-2,-1.514251828E0
2.559937417E1,7.294597030E-1,-3.046577610E-2,-1.449303985E0
2.560937517E1,6.564037800E-1,3.622737527E-2,-1.392931700E0
2.561937717E1,6.198366880E-1,1.480132937E-1,-1.352637529E0
2.562937817E1,5.883650780E-1,2.713973522E-1,-1.350206971E0
2.563937917E1,5.639806390E-1,3.852786422E-1,-1.370572090E0
2.564938117E1,5.500801802E-1,4.862527549E-1,-1.390951514E0
2.565938217E1,5.122451782E-1,5.605397820E-1,-1.388916612E0
2.566938317E1,4.797235131E-1,6.125059724E-1,-1.367444515E0
2.567938517E1,4.631780982E-1,6.588545442E-1,-1.358550191E0
2.568938617E1,4.314300716E-1,6.758225560E-1,-1.391877890E0
2.569938717E1,4.503600895E-1,6.801872253E-1,-1.459208488E0
2.570938917E1,4.954456985E-1,6.887976527E-1,-1.539828062E0
2.571939017E1,5.234726071E-1,4.521307647E-1,-1.566675425E0
2.572939117E1,5.976794362E-1,2.997376025E-1,-1.570138216E0
2.573939317E1,6.637167931E-1,8.304712176E-2,-1.568184853E0
2.574939417E1,6.768614054E-1,-1.238986701E-1,-1.595753670E0
2.575939517E1,6.394641995E-1,-3.402924836E-1,-1.667930841E0
2.576939717E1,6.071010232E-1,-5.485793352E-1,-1.768851399E0
2.577939817E1,6.047148108E-1,-7.280521989E-1,-1.887049198E0
2.578939917E1,6.466415524E-1,-8.733674288E-1,-1.974651814E0
2.579940117E1,6.797920465E-1,-9.701014161E-1,-2.014547348E0
2.580940217E1,6.898955703E-1,-1.088506341E0,-1.999122977E0
2.581940317E1,6.807393432E-1,-1.179985881E0,-1.936458111E0
2.582940517E1,6.300266981E-1,-1.206297040E0,-1.863038301E0
2.583940617E1,5.616777539E-1,-1.186096668E0,-1.830586076E0
2.584940817E1,4.727286696E-1,-1.175757527E0,-1.892871857E0
2.585940917E1,3.536204100E-1,-1.209474802E0,-2.001056194E0
2.586941017E1,2.266656756E-1,-1.316395640E0,-2.075245380E0
2.587941217E1,1.530814767E-1,-1.490078449E0,-2.097069979E0
2.588941317E1,1.260526478E-1,-1.618601203E0,-2.076403856E0
2.589941417E1,1.007099971E-1,-1.644388437E0,-2.038225889E0
2.590941617E1,6.252971478E-3,-1.606027007E0,-2.041157007E0
2.591941717E1,3.580127284E-2,-1.527599573E0,-2.007944345E0
2.592941817E1,1.038612872E-1,-1.378811479E0,-1.917569160E0
2.593942017E1,1.431415826E-1,-1.238916159E0,-1.843672037E0
2.594942117E1,1.857106537E-1,-1.043627262E0,-1.805672526E0
2.595942217E1,2.384953052E-1,-8.457313776E-1,-1.780252218E0
2.596942417E1,2.680572271E-1,-7.217768431E-1,-1.736151099E0
2.597942517E1,2.990814447E-1,-6.158089042E-1,-1.715806603E0
2.598942617E1,3.330579698E-1,-5.549252033E-1,-1.739800334E0
2.599942817E1,3.662758470E-1,-5.034324527E-1,-1.782201529E0
2.600942917E1,4.139378667E-1,-4.993731081E-1,-1.789126515E0
2.601943017E1,4.584185183E-1,-5.477278233E-1,-1.744877338E0
2.602943217E1,4.866470397E-1,-6.242973804E-1,-1.649564743E0
2.603943317E1,4.853168130E-1,-6.931062341E-1,-1.519513488E0
2.604943417E1,4.925792217E-1,-7.013438940E-1,-1.378636599E0
2.605943617E1,4.378400743E-1,-6.527110934E-1,-1.225955963E0
2.606943717E1,3.628283739E-1,-5.551938415E-1,-1.066629529E0
2.607943817E1,3.321008384E-1,-4.481776357E-1,-9.071884751E-1
2.608944017E1,3.305179477E-1,-3.650254011E-1,-7.759792209E-1
2.609944117E1,3.228096664E-1,-3.186746836E-1,-6.634412408E-1
2.610944237E1,3.017545044E-1,-2.814823687E-1,-5.642206073E-1
2.611944437E1,2.326779664E-1,-2.572654486E-1,-4.807230234E-1
2.612944537E1,1.527804434E-1,-2.151897252E-1,-3.903404176E-1
2.613944637E1,7.244540006E-2,-1.394305080E-1,-3.010123968E-1
2.614944837E1,-6.416751072E-3,-8.047170937E-2,-2.164528817E-1
2.615944938E1,-7.382029295E-2,-4.152110964E-2,-1.500876993E-1
2.616945137E1,-1.215662882E-1,-2.822068334E-2,-1.015649587E-1
2.617945237E1,-1.529785544E-1,-5.052305758E-2,-5.481450260E-2
2.618945337E1,-1.660037041E-1,-9.643264860E-2,-1.460905187E-3
2.619945537E1,-1.673254222E-1,-1.530282795E-1,4.818521068E-2
2.620945637E1,-1.755519360E-1,-2.018400431E-1,8.730358630E-2
2.621945738E1,-2.054254115E-1,-2.648214102E-1,1.411143392E-1
2.622945937E1,-2.509830296E-1,-3.365506530E-1,2.252590805E-1
2.623946037E1,-3.032616675E-1,-4.013096690E-1,3.271279037E-1
2.624946137E1,-3.540877104E-1,-4.508138299E-1,4.426759481E-1
2.625946337E1,-4.031884074E-1,-4.853089452E-1,5.593293309E-1
2.626946437E1,-4.477271736E-1,-5.056845546E-1,6.718669534E-1
2.627946538E1,-4.842284620E-1,-5.240201354E-1,7.705237865E-1
2.628946737E1,-5.046072602E-1,-5.385941863E-1,8.535928130E-1
2.629946837E1,-5.046935678E-1,-5.437394381E-1,9.077053070E-1
2.630946937E1,-4.951244295E-1,-5.472800136E-1,9.376276731E-1
2.631947137E1,-4.819748104E-1,-5.585422516E-1,9.754584432E-1
2.632947237E1,-4.680385590E-1,-5.861873031E-1,1.034047246E0
2.633947337E1,-4.554495215E-1,-6.203716397E-1,1.111626744E0
2.634947537E1,-4.493421614E-1,-6.566691399E-1,1.201734543E0
2.635947637E1,-4.512780309E-1,-6.915962696E-1,1.294496179E0
2.636947737E1,-4.550703168E-1,-7.160381079E-1,1.385390759E0
2.637947937E1,-4.713808596E-1,-7.236214280E-1,1.473656416E0
2.638948037E1,-5.012073517E-1,-7.004081011E-1,1.569029331E0
2.639948137E1,-5.535731316E-1,-6.402060390E-1,1.688440323E0
2.640948337E1,-6.044639945E-1,-5.257973075E-1,1.826907992E0
2.641948437E1,-6.098896265E-1,-3.431708217E-1,1.963257074E0
2.642948537E1,-6.087317467E-1,-1.512443721E-1,2.084075928E0
2.643948737E1,-6.051263809E-1,1.864746585E-2,2.195617437E0
2.644948837E1,-5.871564150E-1,1.831980646E-1,2.294597626E0
2.645948937E1,-5.336367488E-1,3.548606336E-1,2.366042376E0
2.646949137E1,-4.659929872E-1,5.193995833E-1,2.414991379E0
2.647949237E1,-4.160123765E-1,6.586964726E-1,2.462983847E0
2.648949437E1,-3.878362179E-1,7.666155696E-1,2.539126158E0
2.649949537E1,-3.850827813E-1,8.500638604E-1,2.652402401E0
2.650949637E1,-3.959623873E-1,9.073830843E-1,2.803162336E0
2.651949837E1,-4.081586003E-1,9.330762029E-1,2.966186285E0
2.652949937E1,-4.266258776E-1,9.313948750E-1,3.126942158E0
2.653950037E1,-4.465335310E-1,9.034063816E-1,3.266708136E0
2.654950237E1,-4.710897505E-1,8.417803049E-1,3.382631540E0
2.655950337E1,-4.922488332E-1,7.425293326E-1,3.478960514E0
2.656950437E1,-5.218076110E-1,6.242304444E-1,3.552297831E0
2.657950637E1,-5.564143062E-1,4.911959469E-1,3.576879025E0
2.658950737E1,-6.087504029E-1,3.326788843E-1,3.574981689E0
2.659950837E1,-6.948136687E-1,1.990263015E-1,3.565355539E0
2.660951037E1,-7.930104136E-1,1.012555137E-1,3.528406382E0
2.661951137E1,-8.547808528E-1,-2.619458735E-2,3.459853172E0
2.662951237E1,-8.739450574E-1,-1.876496077E-1,3.396376133E0
2.663951437E1,-8.530490994E-1,-3.321612477E-1,3.369667768E0
2.664951537E1,-7.835285664E-1,-4.383010268E-1,3.368714094E0
2.665951637E1,-6.933872104E-1,-5.191578269E-1,3.396270275E0
2.666951837E1,-6.426640153E-1,-5.326740742E-1,3.468779802E0
2.667951937E1,-7.056797743E-1,-4.237598777E-1,3.563116789E0
2.668952037E1,-8.655945063E-1,-1.572719961E-1,3.620429516E0
2.669952237E1,-1.020239353E0,2.027293295E-1,3.607048750E0
2.670952337E1,-1.104364157E0,5.211412311E-1,3.522365808E0
2.671952437E1,-1.119252563E0,6.941135526E-1,3.359199286E0
2.672952637E1,-1.092198014E0,8.516278267E-1,3.112776518E0
2.673952737E1,-1.086314559E0,9.524013400E-1,2.840004444E0
2.674952937E1,-1.096730947E0,1.259911299E0,2.583641529E0
2.675953037E1,-1.171137094E0,1.656025052E0,2.358021021E0
2.676953137E1,-1.297861934E0,2.159787893E0,2.140480518E0
2.677953337E1,-1.463711381E0,2.588110924E0,1.902076006E0
2.678953437E1,-1.630970001E0,2.842118025E0,1.627918124E0
2.679953537E1,-1.764966726E0,2.837686062E0,1.346709967E0
2.680953737E1,-1.837770462E0,2.641982555E0,1.110319972E0
2.681953837E1,-1.854655981E0,2.311717510E0,9.603741169E-1
2.682953937E1,-1.821038008E0,1.917437434E0,8.633500338E-1
2.683954137E1,-1.793785810E0,1.373864412E0,7.794072032E-1
2.684954237E1,-1.739645362E0,7.929653525E-1,6.596395373E-1
2.685954337E1,-1.660023570E0,2.203697264E-1,4.969118536E-1
2.686954537E1,-1.545973063E0,-2.927635908E-1,3.005505502E-1
2.687954637E1,-1.409285545E0,-7.117613554E-1,8.038835227E-2
2.688954737E1,-1.270113826E0,-1.014816046E0,-1.262945235E-1
2.689954937E1,-1.152495384E0,-1.222014308E0,-2.973469496E-1
2.690955037E1,-1.046697021E0,-1.327147603E0,-4.156017005E-1
2.691955137E1,-9.732308388E-1,-1.336349368E0,-4.826643467E-1
2.692955337E1,-9.140974283E-1,-1.267988205E0,-4.979303479E-1
2.693955437E1,-8.878796697E-1,-1.124913931E0,-4.999178648E-1
2.694955537E1,-8.679915667E-1,-9.445856214E-1,-5.265642405E-1
2.695955737E1,-8.723647594E-1,-7.262870669E-1,-5.937792063E-1
2.696955837E1,-8.858669996E-1,-4.964424968E-1,-6.749351621E-1
2.697955937E1,-8.767328858E-1,-2.279252857E-1,-7.444064021E-1
2.698956137E1,-8.485291004E-1,7.961873710E-2,-8.069705367E-1
2.699956237E1,-8.102232814E-1,3.745009601E-1,-8.656897545E-1
2.700956437E1,-7.749575973E-1,6.271097660E-1,-9.036759734E-1
2.701956537E1,-7.312319279E-1,8.239743710E-1,-9.143078327E-1
2.702956637E1,-6.590870023E-1,9.266306162E-1,-9.142272472E-1
2.703956837E1,-5.785293579E-1,1.007219076E0,-9.275296926E-1
2.704956937E1,-4.535418749E-1,9.854069352E-1,-9.500092268E-1
2.705957037E1,-3.096555471E-1,9.034726620E-1,-9.725126624E-1
2.706957237E1,-1.776181757E-1,8.583781719E-1,-9.848439097E-1
2.707957337E1,-4.405717552E-2,6.792313457E-1,-9.859853387E-1
2.708957437E1,3.193838149E-2,6.691794991E-1,-9.877543449E-1
2.709957637E1,6.671872735E-2,6.423931718E-1,-9.761453867E-1
2.710957700E1,3.823661432E-2,6.606636643E-1,-9.637365341E-1
2.711957800E1,-4.867138714E-2,7.504545450E-1,-9.386980534E-1
2.712958000E1,-1.395829022E-1,7.531399131E-1,-9.003505707E-1
2.713958100E1,-2.168792933E-1,7.910521030E-1,-8.726020455E-1
2.714958200E1,-3.013993502E-1,7.900548577E-1,-8.718810081E-1
2.715958400E1,-3.809580803E-1,7.739011645E-1,-9.024288058E-1
2.716958500E1,-4.507776201E-1,7.846993804E-1,-9.542160630E-1
2.717958600E1,-5.396558046E-1,8.802062273E-1,-9.993776679E-1
2.718958800E1,-6.255722046E-1,9.612021446E-1,-1.005628586E0
2.719958900E1,-6.957497001E-1,1.009313941E0,-9.614732862E-1
2.720959000E1,-7.374020219E-1,1.169147730E0,-9.163515568E-1
2.721959200E1,-7.190946341E-1,9.236380458E-1,-8.718150258E-1
2.722959300E1,-6.555916071E-1,6.348488331E-1,-8.434752822E-1
2.723959500E1,-5.455257893E-1,2.948475778E-1,-8.666743636E-1
2.724959600E1,-4.333695471E-1,-1.154062748E-1,-9.202743173E-1
2.725959700E1,-3.473619521E-1,-5.314042568E-1,-9.481677413E-1
2.726959900E1,-2.847715616E-1,-9.215379357E-1,-9.771400094E-1
2.727960000E1,-2.412837297E-1,-1.238898754E0,-1.010992408E0
2.728960100E1,-2.057996988E-1,-1.464614987E0,-1.084587812E0
2.729960300E1,-2.123984843E-1,-1.634977937E0,-1.029557824E0
2.730960400E1,-2.315454632E-1,-1.673834801E0,-1.025033355E0
2.731960500E1,-3.066383302E-1,-1.654443741E0,-8.951323032E-1
2.732960700E1,-3.815387785E-1,-1.405361056E0,-6.886242032E-1
2.733960800E1,-4.353889525E-1,-1.000276089E0,-6.201303601E-1
2.734960900E1,-4.469098747E-1,-5.946762562E-1,-7.070536613E-1
2.735961100E1,-4.367421865E-1,-2.668235004E-1,-7.974885106E-1
2.736961200E1,-3.899178803E-1,-2.734482847E-2,-8.354181647E-1
2.737961300E1,-2.993280590E-1,1.255334020E-1,-8.338477015E-1
2.738961500E1,-2.023870051E-1,1.991385669E-1,-8.057113290E-1
2.739961600E1,-1.199975908E-1,2.335380912E-1,-7.825311422E-1
2.740961700E1,-6.423351169E-2,2.493935674E-1,-7.892804742E-1
2.741961900E1,-2.915728092E-2,2.469130903E-1,-8.010953665E-1
2.742962000E1,-2.760937251E-2,2.141410857E-1,-7.874194384E-1
2.743962200E1,-4.745125771E-2,1.518721282E-1,-7.120764852E-1
2.744962300E1,-6.886551529E-2,6.708510220E-2,-5.948143005E-1
2.745962400E1,-8.246095479E-2,-3.317572549E-2,-4.829738140E-1
2.746962600E1,-8.338052779E-2,-1.533046961E-1,-3.909136355E-1
2.747962700E1,-6.605319679E-2,-2.852422297E-1,-3.455237746E-1
2.748962800E1,-3.990602866E-2,-4.295648038E-1,-3.284087181E-1
2.749963000E1,-2.323170938E-2,-5.712569952E-1,-3.145655990E-1
2.750963100E1,-2.229990996E-2,-7.090602517E-1,-2.899082601E-1
2.751963200E1,-1.562416367E-2,-8.495651484E-1,-2.485549450E-1
2.752963400E1,-8.534624241E-3,-9.909560680E-1,-2.122622430E-1
2.753963500E1,-7.448485121E-6,-1.125700355E0,-1.807796806E-1
2.754963600E1,-8.336003870E-3,-1.255377531E0,-1.573628336E-1
2.755963800E1,-3.262669593E-2,-1.374679446E0,-1.365406513E-1
2.756963900E1,-7.537063211E-2,-1.494562507E0,-1.212598979E-1
2.757964000E1,-1.220209524E-1,-1.603133082E0,-1.012481079E-1
2.758964200E1,-1.755037457E-1,-1.667849898E0,-9.242651612E-2
2.759964300E1,-2.322245538E-1,-1.649741411E0,-1.228355542E-1
2.760964500E1,-3.089480996E-1,-1.600742459E0,-1.566270739E-1
2.761964600E1,-4.101136029E-1,-1.578898907E0,-1.776971966E-1
2.762964700E1,-5.106586218E-1,-1.592877746E0,-1.742042601E-1
2.763964900E1,-6.008912921E-1,-1.577031970E0,-1.648315191E-1
2.764965000E1,-6.496867537E-1,-1.578519821E0,-1.619413644E-1
2.765965100E1,-6.702607274E-1,-1.563531518E0,-1.553998441E-1
2.766965300E1,-6.746134758E-1,-1.550769925E0,-1.495988071E-1
2.767965400E1,-6.804929376E-1,-1.502266765E0,-1.468552202E-1
2.768965500E1,-6.834347844E-1,-1.411954522E0,-1.502819657E-1
2.769965700E1,-6.996875405E-1,-1.265719771E0,-1.568170935E-1
2.770965800E1,-6.780917048E-1,-1.158036113E0,-1.573143750E-1
2.771965900E1,-6.452610493E-1,-1.039845586E0,-1.574800313E-1
2.772966100E1,-5.863042474E-1,-9.392433167E-1,-1.502711028E-1
2.773966200E1,-5.400933623E-1,-8.660830855E-1,-1.443511695E-1
2.774966300E1,-4.940227270E-1,-8.247995377E-1,-1.603684127E-1
2.775966500E1,-4.415645897E-1,-8.038431406E-1,-1.936233044E-1
2.776966600E1,-3.731675446E-1,-8.227208257E-1,-2.174744010E-1
2.777966700E1,-2.891490757E-1,-8.311353326E-1,-2.201095968E-1
2.778966900E1,-2.120057195E-1,-8.185398579E-1,-2.087543309E-1
2.779967000E1,-1.571137160E-1,-8.078592420E-1,-1.896970123E-1
2.780967200E1,-1.064748913E-1,-8.124571443E-1,-1.640943140E-1
2.781967300E1,-5.498826131E-2,-8.212522268E-1,-1.227458045E-1
2.782967400E1,1.473495970E-3,-8.056727052E-1,-7.022418827E-2
2.783967600E1,4.836270958E-2,-7.478227019E-1,-2.255813405E-2
2.784967700E1,9.115166962E-2,-6.533826590E-1,-7.293210365E-3
2.785967800E1,1.363314092E-1,-5.520874858E-1,-1.420358010E-2
2.786968000E1,1.699047834E-1,-4.366518259E-1,-2.635401860E-2
2.787968100E1,1.912332326E-1,-2.954888642E-1,-1.807744615E-2
2.788968200E1,2.201879025E-1,-9.764054418E-2,1.405703556E-2
2.789968400E1,2.818526030E-1,1.001345227E-4,5.123636127E-2
2.790968500E1,3.091277480E-1,1.047649458E-1,8.165030926E-2
2.791968600E1,3.144657910E-1,1.454913318E-1,1.165134832E-1
2.792968800E1,3.292797506E-1,1.682275683E-1,1.516780108E-1
2.793968900E1,3.460025191E-1,2.256796658E-1,1.996231675E-1
2.794969000E1,3.962090909E-1,2.422633171E-1,2.605396211E-1
2.795969200E1,4.145683944E-1,3.143662810E-1,3.233124614E-1
2.796969300E1,4.223612249E-1,4.052821994E-1,4.013919532E-1
2.797969500E1,4.454249740E-1,4.673506320E-1,4.724610746E-1
2.798969600E1,4.833677113E-1,4.689475894E-1,5.242450237E-1
2.799969700E1,5.185459256E-1,4.419868290E-1,5.758458972E-1
2.800969900E1,5.753923655E-1,3.255921602E-1,6.249798536E-1
2.801970000E1,5.845062733E-1,2.811780870E-1,6.375110745E-1
2.802970100E1,5.439184308E-1,2.514754236E-1,6.001515985E-1
2.803970300E1,5.053252578E-1,1.085172072E-1,5.333490968E-1
2.804970400E1,4.238740504E-1,-1.583531150E-3,4.571134150E-1
2.805970500E1,3.581655920E-1,-2.467946261E-1,4.226563871E-1
2.806970700E1,2.504092753E-1,-4.646081030E-1,4.075146616E-1
2.807970800E1,1.543045789E-1,-6.577194929E-1,4.078302681E-1
2.808970900E1,5.593232810E-2,-8.236203194E-1,3.817961514E-1
2.809971100E1,-3.179033473E-2,-9.518983960E-1,3.137249351E-1
2.810971200E1,-9.993706644E-2,-1.015930295E0,2.147742063E-1
2.811971300E1,-1.252578646E-1,-1.123859167E0,9.552264214E-2
2.812971500E1,-2.084383070E-1,-1.158903718E0,-3.259224817E-2
2.813971600E1,-2.908351719E-1,-1.187558532E0,-1.198187619E-1
2.814971800E1,-3.735391796E-1,-1.187477231E0,-1.702407300E-1
2.815971900E1,-4.148741066E-1,-1.283103347E0,-2.198562324E-1
2.816972000E1,-4.835231602E-1,-1.335453272E0,-2.805852890E-1
2.817972200E1,-5.603764057E-1,-1.410132289E0,-3.472106457E-1
2.818972300E1,-6.074117422E-1,-1.516910553E0,-4.018064439E-1
2.819972400E1,-6.857523322E-1,-1.611027241E0,-4.531599283E-1
2.820972600E1,-8.183888197E-1,-1.602665663E0,-4.918150306E-1
2.821972700E1,-9.412223101E-1,-1.736323595E0,-5.091409683E-1
2.822972800E1,-1.143535018E0,-1.702722311E0,-5.370987058E-1
2.823973000E1,-1.323729038E0,-1.674307704E0,-5.483886600E-1
2.824973100E1,-1.444648623E0,-1.602210879E0,-5.408176184E-1
2.825973200E1,-1.541266799E0,-1.478314877E0,-5.123748183E-1
2.826973400E1,-1.629446745E0,-1.296321034E0,-4.546595216E-1
2.827973500E1,-1.706563830E0,-1.071552634E0,-3.882520199E-1
2.828973600E1,-1.774311900E0,-8.269945383E-1,-3.259746134E-1
2.829973800E1,-1.850991726E0,-6.033103466E-1,-2.847065330E-1
2.830973900E1,-1.922253013E0,-4.347403646E-1,-2.486497015E-1
2.831974100E1,-1.983473301E0,-2.717479765E-1,-2.059480548E-1
2.832974200E1,-1.989184856E0,-2.391423285E-1,-1.720312834E-1
2.833974300E1,-1.991437078E0,-1.878271997E-1,-1.650431454E-1
2.834974500E1,-1.972154021E0,-1.682289392E-1,-1.688183099E-1
2.835974600E1,-1.934614658E0,-1.899638027E-1,-1.650557816E-1
2.836974700E1,-1.898448229E0,-2.404284328E-1,-1.442781687E-1
2.837974900E1,-1.870606422E0,-2.917885482E-1,-1.225995049E-1
2.838975000E1,-1.852618337E0,-3.503531814E-1,-1.059358045E-1
2.839975100E1,-1.837523580E0,-4.158925116E-1,-9.436943382E-2
2.840975300E1,-1.810340524E0,-5.772782564E-1,-1.196591482E-1
2.841975400E1,-1.870228648E0,-5.441642404E-1,-1.261862963E-1
2.842975500E1,-1.878951430E0,-6.017813683E-1,-1.201595217E-1
2.843975700E1,-1.868488193E0,-5.879701972E-1,-1.022127494E-1
2.844975800E1,-1.835397363E0,-5.110815167E-1,-6.633677334E-2
2.845976000E1,-1.807611227E0,-3.863470554E-1,-1.520248316E-2
2.846976100E1,-1.777227402E0,-2.197599858E-1,4.172297567E-2
2.847976200E1,-1.746681452E0,-4.219957814E-2,9.222768992E-2
2.848976400E1,-1.726983905E0,1.256620139E-1,1.237215400E-1
2.849976500E1,-1.711513638E0,2.989395261E-1,1.387862414E-1
2.850976600E1,-1.675829411E0,4.872505963E-1,1.537348330E-1
2.851976800E1,-1.627192020E0,6.871951222E-1,1.580299884E-1
2.852976900E1,-1.584800720E0,8.749080896E-1,1.445385516E-1
2.853977000E1,-1.556868672E0,1.034339547E0,1.174739078E-1
2.854977200E1,-1.544026256E0,1.156111121E0,8.116421103E-2
2.855977300E1,-1.531610966E0,1.240597248E0,7.636786252E-2
2.856977400E1,-1.510431767E0,1.278576016E0,1.132396460E-1
2.857977600E1,-1.471111536E0,1.281093836E0,1.864882857E-1
2.858977700E1,-1.415483475E0,1.275713086E0,2.578445077E-1
2.859977800E1,-1.370412946E0,1.267613053E0,3.032346070E-1
2.860978000E1,-1.333586693E0,1.279513478E0,3.293072283E-1
2.861978100E1,-1.299059272E0,1.304950118E0,3.555793166E-1
2.862978300E1,-1.275662541E0,1.327207565E0,3.754146993E-1
2.863978400E1,-1.262257576E0,1.339258909E0,3.796365857E-1
2.864978500E1,-1.268758178E0,1.335402608E0,3.672833741E-1
2.865978700E1,-1.289926052E0,1.338428497E0,3.402046263E-1
2.866978800E1,-1.314096928E0,1.375089169E0,2.893248498E-1
2.867978900E1,-1.334169745E0,1.467005253E0,2.167142928E-1
2.868979100E1,-1.345108867E0,1.595623374E0,1.359173059E-1
2.869979200E1,-1.352878809E0,1.737341046E0,6.620666385E-2
2.870979300E1,-1.354602695E0,1.847971439E0,7.289836649E-4
2.871979500E1,-1.339348912E0,1.906448364E0,-8.786878735E-2
2.872979600E1,-1.355203390E0,1.861896873E0,-1.646463424E-1
2.873979800E1,-1.344522834E0,1.753053427E0,-2.147561014E-1
2.874979900E1,-1.306953073E0,1.603511453E0,-2.463957667E-1
2.875980000E1,-1.251352072E0,1.436339498E0,-2.557101846E-1
2.876980200E1,-1.166263223E0,1.247419953E0,-2.453527600E-1
2.877980300E1,-1.093776226E0,1.058542490E0,-1.902735382E-1
2.878980400E1,-1.012810230E0,8.696491718E-1,-1.349101961E-1
2.879980600E1,-9.634062648E-1,7.235555649E-1,-7.100445777E-2
2.880980700E1,-9.474717379E-1,6.270316243E-1,7.097261958E-3
2.881980800E1,-9.431645870E-1,5.683427453E-1,7.379320264E-2
2.882981000E1,-9.479860067E-1,5.629462004E-1,1.103820503E-1
2.883981100E1,-9.620435238E-1,6.027317047E-1,1.182405055E-1
2.884981200E1,-9.837602377E-1,6.979704499E-1,1.111999974E-1
2.885981400E1,-1.011421442E0,8.058561683E-1,8.818575740E-2
2.886981500E1,-1.031334996E0,9.355599880E-1,5.398143083E-2
2.887981700E1,-1.037162781E0,1.051087141E0,1.369845588E-2
2.888981800E1,-1.035144925E0,1.126367092E0,-3.077934310E-2
2.889981900E1,-1.033948898E0,1.137663960E0,-8.230005950E-2
2.890982100E1,-1.009155631E0,1.088027477E0,-1.441663802E-1
2.891982200E1,-1.001819968E0,1.008114219E0,-1.639565974E-1
2.892982300E1,-9.479131699E-1,8.880771995E-1,-2.329692394E-1
2.893982500E1,-9.011288881E-1,7.072451115E-1,-3.249870539E-1
2.894982600E1,-8.836547136E-1,4.392647445E-1,-3.142712414E-1
2.895982700E1,-8.131397963E-1,3.635167181E-1,-2.437970638E-1
2.896982900E1,-6.881508827E-1,3.323398829E-1,-1.721344590E-1
2.897983000E1,-5.136229992E-1,1.856657863E-1,-1.000815779E-1
2.898983100E1,-3.625362515E-1,1.222140640E-1,-9.088055789E-2
2.899983300E1,-2.256138176E-1,1.408354044E-1,-1.697386205E-1
2.900983400E1,-1.131384224E-1,1.603531241E-1,-2.709038556E-1
2.901983600E1,-2.913405932E-2,2.251670212E-1,-3.566075861E-1
2.902983700E1,4.021528736E-2,3.130320013E-1,-4.406086504E-1
2.903983800E1,9.166090190E-2,4.059595466E-1,-4.893175960E-1
2.904984000E1,1.286147088E-1,4.863260090E-1,-5.272076130E-1
2.905984100E1,1.640304923E-1,5.604023337E-1,-5.682626367E-1
2.906984200E1,2.079746276E-1,6.226387024E-1,-5.882445574E-1
2.907984400E1,2.693349123E-1,6.017557979E-1,-5.575755835E-1
2.908984500E1,3.501103222E-1,4.851196408E-1,-4.834043086E-1
2.909984600E1,4.436743557E-1,3.237422109E-1,-4.177099764E-1
2.910984850E1,5.321848989E-1,1.759479344E-1,-3.699758947E-1
2.911984950E1,6.074407697E-1,6.110071018E-2,-3.385977149E-1
2.912985050E1,6.702948213E-1,-2.521623671E-2,-2.955418527E-1
2.913985250E1,7.328402400E-1,-7.085296512E-2,-2.365512252E-1
2.914985350E1,7.827878594E-1,-7.531758398E-2,-1.895629764E-1
2.915985550E1,8.228649497E-1,-4.971315339E-2,-1.631934196E-1
2.916985650E1,8.428979516E-1,-3.073506989E-3,-1.534889340E-1
2.917985750E1,8.423339128E-1,6.841159612E-2,-1.390157193E-1
2.918985950E1,8.319272399E-1,1.478812248E-1,-1.154439226E-1
2.919986050E1,8.187805414E-1,2.300421447E-1,-9.112766385E-2
2.920986150E1,8.124125004E-1,3.061201572E-1,-7.090587914E-2
2.921986350E1,8.278300762E-1,3.860762417E-1,-4.989886284E-2
2.922986450E1,8.653954268E-1,4.551161528E-1,-2.199649625E-2
2.923986550E1,9.112931490E-1,4.792752862E-1,1.333805919E-2
2.924986750E1,9.626844525E-1,4.478957951E-1,6.594987959E-2
2.925986850E1,1.012781978E0,3.980360925E-1,1.306836009E-1
2.926987050E1,1.065580726E0,3.751048744E-1,2.068528533E-1
2.927987150E1,1.134788275E0,3.918606937E-1,2.809691429E-1
2.928987250E1,1.221322775E0,3.899416625E-1,3.420467675E-1
2.929987450E1,1.335461617E0,3.002405465E-1,3.823643625E-1
2.930987550E1,1.477985978E0,1.278626025E-1,4.151590466E-1
2.931987650E1,1.632501483E0,-7.533898205E-2,4.681453109E-1
2.932987850E1,1.774397373E0,-2.605575323E-1,5.563716292E-1
2.933987950E1,1.893146157E0,-3.402890861E-1,6.715312004E-1
2.934988050E1,2.004034758E0,-2.985796928E-1,7.947172523E-1
2.935988250E1,2.112526655E0,-2.499485016E-1,9.172556400E-1
2.936988350E1,2.221515179E0,-2.382637411E-1,1.040059805E0
2.937988450E1,2.341099977E0,-2.291197777E-1,1.174484372E0
2.938988650E1,2.476394415E0,-2.028780580E-1,1.303021073E0
2.939988750E1,2.618412018E0,-1.675043553E-1,1.414101839E0
2.940988950E1,2.759393215E0,-1.184906960E-1,1.511201978E0
2.941989050E1,2.885397673E0,-8.927341551E-2,1.578080058E0
2.942989150E1,2.990666628E0,-1.122621819E-1,1.622433066E0
2.943989350E1,3.068738937E0,-2.004064173E-1,1.659065366E0
2.944989450E1,3.137466192E0,-3.368123472E-1,1.706378937E0
2.945989550E1,3.216444969E0,-4.872055650E-1,1.785251856E0
2.946989750E1,3.292733431E0,-6.576141715E-1,1.896810770E0
2.947989850E1,3.357672453E0,-7.780876160E-1,2.020026684E0
2.948989950E1,3.415972471E0,-8.425485492E-1,2.120120764E0
2.949990150E1,3.458837509E0,-8.546984792E-1,2.173960209E0
2.950990250E1,3.496457815E0,-7.954822779E-1,2.178523302E0
2.951990450E1,3.520695448E0,-6.686023474E-1,2.149967432E0
2.952990550E1,3.530429363E0,-5.012075305E-1,2.128926992E0
2.953990650E1,3.551617384E0,-2.848512232E-1,2.139710903E0
2.954990850E1,3.588126898E0,-4.729524627E-2,2.197718859E0
2.955990950E1,3.657378197E0,1.890381873E-1,2.301547527E0
2.956991050E1,3.759780169E0,5.058191419E-1,2.408661366E0
2.957991250E1,3.866170406E0,5.603913069E-1,2.506757975E0
2.958991350E1,3.964120388E0,6.715126038E-1,2.575594902E0
2.959991450E1,4.044757843E0,7.291809320E-1,2.660903931E0
2.960991650E1,4.120938778E0,7.341713905E-1,2.759750843E0
2.961991750E1,4.169147015E0,7.319518924E-1,2.843432426E0
2.962991950E1,4.176870346E0,7.708558440E-1,2.850219011E0
2.963992050E1,4.221567631E0,7.841215730E-1,2.777632236E0
2.964992150E1,4.274266720E0,7.654743195E-1,2.677174330E0
2.965992350E1,4.326666355E0,6.757862568E-1,2.604734182E0
2.966992450E1,4.409235477E0,5.623836517E-1,2.545073271E0
2.967992550E1,4.541037083E0,4.535959363E-1,2.485654116E0
2.968992750E1,4.687555790E0,4.081006348E-1,2.417827845E0
2.969992850E1,4.816323757E0,3.962887228E-1,2.339919806E0
2.970992950E1,4.932603359E0,3.774137795E-1,2.252707481E0
2.971993150E1,5.063349724E0,2.863392830E-1,2.162209749E0
2.972993250E1,5.225669384E0,1.437470317E-1,2.056929350E0
2.973993450E1,5.407813072E0,-4.166703299E-2,1.933904171E0
2.974993550E1,5.582240105E0,-2.412074953E-1,1.784804463E0
2.975993650E1,5.723365784E0,-3.920380473E-1,1.630962729E0
2.976993850E1,5.788048744E0,-4.728525877E-1,1.478603959E0
2.977993950E1,5.771864891E0,-4.862591922E-1,1.330893636E0
2.978994050E1,5.692824364E0,-4.542777836E-1,1.195472479E0
2.979994250E1,5.565756321E0,-4.108818471E-1,1.099165201E0
2.980994350E1,5.433178902E0,-3.331270218E-1,1.056845188E0
2.981994450E1,5.327167988E0,-2.289372385E-1,1.079623222E0
2.982994650E1,5.198448658E0,2.929226682E-2,1.169393063E0
2.983994750E1,5.086353302E0,2.614200413E-1,1.325184226E0
2.984994850E1,4.997577667E0,5.226542950E-1,1.521399736E0
2.985995050E1,4.935092449E0,7.277802825E-1,1.704292536E0
2.986995150E1,4.853172302E0,8.541385531E-1,1.841199994E0
2.987995350E1,4.740396500E0,8.988695145E-1,1.910135984E0
2.988995450E1,4.610377312E0,8.774734139E-1,1.897442579E0
2.989995550E1,4.481990337E0,8.642966151E-1,1.816251040E0
2.990995750E1,4.343588829E0,8.035560846E-1,1.726738214E0
2.991995850E1,4.175957203E0,6.966336370E-1,1.662087560E0
2.992995950E1,3.984393835E0,6.269038320E-1,1.620477319E0
2.993996150E1,3.761974335E0,6.056118608E-1,1.574770570E0
2.994996250E1,3.521064043E0,5.761708617E-1,1.520334482E0
2.995996350E1,3.327975750E0,4.567515850E-1,1.459627986E0
2.996996550E1,3.193282127E0,2.501175404E-1,1.399948835E0
2.997996650E1,3.082379341E0,-3.280069679E-2,1.339121938E0
2.998996850E1,2.997035980E0,-3.315431476E-1,1.287344694E0
2.999996950E1,2.919325352E0,-5.312112570E-1,1.231554151E0
3.000997050E1,2.830899954E0,-6.117702723E-1,1.154258370E0
3.001997250E1,2.716920614E0,-6.423180699E-1,1.059054136E0
3.002997350E1,2.678413630E0,-8.443858027E-1,9.976519942E-1
3.003997450E1,2.659839153E0,-1.161616445E0,1.037406921E0
3.004997650E1,2.611809015E0,-1.416607022E0,1.127698064E0
3.005997750E1,2.618596792E0,-1.499565840E0,1.198366880E0
3.006997850E1,2.561227322E0,-1.406913161E0,1.225490332E0
3.007998050E1,2.453229427E0,-1.070067525E0,1.180636644E0
3.008998150E1,2.295474768E0,-5.766370296E-1,1.049211860E0
3.009998350E1,2.111413002E0,-1.210343391E-1,8.677234054E-1
3.010998450E1,1.949080944E0,2.521243393E-1,6.831155419E-1
3.011998462E1,1.800145268E0,4.504238367E-1,5.332527757E-1
3.012998662E1,1.651728392E0,5.572960973E-1,4.418841600E-1
3.013998762E1,1.454660416E0,6.608773470E-1,3.945576549E-1
3.014998862E1,1.202327609E0,7.757156491E-1,3.604005873E-1
3.015999062E1,9.335451722E-1,8.590278625E-1,3.202584982E-1
3.016999162E1,6.715128422E-1,8.187894821E-1,2.700992823E-1
3.017999262E1,4.801084995E-1,6.466587186E-1,2.212212235E-1
3.018999462E1,3.588891029E-1,4.175603986E-1,1.798167527E-1
3.019999562E1,2.386047542E-1,2.198902071E-1,1.451692879E-1
3.020999762E1,9.379791468E-2,1.321994960E-1,1.172674894E-1
3.021999862E1,-6.631398946E-2,1.724246740E-1,8.276490867E-2
3.022999962E1,-2.171033472E-1,3.256985545E-1,3.617122024E-2
3.024000162E1,-3.635143638E-1,4.068956673E-1,-2.317919023E-2
3.025000262E1,-4.546923339E-1,4.737004638E-1,-8.919484913E-2
3.026000362E1,-5.346367359E-1,4.925327599E-1,-1.529194862E-1
3.027000562E1,-6.173911095E-1,5.074989200E-1,-2.152975202E-1
3.028000662E1,-7.194868326E-1,5.415940285E-1,-2.604404986E-1
3.029000762E1,-8.465152383E-1,6.018535495E-1,-2.846091092E-1
3.030000962E1,-1.011810541E0,6.817049384E-1,-2.984431684E-1
3.031001062E1,-1.224429846E0,7.440547347E-1,-3.067314327E-1
3.032001262E1,-1.484768152E0,7.535265088E-1,-3.183734417E-1
3.033001362E1,-1.750578642E0,7.146016359E-1,-3.281372190E-1
3.034001462E1,-1.963589787E0,6.443069577E-1,-3.493388891E-1
3.035001662E1,-2.106664896E0,5.468484759E-1,-4.102568030E-1
3.036001762E1,-2.253441095E0,4.110786617E-1,-5.005595088E-1
3.037001862E1,-2.443479300E0,2.508223951E-1,-5.822733045E-1
3.038002062E1,-2.680537224E0,9.011156857E-2,-6.075853109E-1
3.039002162E1,-2.976663351E0,-5.113591254E-2,-5.879030228E-1
3.040002262E1,-3.298442125E0,-1.792621911E-1,-5.357444882E-1
3.041002462E1,-3.560554981E0,-2.950137854E-1,-4.675134420E-1
3.042002562E1,-3.735991478E0,-3.842717409E-1,-4.639019370E-1
3.043002762E1,-3.860051394E0,-4.569006860E-1,-5.520231724E-1
3.044002862E1,-3.960602283E0,-4.992875755E-1,-6.549684405E-1
3.045002962E1,-4.060076237E0,-5.151216984E-1,-7.081477046E-1
3.046003162E1,-4.194384575E0,-4.684716463E-1,-7.076257467E-1
3.047003262E1,-4.380436420E0,-3.751403987E-1,-6.722121835E-1
3.048003362E1,-4.574789524E0,-2.940303683E-1,-6.280961633E-1
3.049003562E1,-4.762321472E0,-2.401185632E-1,-6.088685989E-1
3.050003662E1,-4.904726028E0,-2.105180621E-1,-6.218994260E-1
3.051003862E1,-4.963799953E0,-1.974536628E-1,-6.547377706E-1
3.052003963E1,-4.961716652E0,-1.317026019E-1,-7.035130858E-1
3.053004062E1,-4.900372505E0,-5.238789320E-2,-7.568632960E-1
3.054004262E1,-4.842782974E0,8.563708514E-2,-8.130863309E-1
3.055004362E1,-4.769582748E0,2.136005014E-1,-8.969275951E-1
3.056004462E1,-4.625494957E0,2.679297924E-1,-1.016527534E0
3.057004662E1,-4.376535416E0,2.342525125E-1,-1.141993999E0
3.058004763E1,-4.056977749E0,1.943287998E-1,-1.252271056E0
3.059004862E1,-3.717684746E0,2.113569528E-1,-1.409820557E0
3.060005062E1,-3.382092237E0,3.020565212E-1,-1.655700922E0
3.061005162E1,-3.120910168E0,4.822576344E-1,-1.906416297E0
3.062005362E1,-2.979993343E0,7.677652836E-1,-2.054435730E0
3.063005462E1,-2.900769234E0,1.119561315E0,-2.066416502E0
3.064005563E1,-2.796580315E0,1.390454412E0,-1.957607031E0
3.065005762E1,-2.627724409E0,1.491964936E0,-1.778531432E0
3.066005862E1,-2.411898851E0,1.451548338E0,-1.618028283E0
3.067005962E1,-2.169775009E0,1.324134588E0,-1.543819904E0
3.068006162E1,-1.931960344E0,1.164561749E0,-1.567659497E0
3.069006262E1,-1.728524566E0,1.029143691E0,-1.634066343E0
3.070006363E1,-1.574413538E0,9.512931108E-1,-1.687172651E0
3.071006562E1,-1.445248842E0,9.286639094E-1,-1.705923557E0
3.072006662E1,-1.324627876E0,9.630751014E-1,-1.703918457E0
3.073006862E1,-1.201523066E0,1.052508950E0,-1.714676499E0
3.074006962E1,-1.084290624E0,1.200112820E0,-1.752514958E0
3.075007062E1,-9.833890796E-1,1.442953706E0,-1.815749407E0
3.076007262E1,-9.238149524E-1,1.795934916E0,-1.919964552E0
3.077007362E1,-9.075604081E-1,2.208840370E0,-2.045531511E0
3.078007462E1,-9.191257358E-1,2.569936514E0,-2.180040121E0
3.079007662E1,-9.289446473E-1,2.821626663E0,-2.282414675E0
3.080007762E1,-8.826362491E-1,2.963129759E0,-2.348453999E0
3.081007962E1,-7.446831465E-1,2.979958773E0,-2.378340483E0
3.082008062E1,-5.179919004E-1,2.829414845E0,-2.383972883E0
3.083008162E1,-2.465541065E-1,2.550460339E0,-2.382245541E0
3.084008362E1,6.307512522E-2,2.131276131E0,-2.396869421E0
3.085008462E1,3.605976403E-1,1.624205589E0,-2.420150042E0
3.086008562E1,6.329053044E-1,1.026936531E0,-2.460628510E0
3.087008762E1,8.712313175E-1,5.755953789E-1,-2.546868801E0
3.088008862E1,1.065541387E0,5.545124784E-2,-2.663622379E0
3.089008962E1,1.217578888E0,-2.918073237E-1,-2.823194742E0
3.090009162E1,1.289818764E0,-5.711479187E-1,-2.968520164E0
3.091009262E1,1.316910028E0,-7.651206851E-1,-3.057964563E0
3.092009462E1,1.300977826E0,-8.657969832E-1,-3.111682653E0
3.093009562E1,1.261480093E0,-8.740916252E-1,-3.142724514E0
3.094009662E1,1.209629059E0,-8.395363092E-1,-3.158540726E0
3.095009862E1,1.169038773E0,-8.081866503E-1,-3.151216030E0
3.096009962E1,1.130973458E0,-7.382019758E-1,-3.124163628E0
3.097010062E1,1.087031007E0,-6.250918508E-1,-3.071613073E0
3.098010262E1,1.079783559E0,-5.655230284E-1,-3.037007332E0
3.099010362E1,1.054786325E0,-5.171838403E-1,-3.005714655E0
3.100010562E1,1.044213057E0,-4.567702711E-1,-3.001236200E0
3.101010662E1,1.053140521E0,-4.542596936E-1,-3.054325342E0
3.102010762E1,1.060482144E0,-5.528959632E-1,-3.149068117E0
3.103010962E1,1.044114709E0,-7.353685498E-1,-3.222837210E0
3.104011062E1,1.006594300E0,-9.585616589E-1,-3.219971657E0
3.105011162E1,9.625998735E-1,-1.167262316E0,-3.128939867E0
3.106011362E1,9.306211472E-1,-1.341428041E0,-2.975665808E0
3.107011462E1,8.761023879E-1,-1.501929402E0,-2.791586399E0
3.108011562E1,7.474442720E-1,-1.651342273E0,-2.605185032E0
3.109011762E1,5.788238645E-1,-1.767857432E0,-2.426724911E0
3.110011862E1,4.145017862E-1,-1.799572110E0,-2.279530048E0
3.111012063E1,2.478134334E-1,-1.803167462E0,-2.175633192E0
3.112012212E1,9.790810198E-2,-1.735586047E0,-2.108360291E0
3.113012312E1,-4.253835231E-2,-1.615736485E0,-2.065478325E0
3.114012512E1,-1.658941209E-1,-1.485291958E0,-2.063858986E0
3.115012612E1,-2.619639337E-1,-1.261508822E0,-2.142597675E0
3.116012712E1,-3.582670391E-1,-1.114461422E0,-2.246756315E0
3.117012912E1,-3.570960760E-1,-8.639165759E-1,-2.331064701E0
3.118013012E1,-2.950974107E-1,-6.494668722E-1,-2.385318041E0
3.119013212E1,-2.469152212E-1,-5.001631975E-1,-2.405448198E0
3.120013312E1,-2.078706175E-1,-4.994358718E-1,-2.431964636E0
3.121013412E1,-1.888226271E-1,-5.810222030E-1,-2.476089001E0
3.122013612E1,-1.966230273E-1,-7.911658883E-1,-2.467857599E0
3.123013712E1,-1.327655911E-1,-1.063037157E0,-2.390452147E0
3.124013812E1,-2.382499352E-2,-1.408287048E0,-2.280934811E0
3.125014012E1,6.338466704E-2,-1.836717010E0,-2.150985479E0
3.126014112E1,1.297330558E-1,-2.169749260E0,-2.006521225E0
3.127014312E1,1.376919597E-1,-2.361481905E0,-1.859769821E0
3.128014412E1,1.229960993E-1,-2.383061171E0,-1.737020373E0
3.129014512E1,8.692350239E-2,-2.253614426E0,-1.611728072E0
3.130014712E1,3.863799572E-2,-2.019419670E0,-1.475330830E0
3.131014812E1,1.115316059E-3,-1.727363586E0,-1.336690187E0
3.132014912E1,-2.512560971E-2,-1.394968629E0,-1.155009627E0
3.133015112E1,-4.836244881E-2,-1.032887459E0,-9.488941431E-1
3.134015212E1,-5.739003420E-2,-6.529030800E-1,-7.559603453E-1
3.135015412E1,-6.181815639E-2,-2.968127131E-1,-5.849189758E-1
3.136015512E1,-9.586773068E-2,-3.408557270E-3,-4.077908099E-1
3.137015612E1,-1.390634775E-1,1.961677521E-1,-2.208643556E-1
3.138015812E1,-1.633488387E-1,2.664038241E-1,-3.274318948E-2
3.139015912E1,-1.514433026E-1,2.153294533E-1,1.278847009E-1
3.140016012E1,-1.255395263E-1,6.855573505E-2,2.538093328E-1
3.141016212E1,-1.071957499E-1,-1.353266090E-1,3.582437634E-1
3.142016312E1,-9.170068055E-2,-3.459714949E-1,4.601653516E-1
3.143016512E1,-7.712405175E-2,-5.479564071E-1,5.602074265E-1
3.144016612E1,-6.682214886E-2,-7.292745113E-1,6.525538564E-1
3.145016712E1,-8.022857457E-2,-8.688731790E-1,7.359215617E-1
3.146016912E1,-1.219017208E-1,-9.638564587E-1,8.202111721E-1
3.147017012E1,-1.757284254E-1,-1.016220212E0,9.159531593E-1
3.148017112E1,-2.284749895E-1,-1.024788380E0,1.014952421E0
3.149017312E1,-2.823718488E-1,-1.003836513E0,1.092262030E0
3.150017412E1,-3.198654354E-1,-9.816145897E-1,1.126684546E0
3.151017612E1,-3.447848856E-1,-9.924156070E-1,1.118676662E0
3.152017712E1,-3.593534529E-1,-1.059140325E0,1.097134352E0
3.153017812E1,-3.690941036E-1,-1.165839434E0,1.082930446E0
3.154018012E1,-3.706046343E-1,-1.285503507E0,1.095193028E0
3.155018112E1,-3.520380259E-1,-1.376090407E0,1.133225799E0
3.156018212E1,-3.207488060E-1,-1.436584473E0,1.194408417E0
3.157018412E1,-2.854643762E-1,-1.458305120E0,1.277734399E0
3.158018512E1,-2.618490756E-1,-1.454149246E0,1.373383641E0
3.159018712E1,-2.601871192E-1,-1.443819642E0,1.472382903E0
3.160018812E1,-2.749130726E-1,-1.435493588E0,1.569483042E0
3.161018912E1,-2.914602458E-1,-1.420212746E0,1.657196045E0
3.162019112E1,-3.004449606E-1,-1.389280915E0,1.747629523E0
3.163019212E1,-2.972094715E-1,-1.328302622E0,1.839982033E0
3.164019313E1,-2.898317277E-1,-1.249057293E0,1.950675488E0
3.165019512E1,-2.849818170E-1,-1.151625395E0,2.074074745E0
3.166019612E1,-2.886056006E-1,-1.026230216E0,2.203627348E0
3.167019812E1,-3.188575506E-1,-8.730558157E-1,2.338462353E0
3.168019912E1,-3.826514482E-1,-6.904974580E-1,2.482422590E0
3.169020012E1,-4.728517532E-1,-4.877758920E-1,2.625806570E0
3.170020212E1,-5.801236629E-1,-3.121015429E-1,2.756955624E0
3.171020312E1,-6.909263730E-1,-2.026011497E-1,2.873492002E0
3.172020412E1,-7.920609713E-1,-1.608081609E-1,2.980046988E0
3.173020612E1,-8.769658804E-1,-1.721997559E-1,3.088366747E0
3.174020712E1,-9.294277430E-1,-1.992127299E-1,3.196938276E0
3.175020812E1,-9.643568397E-1,-2.174591422E-1,3.302417278E0
3.176021012E1,-1.012185097E0,-2.219084799E-1,3.393150091E0
3.177021112E1,-1.083942175E0,-2.079792172E-1,3.482796907E0
3.178021312E1,-1.191717863E0,-2.062854469E-1,3.569540739E0
3.179021412E1,-1.320130587E0,-2.227564752E-1,3.649481297E0
3.180021512E1,-1.449684262E0,-2.742859721E-1,3.746471882E0
3.181021712E1,-1.552693725E0,-3.074765503E-1,3.845582485E0
3.182021812E1,-1.623681664E0,-2.522894442E-1,3.892259359E0
3.183021912E1,-1.730158925E0,-2.148987800E-1,3.868012667E0
3.184022112E1,-1.862769365E0,-2.563588619E-1,3.781758785E0
3.185022212E1,-2.010427475E0,-3.663626909E-1,3.673981905E0
3.186022412E1,-2.179831982E0,-4.144327641E-1,3.568865299E0
3.187022512E1,-2.374891520E0,-3.573812842E-1,3.492691994E0
3.188022612E1,-2.579548836E0,-2.047467530E-1,3.438556194E0
3.189022812E1,-2.777338505E0,8.164333552E-2,3.394714832E0
3.190022912E1,-2.958710909E0,4.271365702E-1,3.358011723E0
3.191023012E1,-3.088454485E0,7.160550356E-1,3.310949087E0
3.192023212E1,-3.180300236E0,8.259522319E-1,3.240018368E0
3.193023312E1,-3.225825548E0,7.737301588E-1,3.138932467E0
3.194023512E1,-3.208063602E0,6.184790730E-1,2.974863291E0
3.195023612E1,-3.142307520E0,4.521186948E-1,2.757108212E0
3.196023712E1,-3.025417805E0,3.665941954E-1,2.474571228E0
3.197023912E1,-2.915777922E0,2.219887972E-1,2.214287758E0
3.198024012E1,-2.832614183E0,9.198775515E-3,2.017854214E0
3.199024112E1,-2.762426853E0,-2.431521118E-1,1.882377863E0
3.200024312E1,-2.642210484E0,-4.556904733E-1,1.694413304E0
3.201024412E1,-2.511040926E0,-6.166328788E-1,1.455867767E0
3.202024612E1,-2.389607668E0,-7.328769565E-1,1.205687761E0
3.203024712E1,-2.249775887E0,-8.370189071E-1,9.665362835E-1
3.204024812E1,-2.141101360E0,-9.085309505E-1,7.674428821E-1
3.205025013E1,-2.052151680E0,-8.819008470E-1,5.984525084E-1
3.206025112E1,-1.969071031E0,-7.730031013E-1,4.269537032E-1
3.207025212E1,-1.894354582E0,-5.894611478E-1,2.495302856E-1
3.208025412E1,-1.847195029E0,-3.465313017E-1,6.801481545E-2
3.209025512E1,-1.818787456E0,-5.677558482E-2,-1.014463007E-1
3.210025712E1,-1.800149083E0,2.721383870E-1,-2.664632201E-1
3.211025813E1,-1.790911913E0,6.511174440E-1,-4.334327281E-1
3.212025942E1,-1.794624925E0,1.038295507E0,-5.957692266E-1
3.213026142E1,-1.791786194E0,1.363780022E0,-7.452537417E-1
3.214026242E1,-1.773001313E0,1.580405831E0,-8.747584820E-1
3.215026342E1,-1.722559333E0,1.696463704E0,-9.782400131E-1
3.216026542E1,-1.646613002E0,1.742394447E0,-1.065404773E0
3.217026642E1,-1.542758346E0,1.734035730E0,-1.144666314E0
3.218026842E1,-1.431782246E0,1.697452664E0,-1.213598013E0
3.219026942E1,-1.332649708E0,1.639992595E0,-1.267252326E0
3.220027042E1,-1.260785341E0,1.554389834E0,-1.284044862E0
3.221027242E1,-1.208751559E0,1.431708217E0,-1.268476367E0
3.222027342E1,-1.169558048E0,1.270182729E0,-1.238732576E0
3.223027442E1,-1.143351912E0,1.087593436E0,-1.216516972E0
3.224027642E1,-1.125072718E0,9.016867280E-1,-1.216591239E0
3.225027742E1,-1.130159974E0,7.218346000E-1,-1.211620450E0
3.226027942E1,-1.170213580E0,5.677065253E-1,-1.158450723E0
3.227028042E1,-1.223081708E0,4.649586678E-1,-1.072540998E0
3.228028142E1,-1.277426481E0,3.962190449E-1,-9.857820868E-1
3.229028342E1,-1.342375875E0,3.637493849E-1,-9.230417609E-1
3.230028442E1,-1.411958694E0,4.115424752E-1,-9.005934000E-1
3.231028542E1,-1.468201160E0,5.517886281E-1,-9.234486818E-1
3.232028742E1,-1.522436738E0,7.521294355E-1,-9.791460037E-1
3.233028842E1,-1.585422635E0,9.791147113E-1,-1.034568310E0
3.234029042E1,-1.652233124E0,1.216506958E0,-1.088047743E0
3.235029142E1,-1.736911058E0,1.431537032E0,-1.140040278E0
3.236029242E1,-1.818261027E0,1.592974901E0,-1.188749790E0
3.237029442E1,-1.886211276E0,1.669729471E0,-1.241602182E0
3.238029542E1,-1.943401575E0,1.672806263E0,-1.260164142E0
3.239029642E1,-1.965591788E0,1.544885874E0,-1.282184958E0
3.240029842E1,-1.951752901E0,1.407106996E0,-1.293232799E0
3.241029942E1,-1.951028109E0,1.030498505E0,-1.271163344E0
3.242030142E1,-1.939009070E0,7.351197004E-1,-1.255007029E0
3.243030242E1,-1.904688954E0,4.488840699E-1,-1.275584698E0
3.244030342E1,-1.849331975E0,1.387203336E-1,-1.299853206E0
3.245030542E1,-1.786061764E0,-2.010022998E-1,-1.313645244E0
3.246030642E1,-1.730342031E0,-5.102897882E-1,-1.319631219E0
3.247030742E1,-1.668931961E0,-7.655706406E-1,-1.321972251E0
3.248030942E1,-1.566542268E0,-9.653684497E-1,-1.344599009E0
3.249031042E1,-1.459684610E0,-1.162355781E0,-1.434185266E0
3.250031242E1,-1.424807310E0,-1.254162669E0,-1.487801075E0
3.251031342E1,-1.455504775E0,-1.099336505E0,-1.558742523E0
3.252031442E1,-1.570577025E0,-6.550126076E-1,-1.520882964E0
3.253031642E1,-1.601793289E0,-1.542748660E-1,-1.412176847E0
3.254031742E1,-1.581962347E0,8.549378812E-2,-1.291771293E0
3.255031942E1,-1.516799688E0,1.602793187E-1,-1.194743395E0
3.256032042E1,-1.430684209E0,2.095706910E-1,-1.152809739E0
3.257032142E1,-1.322181582E0,2.703896165E-1,-1.163659692E0
3.258032342E1,-1.192037702E0,3.082421720E-1,-1.190219641E0
3.259032442E1,-1.048059225E0,3.154076338E-1,-1.189176798E0
3.260032542E1,-8.934628963E-1,2.855703831E-1,-1.104802608E0
3.261032742E1,-7.677204609E-1,2.361037731E-1,-9.443226457E-1
3.262032842E1,-6.784358025E-1,1.431589127E-1,-7.471070290E-1
3.263033042E1,-6.275607944E-1,-4.886015318E-3,-5.668396354E-1
3.264033142E1,-6.036142111E-1,-1.894292235E-1,-4.253011942E-1
3.265033242E1,-5.808761120E-1,-3.790539801E-1,-2.896046340E-1
3.266033442E1,-5.197533369E-1,-5.110173821E-1,-1.022879854E-1
3.267033542E1,-4.234923720E-1,-4.916120172E-1,1.111955196E-1
3.268033642E1,-3.157752156E-1,-3.420893848E-1,2.976104021E-1
3.269033842E1,-2.327351868E-1,-1.795042157E-1,4.259068370E-1
3.270033942E1,-1.843631268E-1,-8.919455856E-2,5.101610422E-1
3.271034142E1,-1.548054069E-1,-6.529498100E-2,5.717160702E-1
3.272034242E1,-1.284073591E-1,-7.017628849E-2,6.234341264E-1
3.273034342E1,-8.005949855E-2,-6.505595893E-2,6.524844766E-1
3.274034542E1,5.834102631E-4,-3.069638647E-2,6.497107744E-1
3.275034642E1,9.861988574E-2,2.942998521E-2,6.130879521E-1
3.276034742E1,2.095970064E-1,6.439888477E-2,5.601043701E-1
3.277034942E1,3.470900655E-1,3.843495995E-2,5.119770169E-1
3.278035042E1,4.956401289E-1,-5.284941196E-2,4.655171037E-1
3.279035242E1,6.466026902E-1,-2.106354237E-1,4.030562937E-1
3.280035342E1,8.044620752E-1,-4.317904413E-1,3.435066938E-1
3.281035442E1,9.627940059E-1,-6.720523834E-1,3.056538999E-1
3.282035642E1,1.111166716E0,-8.948929310E-1,3.147214353E-1
3.283035742E1,1.236275077E0,-1.091562390E0,3.551783264E-1
3.284035842E1,1.334125757E0,-1.247705102E0,3.960059285E-1
3.285036042E1,1.405108452E0,-1.344792366E0,4.214487672E-1
3.286036142E1,1.441327095E0,-1.390104175E0,4.279506207E-1
3.287036342E1,1.454927802E0,-1.432862163E0,4.241000712E-1
3.288036442E1,1.477981687E0,-1.482424736E0,4.227056503E-1
3.289036542E1,1.526277900E0,-1.531594038E0,4.356558621E-1
3.290036742E1,1.585799217E0,-1.568904996E0,4.665927589E-1
3.291036842E1,1.651893377E0,-1.597117662E0,5.058036447E-1
3.292037042E1,1.697618842E0,-1.619578719E0,5.307204127E-1
3.293037142E1,1.694346189E0,-1.627997756E0,5.158087015E-1
3.294037242E1,1.637555599E0,-1.601295829E0,4.326115549E-1
3.295037442E1,1.577645659E0,-1.528043628E0,3.086658716E-1
3.296037542E1,1.554178476E0,-1.430283308E0,2.068710625E-1
3.297037642E1,1.567373395E0,-1.324780226E0,1.730932146E-1
3.298037842E1,1.629470110E0,-1.356610775E0,2.261183411E-1
3.299037942E1,1.758064747E0,-1.602701664E0,3.641963303E-1
3.300038142E1,1.977071166E0,-2.086846828E0,5.527502894E-1
3.301038242E1,2.216272354E0,-2.648504019E0,7.743091583E-1
3.302038342E1,2.439371109E0,-3.214457273E0,9.700339437E-1
3.303038542E1,2.677724361E0,-3.773294926E0,1.113240838E0
3.304038642E1,2.878957748E0,-4.101409435E0,1.187440276E0
3.305038742E1,3.059629202E0,-4.196577549E0,1.204412818E0
3.306038942E1,3.198963642E0,-4.102386475E0,1.142193437E0
3.307039042E1,3.316823959E0,-3.886787653E0,1.016287327E0
3.308039242E1,3.452576637E0,-3.608530521E0,8.826318383E-1
3.309039342E1,3.554869652E0,-3.304979324E0,8.082319498E-1
3.310039442E1,3.652879477E0,-3.028909445E0,7.788714170E-1
3.311039642E1,3.732740402E0,-2.755460024E0,7.983221412E-1
3.312039725E1,3.817595720E0,-2.432087660E0,8.514764309E-1
3.313039925E1,3.909415960E0,-2.103039980E0,9.178127050E-1
3.314040025E1,4.039497375E0,-1.864057183E0,9.432104826E-1
3.315040125E1,4.107289314E0,-1.603293180E0,8.900301456E-1
3.316040325E1,4.120766640E0,-1.281902313E0,7.834797502E-1
3.317040425E1,4.120425224E0,-8.930656314E-1,6.804103255E-1
3.318040525E1,4.046553135E0,-4.496173561E-1,6.070474386E-1
3.319040725E1,3.941308975E0,-6.430239230E-2,5.758575201E-1
3.320040825E1,3.798472643E0,2.837581038E-1,6.015791297E-1
3.321041025E1,3.719173431E0,4.001604021E-1,6.511166692E-1
3.322041125E1,3.635070801E0,4.862377644E-1,6.671057343E-1
3.323041225E1,3.587688923E0,4.821085930E-1,6.432651281E-1
3.324041425E1,3.546458721E0,4.232801497E-1,5.892308950E-1
3.325041525E1,3.567582130E0,1.684770882E-1,5.418691635E-1
3.326041625E1,3.599421263E0,-1.691611260E-1,4.579215646E-1
3.327041825E1,3.630125046E0,-4.969992936E-1,3.524066210E-1
3.328041925E1,3.707334757E0,-9.641464949E-1,2.663034201E-1
3.329042125E1,3.761665583E0,-1.347935438E0,2.032485455E-1
3.330042225E1,3.792675972E0,-1.611595869E0,1.654870659E-1
3.331042325E1,3.829755068E0,-1.781387091E0,1.317911148E-1
3.332042525E1,3.846382856E0,-1.922928572E0,6.761852652E-2
3.333042625E1,3.848749161E0,-2.050825834E0,-4.080150276E-2
3.334042725E1,3.837211609E0,-2.119327784E0,-1.748647690E-1
3.335042925E1,3.794576168E0,-2.109192133E0,-3.285520971E-1
3.336043025E1,3.707538843E0,-2.019697189E0,-4.930606186E-1
3.337043225E1,3.586953878E0,-1.872393847E0,-6.495752931E-1
3.338043325E1,3.449542284E0,-1.691740274E0,-7.722668648E-1
3.339043425E1,3.317659140E0,-1.508508921E0,-8.388181925E-1
3.340043625E1,3.204760790E0,-1.339794993E0,-8.540541530E-1
3.341043725E1,3.111721992E0,-1.181176066E0,-8.347722888E-1
3.342043925E1,3.056313992E0,-1.004721642E0,-8.167439699E-1
3.343044025E1,3.018469334E0,-8.172242641E-1,-8.152590394E-1
3.344044125E1,2.983953238E0,-6.337450147E-1,-8.287476897E-1
3.345044325E1,2.920772552E0,-4.825543463E-1,-8.453027010E-1
3.346044425E1,2.870207071E0,-3.510032594E-1,-8.673584461E-1
3.347044525E1,2.820661306E0,-2.203425467E-1,-8.865613937E-1
3.348044725E1,2.757930517E0,-4.894868284E-2,-9.263316989E-1
3.349044825E1,2.717487335E0,1.141002625E-1,-9.944967628E-1
3.350045025E1,2.715986967E0,2.251458168E-1,-1.043427110E0
3.351045125E1,2.730761766E0,2.728307843E-1,-1.048496604E0
3.352045225E1,2.752533913E0,2.521180511E-1,-1.028151751E0
3.353045425E1,2.787304163E0,2.004621029E-1,-9.941309690E-1
3.354045525E1,2.826966286E0,1.143991202E-1,-9.571313858E-1
3.355045725E1,2.851764917E0,-1.829612255E-2,-9.142685533E-1
3.356045825E1,2.860468149E0,-1.452876329E-1,-8.624506593E-1
3.357045925E1,2.853589535E0,-2.228925079E-1,-8.336002827E-1
3.358046125E1,2.824399233E0,-2.375572026E-1,-8.451938033E-1
3.359046225E1,2.847189665E0,-2.175832093E-1,-9.125506282E-1
3.360046325E1,2.942530632E0,-3.350419104E-1,-9.611696005E-1
3.361046525E1,3.027541876E0,-5.778662562E-1,-9.192141294E-1
3.362046625E1,3.064283133E0,-7.802252173E-1,-8.269499540E-1
3.363046825E1,3.087633848E0,-9.035194516E-1,-7.377021909E-1
3.364046925E1,3.067873955E0,-9.447841048E-1,-6.671733856E-1
3.365047025E1,3.009589911E0,-8.646903038E-1,-6.340225935E-1
3.366047225E1,2.971556902E0,-8.322769403E-1,-6.207187772E-1
3.367047325E1,2.946318865E0,-8.048956394E-1,-6.056937575E-1
3.368047425E1,2.943339586E0,-8.495419621E-1,-5.737906694E-1
3.369047625E1,2.910590887E0,-9.579039216E-1,-5.372632742E-1
3.370047725E1,2.830654860E0,-1.073049188E0,-5.243413448E-1
3.371047925E1,2.757758856E0,-1.107673645E0,-5.642482638E-1
3.372048025E1,2.639902592E0,-1.111548781E0,-6.290230155E-1
3.373048125E1,2.463443756E0,-9.724904895E-1,-6.944388747E-1
3.374048325E1,2.281084299E0,-6.836514473E-1,-7.529208660E-1
3.375048425E1,2.125572443E0,-3.899840117E-1,-7.962608933E-1
3.376048625E1,2.016586781E0,-1.544021219E-1,-8.048484921E-1
3.377048725E1,1.972932577E0,-3.896151111E-2,-7.506207824E-1
3.378048825E1,1.948028207E0,-1.017093137E-1,-6.326550245E-1
3.379049025E1,1.877835989E0,-3.291109204E-1,-4.785119593E-1
3.380049125E1,1.782751560E0,-6.194679737E-1,-3.554195762E-1
3.381049225E1,1.661658764E0,-9.411169291E-1,-2.575273216E-1
3.382049425E1,1.517686367E0,-1.282584071E0,-1.878166944E-1
3.383049525E1,1.366953969E0,-1.558350205E0,-1.556350738E-1
3.384049725E1,1.213290930E0,-1.691848397E0,-1.532523483E-1
3.385049825E1,1.066295862E0,-1.632443070E0,-1.746906489E-1
3.386049925E1,9.229080081E-1,-1.476791382E0,-2.202642560E-1
3.387050125E1,7.905536890E-1,-1.276096821E0,-2.787348032E-1
3.388050225E1,6.547036767E-1,-1.058002591E0,-3.128746748E-1
3.389050425E1,4.347929358E-1,-7.471870780E-1,-3.409878016E-1
3.390050525E1,2.204840779E-1,-2.332305610E-1,-4.154551029E-1
3.391050625E1,1.625683531E-2,3.826600015E-1,-5.281697512E-1
3.392050825E1,-1.420630217E-1,9.060342908E-1,-6.323560476E-1
3.393050925E1,-2.674409747E-1,1.395382881E0,-6.874480844E-1
3.394051025E1,-3.179206550E-1,1.875078082E0,-7.277590036E-1
3.395051225E1,-3.057492673E-1,2.287321091E0,-7.989891171E-1
3.396051325E1,-2.938657105E-1,2.588287354E0,-8.819116950E-1
3.397051525E1,-2.944872081E-1,2.769090414E0,-9.619196057E-1
3.398051625E1,-3.376413286E-1,2.910613298E0,-1.016296387E0
3.399051725E1,-3.774501085E-1,2.885660410E0,-1.029688358E0
3.400051925E1,-4.337240160E-1,2.887350321E0,-9.714860916E-1
3.401052025E1,-4.465182424E-1,2.807815313E0,-8.792052269E-1
3.402052225E1,-4.182828665E-1,2.761489391E0,-7.948586345E-1
3.403052325E1,-3.812626600E-1,2.594272852E0,-7.292642593E-1
3.404052425E1,-3.426153958E-1,2.458863974E0,-6.761773825E-1
3.405052625E1,-3.115588427E-1,1.981057286E0,-6.018601656E-1
3.406052725E1,-3.110421896E-1,1.606489062E0,-5.306587219E-1
3.407052825E1,-3.248639107E-1,1.112275362E0,-4.510887265E-1
3.408053025E1,-3.469854593E-1,5.795515776E-1,-3.568522632E-1
3.409053125E1,-3.455334008E-1,1.350432336E-1,-2.997558415E-1
3.410053325E1,-3.172453046E-1,-2.223609835E-1,-2.766851187E-1
3.411053425E1,-2.716885507E-1,-5.019486547E-1,-2.823558748E-1
3.412053525E1,-2.381295264E-1,-6.391938925E-1,-3.055176437E-1
3.413053725E1,-2.266131043E-1,-6.690000892E-1,-3.285898566E-1
3.414053825E1,-2.544277012E-1,-6.247596741E-1,-3.439554870E-1
3.415054025E1,-3.171042502E-1,-4.307084978E-1,-3.465950787E-1
3.416054125E1,-3.868034482E-1,-1.794067472E-1,-3.309937418E-1
3.417054225E1,-4.311842024E-1,9.556183964E-2,-3.096945286E-1
3.418054425E1,-4.715494514E-1,4.481643736E-1,-3.096692264E-1
3.419054525E1,-4.814178050E-1,7.512912750E-1,-3.376377523E-1
3.420054625E1,-4.809568226E-1,9.769278765E-1,-3.661109209E-1
3.421054825E1,-5.052624345E-1,1.169201732E0,-3.769024014E-1
3.422054925E1,-5.495875478E-1,1.416955352E0,-3.680066466E-1
3.423055125E1,-5.606328845E-1,1.406985164E0,-3.330071867E-1
3.424055225E1,-5.551685691E-1,1.449845314E0,-3.125218749E-1
3.425055325E1,-5.492811799E-1,1.258651614E0,-2.860109210E-1
3.426055525E1,-5.244956613E-1,1.112928033E0,-2.829570770E-1
3.427055625E1,-4.732744694E-1,8.255074024E-1,-2.711360157E-1
3.428055825E1,-4.162615240E-1,6.293451190E-1,-3.082490563E-1
3.429055925E1,-3.642249703E-1,3.120920062E-1,-3.503874540E-1
3.430056025E1,-3.360092938E-1,1.651337147E-1,-4.468982816E-1
3.431056225E1,-3.491008282E-1,5.985409766E-2,-5.361309052E-1
3.432056325E1,-3.603697121E-1,9.913136018E-4,-5.851730108E-1
3.433056425E1,-3.754451275E-1,-3.838717192E-2,-6.540967226E-1
3.434056625E1,-3.534657955E-1,-1.268447004E-2,-8.011564612E-1
3.435056725E1,-2.621988654E-1,-1.429440528E-1,-9.165567756E-1
3.436056925E1,-1.561376899E-1,2.755418792E-2,-1.072341084E0
3.437057025E1,-1.103541031E-1,3.151286542E-1,-1.293397665E0
3.438057125E1,-2.699427009E-1,7.206479311E-1,-1.299905062E0
3.439057325E1,-5.650005341E-1,1.149550200E0,-1.069785118E0
3.440057425E1,-7.435782552E-1,1.228448272E0,-8.403626084E-1
3.441057625E1,-6.968577504E-1,8.778380156E-1,-8.148062229E-1
3.442057725E1,-5.032185316E-1,3.669899106E-1,-1.096242547E0
3.443057825E1,-2.722362280E-1,-1.056435704E-1,-1.588960290E0
3.444058025E1,-1.106358692E-1,-4.951891899E-1,-2.100954533E0
3.445058125E1,-1.669851830E-3,-4.610244334E-1,-2.429524660E0
3.446058325E1,5.364560336E-2,-2.878020406E-1,-2.493700266E0
3.447058425E1,5.316185579E-2,-1.229083613E-1,-2.354309082E0
3.448058525E1,4.295928404E-2,-1.687474847E-1,-2.211289406E0
3.449058725E1,3.231547028E-2,-3.647740483E-1,-2.175973654E0
3.450058825E1,4.969153181E-2,-6.422740817E-1,-2.255559444E0
3.451058925E1,9.133616835E-2,-8.720598221E-1,-2.392799139E0
3.452059125E1,1.410310268E-1,-9.976744652E-1,-2.538221598E0
3.453059225E1,1.954470873E-1,-1.008058906E0,-2.644220352E0
3.454059425E1,2.465030849E-1,-9.187191725E-1,-2.694893360E0
3.455059525E1,2.885682881E-1,-7.616809011E-1,-2.710588694E0
3.456059625E1,3.287916183E-1,-6.109633446E-1,-2.716938257E0
3.457059825E1,3.636098206E-1,-5.275954008E-1,-2.715332031E0
3.458059925E1,3.830855191E-1,-5.381029248E-1,-2.703577757E0
3.459060125E1,3.951941133E-1,-6.321299672E-1,-2.673121452E0
3.460060225E1,4.104361832E-1,-7.921411991E-1,-2.644778728E0
3.461060325E1,4.260628819E-1,-9.812466502E-1,-2.630026102E0
3.462060525E1,4.284440279E-1,-1.156127572E0,-2.622279882E0
3.463060625E1,4.099774957E-1,-1.275617957E0,-2.607712269E0
3.464060825E1,3.757036626E-1,-1.329029441E0,-2.587851524E0
3.465060925E1,3.338232040E-1,-1.358569622E0,-2.540365458E0
3.466061025E1,2.856018543E-1,-1.401657701E0,-2.465986013E0
3.467061225E1,2.469608039E-1,-1.480677605E0,-2.372501135E0
3.468061325E1,2.237020880E-1,-1.588189483E0,-2.265833616E0
3.469061425E1,2.165999413E-1,-1.709107161E0,-2.165061712E0
3.470061625E1,2.169826478E-1,-1.801150322E0,-2.091645956E0
3.471061725E1,2.136589289E-1,-1.851014376E0,-2.044495106E0
3.472061925E1,2.090822905E-1,-1.833484054E0,-2.008744240E0
3.473062025E1,2.076765895E-1,-1.751244903E0,-1.958874941E0
3.474062125E1,2.105861008E-1,-1.617891073E0,-1.876136422E0
3.475062325E1,2.121263146E-1,-1.472877264E0,-1.766458273E0
3.476062425E1,2.214777470E-1,-1.376763225E0,-1.643245459E0
3.477062625E1,2.149313241E-1,-1.323772669E0,-1.519681573E0
3.478062725E1,2.125629783E-1,-1.341077566E0,-1.411316752E0
3.479062825E1,2.227317840E-1,-1.379036427E0,-1.332744122E0
3.480063025E1,2.693472207E-1,-1.431960106E0,-1.269784093E0
3.481063125E1,3.203532696E-1,-1.488410354E0,-1.194345713E0
3.482063325E1,3.625955284E-1,-1.574494958E0,-1.094183087E0
3.483063425E1,3.607575893E-1,-1.627354503E0,-9.746291637E-1
3.484063525E1,3.120790124E-1,-1.655937672E0,-8.364465237E-1
3.485063725E1,2.348085046E-1,-1.658867836E0,-6.912860870E-1
3.486063825E1,1.481660157E-1,-1.646674752E0,-5.377734900E-1
3.487063925E1,3.099853545E-2,-1.652124047E0,-3.897239268E-1
3.488064125E1,-1.405236870E-1,-1.705444455E0,-2.579525709E-1
3.489064225E1,-3.492310047E-1,-1.805369139E0,-1.577481478E-1
3.490064425E1,-5.684069991E-1,-1.932036281E0,-9.734792262E-2
3.491064525E1,-7.563704848E-1,-2.049683809E0,-6.557904929E-2
3.492064625E1,-8.852813244E-1,-2.133044004E0,-6.608930975E-2
3.493064825E1,-9.551481009E-1,-2.145734072E0,-1.001013890E-1
3.494064925E1,-9.847216606E-1,-2.107874870E0,-1.582610905E-1
3.495065125E1,-1.017904401E0,-2.024426460E0,-2.021065056E-1
3.496065225E1,-1.068023562E0,-1.887097001E0,-2.041736543E-1
3.497065325E1,-1.123602033E0,-1.679667473E0,-1.633404493E-1
3.498065525E1,-1.199613214E0,-1.395575047E0,-8.544351906E-2
3.499065625E1,-1.320385575E0,-1.080302000E0,7.070954889E-3
3.500065825E1,-1.482353449E0,-8.016187549E-1,8.765314519E-2
3.501065925E1,-1.661264181E0,-5.984968543E-1,1.282868534E-1
3.502066025E1,-1.825672030E0,-4.840669036E-1,1.210222840E-1
3.503066225E1,-1.970421433E0,-4.814026654E-1,8.793478459E-2
3.504066325E1,-2.118155956E0,-6.034028530E-1,6.320759654E-2
3.505066425E1,-2.305165768E0,-8.130196929E-1,7.291223109E-2
3.506066625E1,-2.550252438E0,-1.060624242E0,1.364390105E-1
3.507066725E1,-2.847080708E0,-1.316473722E0,2.359753996E-1
3.508066925E1,-3.182328939E0,-1.573003769E0,3.653331101E-1
3.509067025E1,-3.500458956E0,-1.764990211E0,4.951464832E-1
3.510067125E1,-3.740929365E0,-1.829187274E0,5.537748933E-1
3.511067325E1,-3.904706240E0,-1.786358476E0,5.034738779E-1
3.512067429E1,-4.036941528E0,-1.702329874E0,3.594381511E-1
3.513067629E1,-4.140171051E0,-1.633786321E0,1.743143350E-1
3.514067729E1,-4.212521076E0,-1.586064100E0,4.037923645E-4
3.515067829E1,-4.238188744E0,-1.538429856E0,-1.166783199E-1
3.516068029E1,-4.240324497E0,-1.544514060E0,-1.474594027E-1
3.517068129E1,-4.267798424E0,-1.591722131E0,-1.283682287E-1
3.518068329E1,-4.296245098E0,-1.731334925E0,-7.708266377E-2
3.519068429E1,-4.349918842E0,-1.916428804E0,-1.740768924E-2
3.520068529E1,-4.311742783E0,-2.193311214E0,3.695568442E-2
3.521068729E1,-4.136960983E0,-2.443120003E0,6.105534732E-2
3.522068829E1,-3.884817839E0,-2.653268099E0,5.943907425E-2
3.523069029E1,-3.706236124E0,-2.739309072E0,7.817126811E-2
3.524069129E1,-3.622271061E0,-2.702732563E0,1.433856934E-1
3.525069229E1,-3.617382050E0,-2.510104179E0,2.053923607E-1
3.526069429E1,-3.619624138E0,-2.046497345E0,2.282164544E-1
3.527069529E1,-3.662505627E0,-1.548117995E0,2.062941194E-1
3.528069729E1,-3.651999235E0,-9.343994260E-1,8.169839531E-2
3.529069829E1,-3.608305216E0,-4.924431145E-1,-1.218703911E-1
3.530069929E1,-3.557941198E0,-2.252976894E-1,-3.306787312E-1
3.531070129E1,-3.492250443E0,-8.656553924E-2,-4.955751300E-1
3.532070229E1,-3.427882433E0,-9.421253949E-2,-5.985174775E-1
3.533070329E1,-3.335594416E0,-1.790668964E-1,-6.763504148E-1
3.534070529E1,-3.277493477E0,-4.335500300E-1,-6.925895214E-1
3.535070629E1,-3.146703005E0,-7.506970167E-1,-7.152922153E-1
3.536070829E1,-3.021229029E0,-1.285105467E0,-6.921736002E-1
3.537070929E1,-2.853833437E0,-1.870816112E0,-6.258267164E-1
3.538071029E1,-2.721000671E0,-2.475566149E0,-4.982815385E-1
3.539071229E1,-2.627096653E0,-2.923092604E0,-3.303476274E-1
3.540071329E1,-2.572839022E0,-3.074904680E0,-1.512569785E-1
3.541071529E1,-2.497420549E0,-3.046948433E0,-1.726032235E-2
3.542071629E1,-2.417692900E0,-2.928174019E0,9.413278103E-2
3.543071729E1,-2.351650476E0,-2.782248974E0,2.005582750E-1
3.544071929E1,-2.310142994E0,-2.561066866E0,2.795372307E-1
3.545072029E1,-2.276205063E0,-2.235140085E0,3.351387084E-1
3.546072229E1,-2.256412506E0,-1.898588896E0,4.102973938E-1
3.547072329E1,-2.221323729E0,-1.502259612E0,5.431625843E-1
3.548072429E1,-2.186980009E0,-1.139460087E0,7.037456036E-1
3.549072629E1,-2.137746811E0,-8.827231526E-1,8.564449549E-1
3.550072729E1,-2.069152117E0,-7.652013302E-1,9.853784442E-1
3.551072929E1,-1.957773328E0,-7.217403650E-1,1.096750498E0
3.552073029E1,-1.810018539E0,-6.928935647E-1,1.176840305E0
3.553073129E1,-1.626466155E0,-6.818596125E-1,1.192307353E0
3.554073329E1,-1.465385437E0,-7.427117825E-1,1.170019984E0
3.555073429E1,-1.355057240E0,-8.411085606E-1,1.140454054E0
3.556073529E1,-1.285043001E0,-9.580897689E-1,1.124432445E0
3.557073729E1,-1.225579262E0,-1.093140364E0,1.155782938E0
3.558073829E1,-1.170492530E0,-1.193219304E0,1.218758941E0
3.559074029E1,-1.122630477E0,-1.247742295E0,1.318737745E0
3.560074129E1,-1.081086516E0,-1.286707640E0,1.445732355E0
3.561074229E1,-1.022791386E0,-1.318122983E0,1.535773277E0
3.562074429E1,-9.843071103E-1,-1.352749109E0,1.571558714E0
3.563074529E1,-9.723359346E-1,-1.408261776E0,1.564029574E0
3.564074729E1,-9.966377616E-1,-1.424701452E0,1.520127892E0
3.565074829E1,-1.030382633E0,-1.380332589E0,1.455094218E0
3.566074929E1,-1.093424201E0,-1.191686034E0,1.400928497E0
3.567075129E1,-1.146949053E0,-8.876630664E-1,1.401587605E0
3.568075229E1,-1.207768440E0,-5.487891436E-1,1.425952435E0
3.569075429E1,-1.289702773E0,-2.568448186E-1,1.435805798E0
3.570075529E1,-1.397511244E0,-3.815587610E-2,1.418151975E0
3.571075629E1,-1.464879751E0,7.409138232E-2,1.339302063E0
3.572075829E1,-1.533863902E0,1.917122900E-1,1.223474741E0
3.573075929E1,-1.582917809E0,3.340503275E-1,1.106804729E0
3.574076129E1,-1.606828809E0,4.547612965E-1,1.041381001E0
3.575076229E1,-1.626399517E0,5.521485209E-1,1.023948193E0
3.576076329E1,-1.626902819E0,5.421515703E-1,9.848695397E-1
3.577076529E1,-1.642240167E0,4.782633781E-1,9.126298428E-1
3.578076629E1,-1.643160224E0,3.937524855E-1,8.490388989E-1
3.579076829E1,-1.619454026E0,3.597638011E-1,7.946540713E-1
3.580076929E1,-1.572244763E0,3.345535100E-1,7.290313840E-1
3.581077029E1,-1.522530437E0,3.526838720E-1,6.369990706E-1
3.582077229E1,-1.479824543E0,3.564304113E-1,5.282776356E-1
3.583077329E1,-1.446591020E0,3.399528861E-1,4.003683627E-1
3.584077429E1,-1.416081309E0,3.184017837E-1,2.834430635E-1
3.585077629E1,-1.379065633E0,3.191406429E-1,1.886004210E-1
3.586077729E1,-1.325862527E0,3.428331912E-1,1.266454309E-1
3.587077929E1,-1.261058450E0,3.770028353E-1,9.146093577E-2
3.588078029E1,-1.195950031E0,4.222302437E-1,5.619961396E-2
3.589078129E1,-1.135888934E0,4.745640755E-1,1.050071418E-2
3.590078329E1,-1.071187973E0,4.917987287E-1,-4.835967347E-2
3.591078429E1,-1.020048141E0,4.808815122E-1,-9.330926836E-2
3.592078629E1,-9.822862744E-1,4.860373735E-1,-1.108525768E-1
3.593078729E1,-9.382382631E-1,4.940624535E-1,-1.040544808E-1
3.594078829E1,-8.859865069E-1,4.490646124E-1,-8.496494591E-2
3.595079029E1,-8.342747092E-1,3.804043233E-1,-8.796000481E-2
3.596079129E1,-7.945024967E-1,3.431597352E-1,-1.135977209E-1
3.597079329E1,-7.623309493E-1,3.463134170E-1,-1.437543035E-1
3.598079429E1,-7.371017337E-1,3.826141655E-1,-1.672244668E-1
3.599079529E1,-7.191658616E-1,4.540977180E-1,-1.837469190E-1
3.600079729E1,-7.081374526E-1,5.220685005E-1,-1.948272586E-1
3.601079829E1,-6.924272180E-1,5.695264339E-1,-2.055571675E-1
3.602080029E1,-6.726513505E-1,6.063731313E-1,-2.148188502E-1
3.603080129E1,-6.491492987E-1,6.352894306E-1,-2.233974934E-1
3.604080229E1,-6.158224940E-1,6.596203446E-1,-2.332812846E-1
3.605080429E1,-5.785190463E-1,6.826483607E-1,-2.246888131E-1
3.606080529E1,-5.489417315E-1,6.994689107E-1,-2.037494481E-1
3.607080729E1,-5.176184177E-1,7.202673554E-1,-1.829629391E-1
3.608080829E1,-4.890491068E-1,7.351261973E-1,-1.735742390E-1
3.609080929E1,-4.667107761E-1,7.367994189E-1,-1.770150512E-1
3.610081129E1,-4.512751102E-1,7.412562370E-1,-2.081340849E-1
3.611081229E1,-4.396986365E-1,7.480266690E-1,-2.697189152E-1
3.612081404E1,-4.346863031E-1,7.614260912E-1,-3.325833678E-1
3.613081504E1,-4.365206063E-1,7.979556918E-1,-3.981883824E-1
3.614081604E1,-4.413744807E-1,8.515970707E-1,-4.387443364E-1
3.615081804E1,-4.485564232E-1,8.895196319E-1,-4.450911283E-1
3.616081904E1,-4.529224038E-1,9.009299874E-1,-4.556231201E-1
3.617082104E1,-4.501133859E-1,8.797039986E-1,-4.708807170E-1
3.618082204E1,-4.452400804E-1,8.231371641E-1,-4.965999126E-1
3.619082304E1,-4.272134602E-1,7.464961410E-1,-5.387109518E-1
3.620082504E1,-4.096611142E-1,6.858370304E-1,-6.003721952E-1
3.621082604E1,-3.854708970E-1,6.143332720E-1,-6.579175591E-1
3.622082704E1,-3.460025787E-1,5.105410814E-1,-7.050576806E-1
3.623082904E1,-2.952030003E-1,3.848589957E-1,-7.776767015E-1
3.624083004E1,-2.527133524E-1,2.679643333E-1,-8.721824288E-1
3.625083204E1,-2.330558300E-1,1.896870285E-1,-9.523212910E-1
3.626083304E1,-2.334318757E-1,1.913294047E-1,-9.982230067E-1
3.627083404E1,-2.027824968E-1,1.969880164E-1,-1.030455112E0
3.628083604E1,-1.434523314E-1,1.498479396E-1,-1.030244231E0
3.629083704E1,-8.071350306E-2,7.461099327E-2,-1.044242859E0
3.630083904E1,-2.979839034E-2,-1.646379009E-2,-1.071278453E0
3.631084004E1,1.089805830E-2,-1.230295673E-1,-1.112221479E0
3.632084104E1,5.752415210E-2,-2.015041411E-1,-1.165691853E0
3.633084304E1,1.172165871E-1,-2.312404066E-1,-1.213696003E0
3.634084404E1,1.762311757E-1,-2.228770256E-1,-1.276727200E0
3.635084604E1,2.379153818E-1,-2.078421116E-1,-1.436053395E0
3.636084704E1,2.064812928E-1,-2.956222892E-1,-1.665915608E0
3.637084804E1,6.142643839E-2,-4.972890615E-1,-1.635967493E0
3.638085004E1,-2.678198367E-2,-5.696335435E-1,-1.514633298E0
3.639085104E1,-9.246995300E-2,-5.468685031E-1,-1.377583981E0
3.640085304E1,-1.436007768E-1,-4.079116881E-1,-1.308230758E0
3.641085404E1,-1.647647619E-1,-2.049784660E-1,-1.264352560E0
3.642085504E1,-1.463015974E-1,-1.161306202E-1,-1.202469707E0
3.643085704E1,-8.693556488E-2,-1.878007948E-1,-1.122664809E0
3.644085804E1,4.423375707E-3,-3.252899647E-1,-1.058206201E0
3.645086004E1,9.828420728E-2,-4.339097142E-1,-9.982212186E-1
3.646086104E1,2.027115524E-1,-5.369428992E-1,-8.905589581E-1
3.647086204E1,3.213189542E-1,-6.449065804E-1,-7.337535024E-1
3.648086404E1,4.353818595E-1,-7.287091017E-1,-5.475277305E-1
3.649086504E1,5.192890167E-1,-7.698695660E-1,-3.520120978E-1
3.650086704E1,5.542485714E-1,-7.459285259E-1,-1.781697273E-1
3.651086804E1,5.462788939E-1,-6.207435131E-1,-5.116877332E-2
3.652086904E1,5.143478513E-1,-3.950139582E-1,3.838773817E-2
3.653087104E1,4.713773727E-1,-1.155946404E-1,1.055106968E-1
3.654087204E1,4.297873080E-1,1.487312913E-1,1.645625532E-1
3.655087404E1,4.044650495E-1,3.652985990E-1,2.381919473E-1
3.656087504E1,3.972292542E-1,5.323395133E-1,3.276944160E-1
3.657087604E1,4.138358533E-1,6.354154944E-1,4.101524353E-1
3.658087804E1,4.444315732E-1,6.813302636E-1,4.864304066E-1
3.659087904E1,4.836735725E-1,6.999004483E-1,5.514734387E-1
3.660088104E1,5.265395045E-1,6.691888571E-1,5.817274451E-1
3.661088204E1,5.740242004E-1,5.137557983E-1,5.658690333E-1
3.662088304E1,6.183407903E-1,2.061796188E-1,5.349858999E-1
3.663088504E1,6.628548503E-1,-1.725404859E-1,5.250421166E-1
3.664088604E1,7.201860547E-1,-5.286919475E-1,5.406828523E-1
3.665088804E1,7.992224693E-1,-8.103142381E-1,5.743430257E-1
3.666088904E1,8.928794861E-1,-1.036347866E0,6.141163111E-1
3.667089004E1,9.964979291E-1,-1.242774367E0,6.577558517E-1
3.668089204E1,1.098834395E0,-1.466725111E0,7.048456073E-1
3.669089304E1,1.195448399E0,-1.716479540E0,7.484320402E-1
3.670089504E1,1.292911291E0,-1.959090352E0,7.924165726E-1
3.671089604E1,1.382626295E0,-2.143316746E0,8.285616636E-1
3.672089704E1,1.467868447E0,-2.230341911E0,8.398481607E-1
3.673089904E1,1.537936926E0,-2.209214449E0,8.291983604E-1
3.674090004E1,1.572339058E0,-2.107673168E0,8.180351853E-1
3.675090204E1,1.576134801E0,-1.962980866E0,8.055257201E-1
3.676090304E1,1.575373650E0,-1.815810323E0,8.087723851E-1
3.677090404E1,1.582689762E0,-1.691058517E0,8.287999034E-1
3.678090604E1,1.620568633E0,-1.602630138E0,8.591242433E-1
3.679090704E1,1.686877847E0,-1.534696341E0,8.932310343E-1
3.680090904E1,1.762682796E0,-1.472378969E0,9.210072756E-1
3.681091004E1,1.847522736E0,-1.439028382E0,9.312067628E-1
3.682091104E1,1.938102961E0,-1.484611034E0,9.282019138E-1
3.683091304E1,2.034713984E0,-1.611129045E0,9.402435422E-1
3.684091404E1,2.130867481E0,-1.773862362E0,9.845631123E-1
3.685091604E1,2.232126951E0,-1.983641267E0,1.047343373E0
3.686091704E1,2.321901560E0,-2.207215786E0,1.117004514E0
3.687091804E1,2.409323215E0,-2.424591064E0,1.178168416E0
3.688092004E1,2.495477915E0,-2.579424143E0,1.226077914E0
3.689092104E1,2.619445324E0,-2.711033106E0,1.256341100E0
3.690092204E1,2.753596067E0,-2.783448458E0,1.277390718E0
3.691092404E1,2.938283920E0,-2.935827255E0,1.300640583E0
3.692092504E1,3.118183851E0,-3.111738920E0,1.300211549E0
3.693092704E1,3.304190397E0,-3.317621231E0,1.293304443E0
3.694092804E1,3.494573593E0,-3.494660616E0,1.303760886E0
3.695092904E1,3.650684118E0,-3.659980297E0,1.353484511E0
3.696093104E1,3.783443451E0,-3.777104616E0,1.419634223E0
3.697093204E1,3.846768618E0,-3.811465263E0,1.425272822E0
3.698093404E1,3.886521578E0,-3.885317802E0,1.326489449E0
3.699093504E1,3.881913662E0,-3.914291143E0,1.161827922E0
3.700093704E1,3.855895758E0,-3.616471052E0,9.921249151E-1
3.701093804E1,3.838832617E0,-3.448881149E0,8.603847027E-1
3.702093904E1,3.901481628E0,-3.326654911E0,8.294467330E-1
3.703094104E1,3.914308310E0,-2.973826647E0,8.586452007E-1
3.704094204E1,3.966070890E0,-2.833442926E0,9.008602500E-1
3.705094304E1,4.062206745E0,-2.675041676E0,9.404697418E-1
3.706094504E1,4.079735279E0,-2.335929155E0,9.181146622E-1
3.707094604E1,4.103827477E0,-2.052872419E0,8.419915438E-1
3.708094804E1,4.164137363E0,-1.891307712E0,7.191516757E-1
3.709094904E1,4.172125340E0,-1.789920092E0,5.507265329E-1
3.710095004E1,4.196564674E0,-1.729283690E0,4.045586884E-1
3.711095204E1,4.261531353E0,-1.626741171E0,2.976983786E-1
3.712095350E1,4.347137928E0,-1.433072686E0,2.121461928E-1
3.713095550E1,4.421260357E0,-1.187850475E0,1.424231976E-1
3.714095650E1,4.459403515E0,-9.857161641E-1,7.734619081E-2
3.715095750E1,4.464617729E0,-8.737309575E-1,8.612547070E-3
3.716095950E1,4.463251591E0,-8.319856524E-1,-6.084988639E-2
3.717096050E1,4.474921703E0,-8.099035025E-1,-1.377108395E-1
3.718096250E1,4.494871616E0,-7.719420195E-1,-2.190509737E-1
3.719096350E1,4.501867294E0,-7.397137880E-1,-2.993223667E-1
3.720096450E1,4.485851288E0,-7.643504143E-1,-3.755596280E-1
3.721096650E1,4.462546349E0,-8.593536615E-1,-4.207253158E-1
3.722096750E1,4.452256680E0,-9.620411396E-1,-4.341191649E-1
3.723096950E1,4.448286057E0,-1.009405494E0,-4.590197206E-1
3.724097050E1,4.445105553E0,-1.029025197E0,-5.023410916E-1
3.725097150E1,4.432619095E0,-1.081170082E0,-5.725253820E-1
3.726097350E1,4.408236504E0,-1.141112089E0,-6.373261809E-1
3.727097450E1,4.384050369E0,-1.176976323E0,-7.151706815E-1
3.728097650E1,4.367087841E0,-1.196647525E0,-8.182845116E-1
3.729097750E1,4.338428020E0,-1.247371435E0,-9.258744717E-1
3.730097850E1,4.297631741E0,-1.301261663E0,-1.011296511E0
3.731098050E1,4.258572102E0,-1.330203056E0,-1.066360235E0
3.732098150E1,4.227607250E0,-1.327056527E0,-1.096614718E0
3.733098350E1,4.148090839E0,-1.323303461E0,-1.122150064E0
3.734098450E1,4.058198929E0,-1.300017238E0,-1.165573716E0
3.735098550E1,4.013386250E0,-1.224347353E0,-1.226388335E0
3.736098750E1,4.075550079E0,-1.193351150E0,-1.247098327E0
3.737098850E1,4.265192509E0,-1.450791240E0,-1.176386833E0
3.738099050E1,4.417715549E0,-1.813382745E0,-1.001576900E0
3.739099150E1,4.461675644E0,-2.240810156E0,-7.788617611E-1
3.740099250E1,4.400150776E0,-2.558084965E0,-5.825002789E-1
3.741099450E1,4.337526798E0,-2.653025389E0,-4.813884199E-1
3.742099550E1,4.330134392E0,-2.709017754E0,-4.577004015E-1
3.743099750E1,4.215680122E0,-2.648815632E0,-4.439382255E-1
3.744099850E1,3.984719992E0,-2.646469831E0,-4.017838538E-1
3.745099950E1,3.722298622E0,-2.663174629E0,-3.910825551E-1
3.746100150E1,3.490420580E0,-2.674136877E0,-4.414964616E-1
3.747100250E1,3.277446985E0,-2.593119144E0,-5.435064435E-1
3.748100450E1,3.059952736E0,-2.334856749E0,-6.694422364E-1
3.749100550E1,2.789058208E0,-1.947825789E0,-7.807943225E-1
3.750100650E1,2.476628542E0,-1.407431841E0,-8.434478641E-1
3.751100850E1,2.143605232E0,-7.639029622E-1,-8.361414671E-1
3.752100950E1,1.829067826E0,-9.379942715E-2,-7.696601748E-1
3.753101150E1,1.556635380E0,5.682653189E-1,-6.978598833E-1
3.754101250E1,1.323448181E0,1.229223490E0,-6.606507301E-1
3.755101350E1,1.107696295E0,1.798444033E0,-6.700889468E-1
3.756101550E1,8.932492137E-1,2.212119579E0,-7.064088583E-1
3.757101650E1,6.821667552E-1,2.515818119E0,-7.211755514E-1
3.758101850E1,4.777382314E-1,2.691948414E0,-6.795799136E-1
3.759101950E1,2.872326672E-1,2.811815977E0,-5.966004133E-1
3.760102050E1,1.541829854E-1,2.827318907E0,-5.030164123E-1
3.761102250E1,6.906960160E-2,2.664101124E0,-4.085076153E-1
3.762102350E1,6.447485089E-2,2.353366375E0,-3.322756886E-1
3.763102550E1,1.120998040E-1,1.911288261E0,-2.712888420E-1
3.764102650E1,1.619832069E-1,1.373975515E0,-2.130074203E-1
3.765102850E1,2.568734288E-1,8.332235813E-1,-1.506128311E-1
3.766102950E1,3.353892863E-1,3.131900132E-1,-8.722852916E-2
3.767103050E1,3.748019338E-1,-1.020165160E-1,-2.685120516E-2
3.768103250E1,3.643386364E-1,-4.388957322E-1,1.851254888E-2
3.769103350E1,3.061712384E-1,-6.452908516E-1,2.704295330E-2
3.770103550E1,2.409485728E-1,-6.967926621E-1,-5.232429132E-3
3.771103650E1,1.782920659E-1,-6.122845411E-1,-8.030936867E-2
3.772103750E1,1.162944809E-1,-4.643163979E-1,-1.724659204E-1
3.773103950E1,3.318021446E-2,-2.741519809E-1,-2.386121005E-1
3.774104050E1,-8.215542883E-2,-2.193812095E-2,-2.704190314E-1
3.775104250E1,-2.167524993E-1,2.979860902E-1,-3.012639284E-1
3.776104350E1,-3.539393842E-1,6.856086254E-1,-3.512314856E-1
3.777104450E1,-4.844362140E-1,1.110548258E0,-4.230865240E-1
3.778104650E1,-5.663760900E-1,1.468041062E0,-5.197521448E-1
3.779104750E1,-6.117038131E-1,1.933804512E0,-6.324021220E-1
3.780104950E1,-5.926129222E-1,1.974915504E0,-7.545248270E-1
3.781105050E1,-5.700919628E-1,2.147020340E0,-8.499462605E-1
3.782105150E1,-5.435261130E-1,2.152814627E0,-8.961185217E-1
3.783105350E1,-5.558061600E-1,2.215226889E0,-8.873881102E-1
3.784105450E1,-5.645378828E-1,2.196087837E0,-8.609876633E-1
3.785105650E1,-5.444874763E-1,1.976790309E0,-8.256240487E-1
3.786105750E1,-5.238557458E-1,1.708942056E0,-8.048607111E-1
3.787105850E1,-4.648259580E-1,1.378461957E0,-7.875541449E-1
3.788106050E1,-3.730765879E-1,1.064983130E0,-7.698279023E-1
3.789106150E1,-3.055079877E-1,7.674485445E-1,-7.621577978E-1
3.790106350E1,-2.474561334E-1,4.770851731E-1,-7.555406690E-1
3.791106450E1,-2.029376924E-1,2.136696279E-1,-7.437196970E-1
3.792106550E1,-1.855738759E-1,5.105221644E-3,-7.381765842E-1
3.793106750E1,-1.577818543E-1,-1.479810178E-1,-7.418987751E-1
3.794106850E1,-1.550033838E-1,-1.724714488E-1,-7.644538879E-1
3.795107050E1,-1.589722484E-1,-1.481201202E-1,-7.879035473E-1
3.796107150E1,-1.716246605E-1,-5.792684108E-2,-8.032976985E-1
3.797107250E1,-1.870643348E-1,5.549532175E-2,-8.092887402E-1
3.798107450E1,-1.912590861E-1,1.749657989E-1,-8.111318946E-1
3.799107550E1,-1.939284503E-1,3.106059134E-1,-8.271248341E-1
3.800107750E1,-1.910711527E-1,4.452209771E-1,-8.526392579E-1
3.801107850E1,-1.857383698E-1,5.599929690E-1,-8.787700534E-1
3.802107950E1,-1.774796396E-1,6.402009726E-1,-8.866604567E-1
3.803108150E1,-1.625420600E-1,7.132791281E-1,-8.584029078E-1
3.804108250E1,-1.439137757E-1,7.877035737E-1,-8.120819926E-1
3.805108450E1,-1.184787378E-1,8.555942178E-1,-7.680189013E-1
3.806108550E1,-9.456887841E-2,9.025212526E-1,-7.217786908E-1
3.807108650E1,-8.061702549E-2,9.235570431E-1,-6.728491783E-1
3.808108850E1,-7.045546919E-2,9.113198519E-1,-6.190807223E-1
3.809108950E1,-7.655677199E-2,8.387561440E-1,-5.552104115E-1
3.810109150E1,-8.122422546E-2,6.841084957E-1,-4.854361415E-1
3.811109250E1,-9.252577275E-2,4.340363145E-1,-4.103140831E-1
3.812109450E1,-9.230020642E-2,1.192964762E-1,-3.538473547E-1
3.813109550E1,-9.207817167E-2,-2.200733572E-1,-3.246568143E-1
3.814109650E1,-9.786016494E-2,-5.321143270E-1,-3.269881308E-1
3.815109850E1,-1.140455604E-1,-7.803956866E-1,-3.490521908E-1
3.816109950E1,-1.370864362E-1,-9.300435185E-1,-3.651957512E-1
3.817110150E1,-1.648728997E-1,-9.974328876E-1,-3.593227863E-1
3.818110250E1,-2.171222568E-1,-9.446133375E-1,-3.391062021E-1
3.819110350E1,-2.579544783E-1,-8.411737084E-1,-3.051203787E-1
3.820110550E1,-2.947654724E-1,-6.759384274E-1,-2.704617381E-1
3.821110650E1,-3.253202140E-1,-4.605299234E-1,-2.504965663E-1
3.822110850E1,-3.518269062E-1,-2.240279168E-1,-2.457566559E-1
3.823110950E1,-3.685660660E-1,3.649248742E-3,-2.533286512E-1
3.824111050E1,-3.925685883E-1,2.210976779E-1,-2.738429904E-1
3.825111250E1,-4.039730132E-1,4.130896628E-1,-3.026349247E-1
3.826111350E1,-4.038944542E-1,5.759307146E-1,-3.457957208E-1
3.827111550E1,-3.891928792E-1,7.220622897E-1,-4.003618956E-1
3.828111650E1,-3.595391214E-1,8.654306531E-1,-4.647885561E-1
3.829111750E1,-3.148369789E-1,1.011244297E0,-5.349099040E-1
3.830111950E1,-2.441335171E-1,1.137896299E0,-5.791857839E-1
3.831112050E1,-1.599762589E-1,1.206712961E0,-5.595273376E-1
3.832112250E1,-8.477710932E-2,1.174829125E0,-4.989452362E-1
3.833112350E1,-3.875001566E-3,1.073636293E0,-4.603133500E-1
3.834112450E1,3.999365121E-2,8.051206470E-1,-4.310633242E-1
3.835112650E1,8.323753625E-2,5.553677678E-1,-4.110877514E-1
3.836112750E1,1.201918274E-1,3.510588706E-1,-4.154888988E-1
3.837112950E1,1.627856642E-1,1.501021832E-1,-4.425471127E-1
3.838113050E1,2.106535882E-1,-3.556435928E-2,-4.968657494E-1
3.839113150E1,2.467558682E-1,-2.245412618E-1,-5.600757003E-1
3.840113350E1,2.662723064E-1,-3.912844360E-1,-6.279702783E-1
3.841113450E1,2.758760750E-1,-4.844262898E-1,-6.943619847E-1
3.842113650E1,2.780167162E-1,-4.766719639E-1,-7.489789128E-1
3.843113750E1,2.756059468E-1,-3.790178001E-1,-7.921133637E-1
3.844113950E1,2.657298744E-1,-2.141617388E-1,-8.256092668E-1
3.845114050E1,2.434652150E-1,-2.117894776E-2,-8.585947752E-1
3.846114150E1,2.245162874E-1,1.768081635E-1,-8.960430622E-1
3.847114350E1,2.029696405E-1,3.667357266E-1,-9.402881265E-1
3.848114450E1,1.852167398E-1,5.489736795E-1,-9.957101345E-1
3.849114650E1,1.676765531E-1,7.121786475E-1,-1.053063989E0
3.850114750E1,1.509151459E-1,8.798709512E-1,-1.105299711E0
3.851114850E1,1.296620369E-1,1.052334905E0,-1.152126074E0
3.852115050E1,1.256824881E-1,1.262027740E0,-1.191722989E0
3.853115150E1,8.725833893E-2,1.390781522E0,-1.228638887E0
3.854115350E1,8.092427999E-2,1.563812971E0,-1.253705621E0
3.855115450E1,8.999640495E-2,1.666923761E0,-1.267834306E0
3.856115550E1,1.292189062E-1,1.680334330E0,-1.274682045E0
3.857115750E1,2.092925608E-1,1.605050445E0,-1.283612132E0
3.858115850E1,3.128498197E-1,1.507357121E0,-1.297410250E0
3.859116050E1,4.492630064E-1,1.223015666E0,-1.291215181E0
3.860116150E1,5.880571008E-1,8.885033727E-1,-1.264028072E0
3.861116250E1,7.087349892E-1,6.226972342E-1,-1.231880069E0
3.862116450E1,8.010566831E-1,1.348404437E-1,-1.185856581E0
3.863116550E1,8.543789983E-1,-3.645775020E-1,-1.154878855E0
3.864116750E1,8.360620737E-1,-8.285358548E-1,-1.170943499E0
3.865116850E1,7.509441376E-1,-1.147811413E0,-1.242109418E0
3.866117050E1,6.613745689E-1,-1.402240396E0,-1.293688416E0
3.867117150E1,5.450158715E-1,-1.631749988E0,-1.160630584E0
3.868117250E1,4.559800327E-1,-1.789595246E0,-9.194452167E-1
3.869117450E1,4.375130832E-1,-1.790031910E0,-7.199720740E-1
3.870117550E1,4.469217658E-1,-1.554343462E0,-6.502094865E-1
3.871117750E1,4.743395448E-1,-1.187149167E0,-6.824840307E-1
3.872117850E1,5.433081985E-1,-7.877269983E-1,-7.520114779E-1
3.873117950E1,6.273763776E-1,-4.549542964E-1,-8.229421973E-1
3.874118150E1,6.821303964E-1,-1.862764657E-1,-8.675628901E-1
3.875118250E1,7.165800333E-1,2.950304560E-2,-8.925141096E-1
3.876118450E1,7.541303039E-1,2.000705153E-1,-9.117352366E-1
3.877118550E1,7.923922539E-1,3.220930099E-1,-9.471770525E-1
3.878118650E1,8.266937733E-1,3.828500807E-1,-9.747455716E-1
3.879118850E1,8.628094196E-1,3.676512241E-1,-9.589256048E-1
3.880118950E1,9.078791738E-1,2.944411933E-1,-8.796163797E-1
3.881119150E1,9.695106745E-1,2.134959996E-1,-7.840439677E-1
3.882119250E1,1.043265939E0,1.541130990E-1,-7.084256411E-1
3.883119350E1,1.122565746E0,1.252572536E-1,-6.368909478E-1
3.884119550E1,1.205734372E0,1.153444424E-1,-5.626484156E-1
3.885119650E1,1.299994826E0,8.418215066E-2,-4.939621389E-1
3.886119850E1,1.398800969E0,3.975191619E-3,-4.257836044E-1
3.887119950E1,1.503768325E0,-1.139826253E-1,-3.668937385E-1
3.888120150E1,1.626652122E0,-2.387914062E-1,-3.360868394E-1
3.889120250E1,1.750329733E0,-3.176421523E-1,-3.309773207E-1
3.890120350E1,1.855970860E0,-3.364070356E-1,-3.405308723E-1
3.891120550E1,1.939471722E0,-3.070229590E-1,-3.467254937E-1
3.892120650E1,2.019175053E0,-2.789319456E-1,-3.220417202E-1
3.893120850E1,2.110105276E0,-2.611514032E-1,-2.745251358E-1
3.894120950E1,2.220559120E0,-2.490737140E-1,-2.192235291E-1
3.895121050E1,2.346453667E0,-2.271143496E-1,-1.899147183E-1
3.896121250E1,2.469632387E0,-1.915507615E-1,-1.882270724E-1
3.897121350E1,2.578878641E0,-1.424977034E-1,-1.985643208E-1
3.898121550E1,2.670759678E0,-9.931320697E-2,-1.932917982E-1
3.899121650E1,2.750708818E0,-5.470826849E-2,-1.482491046E-1
3.900121750E1,2.826876640E0,2.119501866E-2,-7.562763244E-2
3.901121950E1,2.900465488E0,1.207190752E-1,-2.750532702E-3
3.902122050E1,2.977040291E0,1.964780241E-1,7.269229740E-2
3.903122250E1,3.057126522E0,2.313640267E-1,1.565106660E-1
3.904122350E1,3.157519579E0,2.467307299E-1,2.586799264E-1
3.905122550E1,3.282986641E0,2.693990469E-1,3.668650091E-1
3.906122650E1,3.428943634E0,3.164658844E-1,4.794594646E-1
3.907122750E1,3.537637234E0,3.481411636E-1,6.000104547E-1
3.908122950E1,3.594275713E0,3.126084805E-1,7.475282550E-1
3.909123050E1,3.577100515E0,1.478994489E-1,9.762148261E-1
3.910123250E1,3.458597183E0,-1.534390897E-1,1.276225686E0
3.911123350E1,3.266087055E0,-5.156320333E-1,1.556002975E0
3.912123354E1,3.082243443E0,-8.691714406E-1,1.725952148E0
3.913123554E1,2.959864855E0,-1.214325070E0,1.761788845E0
3.914123654E1,2.895161867E0,-1.540947437E0,1.703218222E0
3.915123854E1,2.897593975E0,-1.828124166E0,1.602819085E0
3.916123954E1,2.920417309E0,-1.943825722E0,1.507010579E0
3.917124054E1,2.936896324E0,-1.898590326E0,1.460325837E0
3.918124254E1,2.894145727E0,-1.714337587E0,1.471469641E0
3.919124354E1,2.849850178E0,-1.460465074E0,1.505717039E0
3.920124554E1,2.790935993E0,-1.077604294E0,1.563952327E0
3.921124654E1,2.753541708E0,-3.994015455E-1,1.615270138E0
3.922124854E1,2.927061558E0,3.015549779E-1,1.667660475E0
3.923124954E1,3.168279409E0,7.847461104E-1,1.777917504E0
3.924125054E1,3.330828905E0,9.795776606E-1,1.991420150E0
3.925125254E1,3.352835655E0,1.049111128E0,2.261365652E0
3.926125354E1,3.270304680E0,1.248821020E0,2.432514668E0
3.927125554E1,3.249856234E0,1.558193922E0,2.432061672E0
3.928125654E1,3.296393156E0,1.932788372E0,2.305595875E0
3.929125754E1,3.288561344E0,2.215807199E0,2.189866781E0
3.930125954E1,3.206555128E0,2.416948080E0,2.169080496E0
3.931126054E1,3.091838360E0,2.707086325E0,2.231107473E0
3.932126254E1,3.031625748E0,2.868613720E0,2.354229689E0
3.933126354E1,2.948892355E0,3.082663298E0,2.489389658E0
3.934126454E1,2.822524071E0,3.236464262E0,2.638184309E0
3.935126654E1,2.625295162E0,3.399538755E0,2.790177584E0
3.936126754E1,2.376655817E0,3.549238205E0,2.882189989E0
3.937126954E1,2.088961840E0,3.584771633E0,2.886778116E0
3.938127054E1,1.780861020E0,3.447539330E0,2.799121857E0
3.939127254E1,1.440082431E0,3.088488817E0,2.658463478E0
3.940127354E1,1.064437151E0,2.622490406E0,2.525645256E0
3.941127454E1,6.806324124E-1,2.130077124E0,2.448695183E0
3.942127654E1,3.184216917E-1,1.777257323E0,2.410884857E0
3.943127754E1,1.962483115E-2,1.581613660E0,2.345497370E0
3.944127954E1,-1.793207675E-1,1.437308908E0,2.198086500E0
3.945128054E1,-3.283786774E-1,1.236695051E0,1.981709123E0
3.946128154E1,-4.688393772E-1,9.930379987E-1,1.759602547E0
3.947128354E1,-6.224179864E-1,7.831835747E-1,1.586715937E0
3.948128454E1,-7.748850584E-1,6.578791738E-1,1.460314870E0
3.949128654E1,-8.972599506E-1,6.732681990E-1,1.387175441E0
3.950128754E1,-1.021386981E0,8.802144527E-1,1.358821869E0
3.951128854E1,-1.110865712E0,1.195275307E0,1.320339441E0
3.952129054E1,-1.170716524E0,1.542528272E0,1.293736339E0
3.953129154E1,-1.182217598E0,1.700587392E0,1.295779943E0
3.954129354E1,-1.229249477E0,1.878371000E0,1.329363227E0
3.955129454E1,-1.218256235E0,1.820958495E0,1.364143372E0
3.956129654E1,-1.231307268E0,1.914484143E0,1.377801418E0
3.957129754E1,-1.234588981E0,2.087270021E0,1.333799958E0
3.958129854E1,-1.242186427E0,2.394354820E0,1.231060982E0
3.959130054E1,-1.219657183E0,2.648573399E0,1.099685073E0
3.960130154E1,-1.206615925E0,2.828961134E0,9.965005517E-1
3.961130354E1,-1.204382777E0,2.776790619E0,9.623072743E-1
3.962130454E1,-1.204765558E0,2.558740854E0,9.888555408E-1
3.963130554E1,-1.203079939E0,2.356469154E0,1.015071154E0
3.964130754E1,-1.129221678E0,2.171306372E0,1.002143145E0
3.965130854E1,-1.087531328E0,2.270650625E0,9.722591639E-1
3.966131054E1,-1.018916368E0,2.261912823E0,9.369341731E-1
3.967131154E1,-9.241005182E-1,2.110669374E0,8.833118677E-1
3.968131254E1,-9.085655212E-1,2.038341284E0,8.264906406E-1
3.969131454E1,-8.608785272E-1,1.786557794E0,7.786478996E-1
3.970131554E1,-8.498528004E-1,1.659031272E0,7.190348506E-1
3.971131754E1,-9.071112871E-1,1.629080057E0,6.397799850E-1
3.972131854E1,-9.563376904E-1,1.606348634E0,5.351880789E-1
3.973132054E1,-1.002784729E0,1.538134933E0,4.207300246E-1
3.974132154E1,-1.050153017E0,1.459424138E0,3.292350173E-1
3.975132254E1,-1.075791597E0,1.349323511E0,2.710723579E-1
3.976132454E1,-1.028001070E0,1.105071664E0,2.415464371E-1
3.977132554E1,-1.056990862E0,1.106214285E0,2.567100525E-1
3.978132754E1,-1.085602045E0,1.026968241E0,2.608637810E-1
3.979132854E1,-1.138502598E0,9.486193061E-1,2.260410637E-1
3.980132954E1,-1.186358809E0,8.761203289E-1,1.641183048E-1
3.981133154E1,-1.193219304E0,7.145136595E-1,8.851964027E-2
3.982133254E1,-1.249677777E0,7.761770487E-1,2.478301153E-2
3.983133454E1,-1.237197995E0,7.644616961E-1,-5.704656616E-2
3.984133554E1,-1.200182915E0,7.268746495E-1,-1.269484162E-1
3.985133754E1,-1.135113716E0,6.314334273E-1,-1.814748198E-1
3.986133854E1,-1.136119843E0,6.532832980E-1,-1.880088896E-1
3.987133954E1,-1.108512878E0,6.693090200E-1,-2.159884870E-1
3.988134154E1,-1.028366327E0,5.810907483E-1,-2.551129758E-1
3.989134254E1,-9.718691111E-1,7.187602520E-1,-2.807922959E-1
3.990134454E1,-8.704679012E-1,7.239912152E-1,-3.227501512E-1
3.991134554E1,-7.315567136E-1,7.579208612E-1,-3.884962797E-1
3.992134654E1,-5.863230824E-1,7.661886215E-1,-4.490717649E-1
3.993134854E1,-5.198944211E-1,8.585238457E-1,-4.850995541E-1
3.994134954E1,-4.642478824E-1,7.858222127E-1,-5.334319472E-1
3.995135154E1,-5.032277703E-1,8.918563128E-1,-5.636340976E-1
3.996135254E1,-5.613163710E-1,8.037152886E-1,-5.804599524E-1
3.997135454E1,-6.271017194E-1,7.434028983E-1,-5.794609189E-1
3.998135554E1,-6.226310730E-1,5.338197947E-1,-5.756182075E-1
3.999135654E1,-6.852278709E-1,6.622485518E-1,-5.834161639E-1
4.000135854E1,-7.769537568E-1,7.558341622E-1,-5.888618231E-1
4.001135954E1,-8.837171197E-1,7.255135179E-1,-6.119816899E-1
4.002136154E1,-9.765426517E-1,4.815452695E-1,-6.337495446E-1
4.003136254E1,-1.182155013E0,6.112449169E-1,-6.571157575E-1
4.004136354E1,-1.363218307E0,5.211530924E-1,-6.886081696E-1
4.005136554E1,-1.485276699E0,4.436359107E-1,-7.292238474E-1
4.006136654E1,-1.554052830E0,3.496135473E-1,-7.788172364E-1
4.007136854E1,-1.607306004E0,2.461730838E-1,-8.393775821E-1
4.008136954E1,-1.673360348E0,1.460382193E-1,-9.022479057E-1
4.009137054E1,-1.765837431E0,2.551855333E-2,-9.517697692E-1
4.010137254E1,-1.878697395E0,-6.874616444E-2,-9.871943593E-1
4.011137354E1,-1.987816691E0,-1.188074052E-1,-1.000580907E0
4.012137612E1,-2.101567268E0,-1.044657528E-1,-1.018527746E0
4.013137712E1,-2.208401203E0,-4.188071936E-2,-1.041370630E0
4.014137912E1,-2.295434237E0,3.506652638E-2,-1.069379687E0
4.015138012E1,-2.360144854E0,1.189767867E-1,-1.106100440E0
4.016138112E1,-2.398011208E0,2.616916001E-1,-1.151947856E0
4.017138312E1,-2.434425592E0,3.866938353E-1,-1.213540077E0
4.018138412E1,-2.492015123E0,5.191751719E-1,-1.280213833E0
4.019138612E1,-2.562561274E0,6.331169009E-1,-1.354639888E0
4.020138712E1,-2.651646614E0,7.436295748E-1,-1.440082788E0
4.021138812E1,-2.719715118E0,8.260717988E-1,-1.537396073E0
4.022139012E1,-2.776274920E0,9.266048074E-1,-1.639496565E0
4.023139112E1,-2.833990812E0,9.931001067E-1,-1.746596694E0
4.024139312E1,-2.853372812E0,1.040809274E0,-1.840713620E0
4.025139412E1,-2.861492395E0,1.086210012E0,-1.938662887E0
4.026139612E1,-2.884435892E0,1.107866049E0,-2.051957607E0
4.027139712E1,-2.917084694E0,1.122626066E0,-2.172907829E0
4.028139812E1,-2.948859453E0,1.115317822E0,-2.282524586E0
4.029140012E1,-2.959551811E0,1.139627337E0,-2.377818108E0
4.030140112E1,-2.945625782E0,1.181115627E0,-2.448656321E0
4.031140312E1,-2.924457788E0,1.234998226E0,-2.504049301E0
4.032140412E1,-2.850452662E0,1.144475818E0,-2.579270363E0
4.033140512E1,-2.775982618E0,1.102472901E0,-2.675564289E0
4.034140713E1,-2.698693275E0,9.924661517E-1,-2.791972876E0
4.035140812E1,-2.570495605E0,8.466897011E-1,-2.927683115E0
4.036141012E1,-2.448816776E0,6.532912254E-1,-3.029847860E0
4.037141112E1,-2.325447559E0,4.710027575E-1,-3.070418358E0
4.038141312E1,-2.144064188E0,3.056537509E-1,-3.064568996E0
4.039141412E1,-1.966969728E0,6.575150043E-2,-3.029521704E0
4.040141513E1,-1.816088080E0,-1.951818168E-1,-2.989911318E0
4.041141712E1,-1.680508018E0,-4.541012645E-1,-2.956031561E0
4.042141812E1,-1.600325346E0,-7.049180865E-1,-2.912017584E0
4.043142012E1,-1.557691932E0,-8.768942356E-1,-2.865438938E0
4.044142112E1,-1.569449782E0,-9.567256570E-1,-2.811458349E0
4.045142212E1,-1.569004178E0,-9.997195005E-1,-2.771595240E0
4.046142412E1,-1.599113345E0,-9.895552993E-1,-2.736075878E0
4.047142512E1,-1.619322300E0,-9.308041930E-1,-2.721788168E0
4.048142712E1,-1.603228569E0,-8.883962631E-1,-2.694263458E0
4.049142812E1,-1.590756774E0,-8.507530093E-1,-2.644100189E0
4.050143012E1,-1.569064498E0,-8.060121536E-1,-2.571913958E0
4.051143112E1,-1.536633849E0,-7.619310021E-1,-2.475032091E0
4.052143212E1,-1.505876899E0,-6.891701221E-1,-2.376407623E0
4.053143412E1,-1.476987481E0,-6.338173151E-1,-2.271723032E0
4.054143512E1,-1.461759567E0,-5.887361169E-1,-2.177145481E0
4.055143712E1,-1.488037944E0,-4.068249166E-1,-2.088279963E0
4.056143812E1,-1.470258713E0,-4.128095508E-1,-2.043200493E0
4.057143912E1,-1.492803097E0,-2.791449726E-1,-2.013764381E0
4.058144112E1,-1.530051947E0,-1.520501077E-1,-1.990501165E0
4.059144212E1,-1.552215457E0,2.651713975E-2,-1.975145936E0
4.060144412E1,-1.554621339E0,1.193115264E-1,-1.945258617E0
4.061144512E1,-1.539454460E0,2.119621187E-1,-1.894636989E0
4.062144712E1,-1.499313712E0,1.919077188E-1,-1.822003245E0
4.063144813E1,-1.456171393E0,1.451834738E-1,-1.747581363E0
4.064144912E1,-1.416471720E0,6.630384177E-2,-1.680142641E0
4.065145112E1,-1.391090989E0,1.037190408E-1,-1.631894708E0
4.066145212E1,-1.326893568E0,2.164361440E-2,-1.601681352E0
4.067145412E1,-1.236238837E0,4.727313295E-3,-1.582808971E0
4.068145512E1,-1.145116687E0,-2.224544808E-2,-1.547364593E0
4.069145712E1,-1.075512409E0,-3.884635121E-2,-1.495598197E0
4.070145812E1,-1.046968818E0,-6.876270473E-2,-1.430357099E0
4.071145912E1,-1.062563062E0,-7.931163907E-2,-1.375591993E0
4.072146112E1,-1.102497458E0,-7.807593793E-2,-1.332601905E0
4.073146212E1,-1.136825323E0,-2.360432968E-2,-1.306151986E0
4.074146412E1,-1.125212550E0,-2.231509425E-2,-1.273522496E0
4.075146512E1,-1.108009219E0,-1.202099118E-2,-1.237120867E0
4.076146612E1,-1.098757744E0,-2.646837384E-2,-1.208682895E0
4.077146812E1,-1.095577478E0,-2.420274168E-2,-1.197888374E0
4.078146912E1,-1.090798736E0,-3.186199442E-2,-1.178883314E0
4.079147112E1,-1.068003058E0,-4.577376414E-3,-1.170026183E0
4.080147212E1,-1.039238334E0,4.616835713E-2,-1.164838552E0
4.081147412E1,-9.931563735E-1,1.111118421E-1,-1.158773661E0
4.082147512E1,-9.456391931E-1,1.866438836E-1,-1.153556347E0
4.083147612E1,-8.968307376E-1,2.601599395E-1,-1.148986220E0
4.084147812E1,-8.497500420E-1,3.134356737E-1,-1.148065805E0
4.085147912E1,-8.052251935E-1,3.441718519E-1,-1.157479048E0
4.086148113E1,-7.571766973E-1,3.680300415E-1,-1.172848344E0
4.087148212E1,-7.086554170E-1,3.862503767E-1,-1.188996673E0
4.088148412E1,-6.589803100E-1,4.241365194E-1,-1.186401367E0
4.089148512E1,-5.906810760E-1,4.736090302E-1,-1.171730518E0
4.090148612E1,-5.131724477E-1,5.479501486E-1,-1.156203985E0
4.091148812E1,-3.993692398E-1,6.116342545E-1,-1.145802259E0
4.092148913E1,-2.688759565E-1,7.151734829E-1,-1.166056156E0
4.093149112E1,-1.195875257E-1,8.719477654E-1,-1.232776046E0
4.094149212E1,-3.370884061E-2,1.047267079E0,-1.320632458E0
4.095149312E1,3.878878057E-2,1.289678454E0,-1.450768828E0
4.096149512E1,3.985244781E-2,1.507392406E0,-1.577343822E0
4.097149612E1,2.155219577E-2,1.595366955E0,-1.667949915E0
4.098149812E1,4.348441958E-3,1.747222900E0,-1.728903055E0
4.099149912E1,2.369341999E-2,1.589921713E0,-1.762802362E0
4.100150112E1,5.001956597E-2,1.272771120E0,-1.800645351E0
4.101150212E1,6.971856952E-2,8.683482409E-1,-1.703743935E0
4.102150312E1,9.483750165E-2,4.892123640E-1,-1.545639515E0
4.103150512E1,1.342892051E-1,1.444752365E-1,-1.445480347E0
4.104150612E1,1.832184047E-1,-1.607443243E-1,-1.397477388E0
4.105150812E1,2.196124047E-1,-4.382793307E-1,-1.351137996E0
4.106150912E1,2.679157257E-1,-6.529184580E-1,-1.314440727E0
4.107151112E1,3.133116066E-1,-7.951324582E-1,-1.280083656E0
4.108151212E1,3.361740410E-1,-8.800582290E-1,-1.238476634E0
4.109151312E1,3.341411650E-1,-9.312987924E-1,-1.196266055E0
4.110151512E1,3.037640750E-1,-9.665111303E-1,-1.154567957E0
4.111151612E1,2.391960621E-1,-1.015049815E0,-1.128121018E0
4.112151812E1,1.339444816E-1,-1.086010337E0,-1.115650058E0
4.113151879E1,1.150417980E-2,-1.161252975E0,-1.106675625E0
4.114151979E1,-9.298361093E-2,-1.233125329E0,-1.104844689E0
4.115152179E1,-1.676787734E-1,-1.304988980E0,-1.092603207E0
4.116152279E1,-1.911944896E-1,-1.366441965E0,-1.053904891E0
4.117152479E1,-1.628539115E-1,-1.410544395E0,-9.731264710E-1
4.118152579E1,-1.049304157E-1,-1.433164001E0,-8.657752275E-1
4.119152779E1,-5.160080269E-2,-1.420312166E0,-7.718465328E-1
4.120152879E1,-2.592233568E-2,-1.371322155E0,-7.192714214E-1
4.121152979E1,-3.266215324E-2,-1.303396225E0,-7.105412483E-1
4.122153179E1,-6.660307944E-2,-1.216412544E0,-7.355443239E-1
4.123153279E1,-1.166806370E-1,-1.145524740E0,-7.565580010E-1
4.124153479E1,-1.728834510E-1,-1.080617905E0,-7.786638141E-1
4.125153579E1,-2.067063153E-1,-1.052946806E0,-7.856281996E-1
4.126153779E1,-2.185877413E-1,-1.074399471E0,-7.684454918E-1
4.127153879E1,-2.051098943E-1,-1.136734724E0,-7.268571854E-1
4.128153979E1,-1.633406132E-1,-1.231803179E0,-6.670840979E-1
4.129154179E1,-1.081090569E-1,-1.329571843E0,-6.063477993E-1
4.130154279E1,-3.694939986E-2,-1.434395432E0,-5.409069657E-1
4.131154479E1,4.809146747E-2,-1.519614577E0,-4.764294922E-1
4.132154579E1,1.335139573E-1,-1.577030420E0,-4.183283746E-1
4.133154779E1,1.966007352E-1,-1.637754917E0,-3.684207797E-1
4.134154879E1,2.330383807E-1,-1.694554567E0,-3.317469060E-1
4.135154979E1,2.514486015E-1,-1.738922358E0,-3.055101931E-1
4.136155179E1,2.669117153E-1,-1.756464124E0,-2.797622383E-1
4.137155279E1,2.948731482E-1,-1.714686394E0,-2.556101382E-1
4.138155479E1,3.527561724E-1,-1.607478738E0,-2.293944955E-1
4.139155579E1,4.333221018E-1,-1.467044353E0,-2.080240101E-1
4.140155679E1,5.181251168E-1,-1.298889160E0,-1.984052062E-1
4.141155879E1,5.892550945E-1,-1.152307272E0,-1.841345429E-1
4.142155979E1,6.680747867E-1,-1.015802145E0,-1.538296342E-1
4.143156179E1,7.592355013E-1,-8.670409918E-1,-1.182850450E-1
4.144156279E1,8.702664375E-1,-6.868890524E-1,-9.037085623E-2
4.145156479E1,1.003674746E0,-4.410236180E-1,-8.606512845E-2
4.146156579E1,1.178600430E0,-2.340573668E-1,-9.634786099E-2
4.147156679E1,1.388386011E0,-6.722621154E-3,-1.098887324E-1
4.148156879E1,1.640339613E0,1.757603735E-1,-1.151330322E-1
4.149156979E1,1.892145038E0,3.321865797E-1,-1.035491824E-1
4.150157179E1,2.131060600E0,4.576939046E-1,-8.603277057E-2
4.151157279E1,2.371429682E0,5.819545984E-1,-6.843906641E-2
4.152157479E1,2.608905077E0,7.069748640E-1,-3.401237726E-2
4.153157579E1,2.832355261E0,7.512316108E-1,2.258374915E-2
4.154157679E1,2.995889902E0,7.058013082E-1,1.104408950E-1
4.155157879E1,3.100322485E0,6.634750962E-1,2.480635792E-1
4.156157979E1,3.190387964E0,5.418679714E-1,4.069818556E-1
4.157158179E1,3.225133896E0,5.210868120E-1,5.673871636E-1
4.158158279E1,3.249245167E0,5.555729270E-1,6.918417215E-1
4.159158479E1,3.258588314E0,6.518639922E-1,7.748004198E-1
4.160158579E1,3.288295746E0,7.883056998E-1,8.268684149E-1
4.161158679E1,3.327844858E0,9.647276998E-1,8.492569923E-1
4.162158879E1,3.378698349E0,1.206259966E0,8.469224572E-1
4.163158979E1,3.399199724E0,1.488738656E0,8.250397444E-1
4.164159179E1,3.470354795E0,1.743048191E0,8.147791028E-1
4.165159279E1,3.483656168E0,2.060500860E0,8.069751263E-1
4.166159479E1,3.463761806E0,2.370091438E0,7.753559351E-1
4.167159579E1,3.377907753E0,2.629118204E0,6.902650595E-1
4.168159679E1,3.292061567E0,2.793432474E0,5.641849041E-1
4.169159879E1,3.292231798E0,2.755128384E0,4.929068089E-1
4.170159979E1,3.323023796E0,2.681408405E0,5.111896992E-1
4.171160179E1,3.398179293E0,2.569147587E0,6.099987030E-1
4.172160279E1,3.478786707E0,2.435418606E0,7.530621290E-1
4.173160379E1,3.556041718E0,2.311792612E0,8.963433504E-1
4.174160579E1,3.612952471E0,2.238350868E0,1.010318756E0
4.175160679E1,3.692678213E0,2.185387850E0,1.112341046E0
4.176160879E1,3.731716633E0,2.150053740E0,1.226777792E0
4.177160979E1,3.689050913E0,2.172949314E0,1.321456075E0
4.178161179E1,3.664767742E0,2.241805077E0,1.363644242E0
4.179161279E1,3.640335560E0,2.346512079E0,1.364577770E0
4.180161379E1,3.533603907E0,2.506981373E0,1.348976135E0
4.181161579E1,3.411812305E0,2.578218460E0,1.317720652E0
4.182161679E1,3.322499752E0,2.598533154E0,1.287339091E0
4.183161879E1,3.246479034E0,2.616267204E0,1.245698571E0
4.184161979E1,3.190263987E0,2.672833204E0,1.212617874E0
4.185162179E1,3.130644560E0,2.702393532E0,1.200088263E0
4.186162279E1,3.001035213E0,2.678825140E0,1.207618594E0
4.187162379E1,2.807424784E0,2.652998447E0,1.179664016E0
4.188162579E1,2.657083035E0,2.602408409E0,1.092097163E0
4.189162679E1,2.515564680E0,2.452234507E0,9.864133000E-1
4.190162879E1,2.358025312E0,2.212914467E0,9.070524573E-1
4.191162979E1,2.211942196E0,1.906847477E0,8.664664030E-1
4.192163179E1,2.081451416E0,1.544624805E0,8.678365946E-1
4.193163279E1,1.927947044E0,1.179230332E0,8.833093643E-1
4.194163379E1,1.794441938E0,8.835137486E-1,8.731122017E-1
4.195163579E1,1.686727166E0,6.137756705E-1,8.500324488E-1
4.196163679E1,1.560269475E0,3.080058694E-1,8.525848389E-1
4.197163879E1,1.419743776E0,1.250790711E-2,8.544700742E-1
4.198163979E1,1.339356184E0,-1.917076111E-1,8.303148150E-1
4.199164179E1,1.234889388E0,-3.451322019E-1,7.840183973E-1
4.200164279E1,1.177926183E0,-4.278481305E-1,7.563889027E-1
4.201164379E1,1.260566831E0,-5.054200888E-1,7.734355927E-1
4.202164579E1,1.350371242E0,-6.117372513E-1,8.057311773E-1
4.203164679E1,1.448394060E0,-7.854685187E-1,8.019915819E-1
4.204164879E1,1.492671490E0,-9.381984472E-1,7.682362795E-1
4.205164979E1,1.425878763E0,-9.480925202E-1,7.290504575E-1
4.206165179E1,1.334472656E0,-9.636315107E-1,6.975452900E-1
4.207165279E1,1.267819405E0,-7.845522761E-1,6.752602458E-1
4.208165379E1,1.118233562E0,-4.372190535E-1,6.546961069E-1
4.209165579E1,9.318677783E-1,6.989295781E-2,5.947177410E-1
4.210165679E1,6.938751936E-1,6.922633648E-1,4.433245063E-1
4.211165879E1,3.730217814E-1,1.396638751E0,2.195105702E-1
4.212165979E1,5.008846149E-2,2.119997025E0,2.007709816E-2
4.213166167E1,-1.902877241E-1,2.781915665E0,-9.377279133E-2
4.214166267E1,-3.434857726E-1,3.281619310E0,-1.230875403E-1
4.215166367E1,-6.062563658E-1,3.506549835E0,-1.256657243E-1
4.216166567E1,-7.445783019E-1,3.395400047E0,-1.423525512E-1
4.217166667E1,-7.220897675E-1,3.023938179E0,-1.529476345E-1
4.218166867E1,-7.307833433E-1,2.451669931E0,-1.092102751E-1
4.219166967E1,-6.951619983E-1,1.691577196E0,2.395418100E-2
4.220167067E1,-6.506797671E-1,8.979642391E-1,1.897764355E-1
4.221167267E1,-6.142724156E-1,2.295419425E-1,3.025453389E-1
4.222167367E1,-5.478897095E-1,-4.741224647E-1,3.248695433E-1
4.223167567E1,-4.991152883E-1,-8.399871588E-1,3.054396212E-1
4.224167667E1,-4.722082913E-1,-9.958854318E-1,2.378709465E-1
4.225167867E1,-4.576525986E-1,-1.003504992E0,1.382092685E-1
4.226167967E1,-4.614294767E-1,-8.994553089E-1,3.278323635E-2
4.227168067E1,-4.907049835E-1,-6.703029871E-1,-6.943964213E-2
4.228168267E1,-5.237500072E-1,-3.369181156E-1,-1.623432189E-1
4.229168367E1,-5.408166647E-1,2.825833298E-2,-2.412711829E-1
4.230168567E1,-5.607920289E-1,3.216582537E-1,-2.918469906E-1
4.231168667E1,-5.959203839E-1,4.913005531E-1,-3.079137802E-1
4.232168867E1,-6.622027159E-1,5.322224498E-1,-2.880575061E-1
4.233168967E1,-7.746751308E-1,4.877562523E-1,-2.428095341E-1
4.234169067E1,-8.579064012E-1,4.245040417E-1,-1.834655106E-1
4.235169267E1,-9.140492678E-1,3.242701292E-1,-1.147259176E-1
4.236169367E1,-9.529064298E-1,1.742468327E-1,-6.855123490E-2
4.237169567E1,-9.209890962E-1,-3.691631556E-2,-5.425499007E-2
4.238169667E1,-9.230629206E-1,-3.927199543E-1,-2.004375868E-2
4.239169867E1,-9.935364723E-1,-7.642919421E-1,3.570431471E-2
4.240169967E1,-1.095466018E0,-1.028247595E0,5.379463360E-2
4.241170067E1,-1.216474175E0,-1.147177219E0,-2.881637774E-4
4.242170267E1,-1.307970881E0,-1.138508439E0,-1.054958105E-1
4.243170367E1,-1.271133065E0,-1.078405142E0,-2.229793072E-1
4.244170567E1,-1.211414099E0,-1.102743030E0,-2.940084636E-1
4.245170667E1,-1.222573996E0,-1.161045671E0,-3.212680221E-1
4.246170867E1,-1.296411514E0,-1.147355080E0,-3.376571238E-1
4.247170967E1,-1.411327600E0,-1.032668233E0,-3.720084429E-1
4.248171067E1,-1.529730678E0,-8.222148418E-1,-4.188230932E-1
4.249171267E1,-1.644520760E0,-5.406416059E-1,-4.569982588E-1
4.250171367E1,-1.744165897E0,-2.077251524E-1,-4.826721847E-1
4.251171567E1,-1.824544668E0,1.613160074E-1,-5.211280584E-1
4.252171667E1,-1.876056314E0,5.617612004E-1,-5.958451629E-1
4.253171867E1,-1.896499872E0,9.768631458E-1,-7.008644938E-1
4.254171967E1,-1.909640193E0,1.351395488E0,-8.107100129E-1
4.255172067E1,-1.921081305E0,1.639253855E0,-8.895938993E-1
4.256172267E1,-1.933091402E0,1.825996876E0,-9.286891222E-1
4.257172367E1,-1.937773585E0,1.933499455E0,-9.439073205E-1
4.258172567E1,-1.931642175E0,1.960945725E0,-9.404755831E-1
4.259172667E1,-1.911589384E0,1.914445519E0,-9.469350576E-1
4.260172867E1,-1.895655870E0,1.796491146E0,-9.664605856E-1
4.261172967E1,-1.850623727E0,1.615768552E0,-1.009486794E0
4.262173067E1,-1.791211009E0,1.421035528E0,-1.051718950E0
4.263173267E1,-1.693847060E0,1.087861180E0,-1.044215918E0
4.264173367E1,-1.633518696E0,6.673431993E-1,-1.002708673E0
4.265173567E1,-1.553879619E0,3.723946810E-1,-9.552302361E-1
4.266173667E1,-1.484787822E0,1.556402594E-1,-9.144394398E-1
4.267173867E1,-1.433580160E0,-7.208738010E-3,-8.809356093E-1
4.268173967E1,-1.406951308E0,-9.755834192E-2,-8.535295129E-1
4.269174067E1,-1.394632101E0,-1.700997800E-1,-8.395008445E-1
4.270174267E1,-1.379670739E0,-2.262384146E-1,-8.307070732E-1
4.271174367E1,-1.385382652E0,-2.149758190E-1,-8.292631507E-1
4.272174567E1,-1.386403680E0,-2.057002932E-1,-8.253759742E-1
4.273174667E1,-1.402920485E0,-1.120894179E-1,-8.233194947E-1
4.274174867E1,-1.402899623E0,5.915932124E-4,-8.163952827E-1
4.275174967E1,-1.377327323E0,1.512139738E-1,-8.197187781E-1
4.276175067E1,-1.355011821E0,2.940033376E-1,-8.425721526E-1
4.277175267E1,-1.326938748E0,4.398626685E-1,-8.773815632E-1
4.278175367E1,-1.295436978E0,5.441976190E-1,-9.093448520E-1
4.279175567E1,-1.277806878E0,6.772139072E-1,-9.322839379E-1
4.280175667E1,-1.262059331E0,7.606033087E-1,-9.215971828E-1
4.281175867E1,-1.238369942E0,8.270049095E-1,-8.940162063E-1
4.282175967E1,-1.216583610E0,8.570964932E-1,-8.698237538E-1
4.283176067E1,-1.188406467E0,8.427799940E-1,-8.625239134E-1
4.284176267E1,-1.158174872E0,7.922223210E-1,-8.684427738E-1
4.285176367E1,-1.140407205E0,7.210957408E-1,-8.881773353E-1
4.286176567E1,-1.118386388E0,6.133610010E-1,-8.943721056E-1
4.287176667E1,-1.090068936E0,4.926552474E-1,-8.886574507E-1
4.288176867E1,-1.054829717E0,3.430417776E-1,-8.718814254E-1
4.289176967E1,-1.020960808E0,2.562652528E-1,-8.504847288E-1
4.290177067E1,-1.003452420E0,1.899006218E-1,-8.402283192E-1
4.291177267E1,-9.779443145E-1,1.221603304E-1,-8.466721773E-1
4.292177367E1,-9.829132557E-1,9.706489742E-3,-8.742124438E-1
4.293177567E1,-1.030192375E0,-1.312356442E-1,-8.996675014E-1
4.294177667E1,-1.101462245E0,-2.462860644E-1,-9.384449720E-1
4.295177867E1,-1.175679684E0,-5.475556850E-1,-9.526504278E-1
4.296177967E1,-1.226301312E0,-7.391509414E-1,-9.391947985E-1
4.297178067E1,-1.225412488E0,-9.482152462E-1,-9.041589499E-1
4.298178267E1,-1.172242165E0,-1.116883397E0,-8.699706197E-1
4.299178367E1,-1.108175516E0,-1.277551413E0,-8.383036256E-1
4.300178567E1,-1.050555944E0,-1.415626526E0,-7.960605621E-1
4.301178667E1,-1.018717051E0,-1.521938205E0,-7.485349774E-1
4.302178867E1,-9.995830059E-1,-1.574376464E0,-7.080365419E-1
4.303178967E1,-9.940509796E-1,-1.551472664E0,-6.809592843E-1
4.304179067E1,-9.940152764E-1,-1.461556315E0,-6.563644409E-1
4.305179267E1,-9.941250682E-1,-1.306661963E0,-6.093423367E-1
4.306179367E1,-9.904205799E-1,-1.110031724E0,-5.416104794E-1
4.307179567E1,-9.928420782E-1,-9.167766571E-1,-4.730477631E-1
4.308179667E1,-1.007651091E0,-7.431651950E-1,-4.244157672E-1
4.309179867E1,-1.035564065E0,-5.815293193E-1,-4.007158279E-1
4.310179967E1,-1.050055385E0,-4.151251912E-1,-3.948587477E-1
4.311180067E1,-1.048027039E0,-2.271219194E-1,-4.056241214E-1
4.312180267E1,-1.034416676E0,-8.735517040E-3,-4.350142479E-1
4.313180387E1,-1.016579866E0,2.380283475E-1,-4.646232128E-1
4.314180587E1,-9.937995672E-1,5.000823736E-1,-4.797662199E-1
4.315180687E1,-9.695659876E-1,7.310168147E-1,-4.865515530E-1
4.316180887E1,-9.459125996E-1,8.975301981E-1,-4.867608845E-1
4.317180987E1,-9.223099351E-1,9.895519018E-1,-4.758191407E-1
4.318181087E1,-9.043519497E-1,1.010288119E0,-4.565386474E-1
4.319181287E1,-8.859087229E-1,9.748589993E-1,-4.378804862E-1
4.320181387E1,-8.523382545E-1,8.906578422E-1,-4.306124747E-1
4.321181587E1,-8.183742166E-1,7.648853660E-1,-4.277848303E-1
4.322181687E1,-7.895995378E-1,6.142178178E-1,-4.197628796E-1
4.323181887E1,-7.726299167E-1,4.511327446E-1,-3.956378102E-1
4.324181987E1,-7.561427951E-1,2.980388105E-1,-3.689641058E-1
4.325182087E1,-7.447537780E-1,1.801365465E-1,-3.555486798E-1
4.326182287E1,-7.511272430E-1,9.484483302E-2,-3.620744944E-1
4.327182387E1,-7.832713723E-1,3.123047017E-2,-3.972934484E-1
4.328182587E1,-8.314061165E-1,4.954656586E-3,-4.392089248E-1
4.329182687E1,-8.766804934E-1,3.429101780E-3,-4.944667518E-1
4.330182887E1,-9.215720892E-1,1.273684949E-2,-5.551029444E-1
4.331182987E1,-9.648737907E-1,1.417934429E-2,-6.087544560E-1
4.332183087E1,-9.961593151E-1,1.895252801E-2,-6.494395733E-1
4.333183287E1,-1.012210488E0,4.421101138E-2,-6.760485768E-1
4.334183387E1,-1.019484878E0,9.179504216E-2,-6.961231828E-1
4.335183587E1,-1.034341216E0,1.339113265E-1,-7.120223045E-1
4.336183687E1,-1.050932527E0,1.574712545E-1,-7.220003605E-1
4.337183887E1,-1.064179659E0,1.633407623E-1,-7.305946946E-1
4.338183987E1,-1.065405250E0,1.730090976E-1,-7.497643828E-1
4.339184087E1,-1.056830168E0,1.898585111E-1,-7.786777020E-1
4.340184287E1,-1.034811139E0,2.323162109E-1,-8.045223951E-1
4.341184387E1,-1.007521391E0,2.946595550E-1,-8.180919886E-1
4.342184587E1,-9.705754519E-1,3.750268221E-1,-8.170582056E-1
4.343184687E1,-9.324516058E-1,4.551540017E-1,-8.089455366E-1
4.344184887E1,-9.009948969E-1,5.127299428E-1,-7.984116673E-1
4.345184987E1,-8.947235346E-1,5.772476196E-1,-7.959854007E-1
4.346185187E1,-8.973957300E-1,6.157271266E-1,-7.978022099E-1
4.347185287E1,-9.049502015E-1,6.287745237E-1,-8.159150481E-1
4.348185387E1,-9.297418594E-1,6.015508771E-1,-8.374432325E-1
4.349185587E1,-9.842756987E-1,5.650189519E-1,-8.670168519E-1
4.350185687E1,-1.017677665E0,5.503180623E-1,-9.283446670E-1
4.351185887E1,-1.095705867E0,4.532831013E-1,-1.024850488E0
4.352185987E1,-1.152919054E0,3.337103724E-1,-1.168957591E0
4.353186187E1,-1.204230666E0,1.753779054E-1,-1.296961069E0
4.354186287E1,-1.242720008E0,-6.017869338E-2,-1.362279892E0
4.355186387E1,-1.241190553E0,-2.933121622E-1,-1.358112693E0
4.356186587E1,-1.243300557E0,-6.167850494E-1,-1.295492649E0
4.357186687E1,-1.205611587E0,-8.995453119E-1,-1.255962253E0
4.358186887E1,-1.144380927E0,-1.103747129E0,-1.285366774E0
4.359186987E1,-1.086465478E0,-1.207959294E0,-1.380329013E0
4.360187187E1,-1.060832262E0,-1.221785307E0,-1.484372854E0
4.361187287E1,-1.049818039E0,-1.125172853E0,-1.557106495E0
4.362187387E1,-1.036287665E0,-9.779760242E-1,-1.610646486E0
4.363187587E1,-1.044494271E0,-8.711363077E-1,-1.509493470E0
4.364187687E1,-1.076753378E0,-7.010892034E-1,-1.273820400E0
4.365187887E1,-1.099711776E0,-4.433632791E-1,-1.062261701E0
4.366187987E1,-1.099827647E0,-1.985375583E-1,-9.423880577E-1
4.367188187E1,-1.100537181E0,-3.883918002E-2,-9.055939913E-1
4.368188287E1,-1.084019184E0,-4.319771007E-2,-9.080094695E-1
4.369188387E1,-1.035634875E0,-1.473913640E-1,-9.103963971E-1
4.370188587E1,-9.761914611E-1,-2.738446593E-1,-8.976869583E-1
4.371188687E1,-9.041226506E-1,-3.969588280E-1,-8.708580732E-1
4.372188887E1,-8.223649263E-1,-5.528796911E-1,-8.307713866E-1
4.373188987E1,-7.365400195E-1,-8.129905462E-1,-7.816499472E-1
4.374189187E1,-6.341199279E-1,-1.180504918E0,-7.453870177E-1
4.375189287E1,-5.358361602E-1,-1.615913153E0,-7.245652080E-1
4.376189387E1,-4.705407619E-1,-2.044282675E0,-6.930506825E-1
4.377189587E1,-4.618709683E-1,-2.418684244E0,-6.185476184E-1
4.378189687E1,-5.063145757E-1,-2.693199635E0,-5.087225437E-1
4.379189887E1,-6.030007601E-1,-2.854279041E0,-3.918753564E-1
4.380189987E1,-7.375572324E-1,-2.908841372E0,-3.219783008E-1
4.381190187E1,-8.881188631E-1,-2.913737535E0,-3.112937510E-1
4.382190287E1,-1.023518443E0,-2.893992424E0,-3.370222747E-1
4.383190487E1,-1.122486472E0,-2.869927406E0,-3.771779239E-1
4.384190587E1,-1.164464235E0,-2.871113062E0,-4.190534651E-1
4.385190687E1,-1.152359605E0,-2.905974865E0,-4.363873899E-1
4.386190887E1,-1.095930696E0,-2.945899725E0,-4.316293895E-1
4.387190987E1,-9.994660616E-1,-2.965051651E0,-4.122565091E-1
4.388191187E1,-8.789632916E-1,-2.948318958E0,-3.881613016E-1
4.389191287E1,-7.846329808E-1,-2.967758894E0,-3.662747443E-1
4.390191487E1,-7.351684570E-1,-2.952407837E0,-3.776288629E-1
4.391191587E1,-7.048726678E-1,-2.930854082E0,-4.001981318E-1
4.392191687E1,-6.619411707E-1,-2.960553885E0,-4.216338992E-1
4.393191887E1,-5.806003213E-1,-2.934635878E0,-4.210228324E-1
4.394191987E1,-4.457599521E-1,-2.905871868E0,-3.851867914E-1
4.395192187E1,-3.103979528E-1,-2.883527517E0,-3.270979524E-1
4.396192287E1,-1.548645496E-1,-2.859169006E0,-2.906776369E-1
4.397192487E1,-3.793421760E-2,-2.845019341E0,-3.000147343E-1
4.398192587E1,6.770379841E-2,-2.820417881E0,-3.443571627E-1
4.399192687E1,1.506882310E-1,-2.765043259E0,-3.901056647E-1
4.400192887E1,2.139417678E-1,-2.576418638E0,-4.181196988E-1
4.401192987E1,2.914779186E-1,-2.413626671E0,-3.992175758E-1
4.402193187E1,3.490285575E-1,-2.183249712E0,-3.636052310E-1
4.403193287E1,3.848094940E-1,-1.966085553E0,-2.997655272E-1
4.404193487E1,4.518015683E-1,-1.836854100E0,-2.290093303E-1
4.405193587E1,5.344893336E-1,-1.822698832E0,-1.833786368E-1
4.406193687E1,5.682859421E-1,-1.589455724E0,-1.465069056E-1
4.407193887E1,7.172611952E-1,-1.654038072E0,-1.127916723E-1
4.408193987E1,8.869069219E-1,-1.563895106E0,-9.479828924E-2
4.409194187E1,1.052504778E0,-1.431538463E0,-6.102108583E-2
4.410194287E1,1.157038093E0,-1.270739913E0,6.814954337E-3
4.411194487E1,1.286279678E0,-1.140411139E0,9.020704776E-2
4.412194587E1,1.314933181E0,-9.402845502E-1,1.585967541E-1
4.413194875E1,1.323695660E0,-1.000708342E0,1.865206808E-1
4.414194975E1,1.389744997E0,-1.072215915E0,1.896549612E-1
4.415195075E1,1.531603217E0,-1.015775681E0,2.019035220E-1
4.416195275E1,1.720239401E0,-1.031722188E0,2.198364586E-1
4.417195375E1,1.779388309E0,-9.936858416E-1,2.518410981E-1
4.418195575E1,1.752378583E0,-9.812214375E-1,3.226082027E-1
4.419195675E1,1.710795403E0,-9.629761577E-1,3.655599356E-1
4.420195875E1,1.667214394E0,-9.157372713E-1,3.434399962E-1
4.421195975E1,1.666797042E0,-1.028077126E0,2.591812313E-1
4.422196075E1,1.675906897E0,-9.759817123E-1,1.228436381E-1
4.423196275E1,1.717757344E0,-8.883885145E-1,5.535116885E-3
4.424196375E1,1.769236803E0,-8.445762992E-1,-4.002011940E-2
4.425196575E1,1.705222249E0,-7.310081124E-1,-1.369969686E-4
4.426196675E1,1.583287597E0,-6.658565402E-1,1.383788139E-1
4.427196875E1,1.519369960E0,-7.261927724E-1,2.842891812E-1
4.428196975E1,1.454566956E0,-6.251580119E-1,3.902259767E-1
4.429197075E1,1.434753656E0,-6.323505640E-1,4.126181901E-1
4.430197275E1,1.438185930E0,-5.732486248E-1,3.972956836E-1
4.431197375E1,1.480980396E0,-4.390217662E-1,3.355924189E-1
4.432197575E1,1.523551226E0,-3.411079943E-1,2.662130594E-1
4.433197675E1,1.557461143E0,-2.258923650E-1,2.106000334E-1
4.434197875E1,1.536558270E0,-1.033209041E-1,1.362839937E-1
4.435197975E1,1.453428030E0,6.812480092E-2,1.462635100E-1
4.436198175E1,1.353851438E0,5.190775543E-2,1.626584530E-1
4.437198275E1,1.246514797E0,1.776688993E-1,2.147650719E-1
4.438198375E1,1.200936437E0,3.184369504E-1,2.082222253E-1
4.439198575E1,1.136397123E0,4.831965268E-1,1.770249307E-1
4.440198675E1,1.066022515E0,6.429283619E-1,1.586365998E-1
4.441198875E1,1.078076839E0,7.720365524E-1,6.334131211E-2
4.442198975E1,1.084749222E0,8.761131763E-1,-1.503924653E-2
4.443199175E1,1.153121352E0,8.065400720E-1,-9.161468595E-2
4.444199275E1,1.194034457E0,7.522323728E-1,-1.290834844E-1
4.445199375E1,1.236731410E0,6.434818506E-1,-1.200952083E-1
4.446199575E1,1.261214495E0,4.848067164E-1,-9.939180315E-2
4.447199675E1,1.301515818E0,4.589869976E-1,-5.178562179E-2
4.448199875E1,1.370436788E0,4.151484370E-1,-8.077226579E-2
4.449199975E1,1.420687556E0,3.726023734E-1,-1.006387621E-1
4.450200175E1,1.456016541E0,3.332725465E-1,-1.220923886E-1
4.451200275E1,1.485378981E0,3.105603158E-1,-1.329279840E-1
4.452200375E1,1.520686626E0,3.067184389E-1,-1.203576028E-1
4.453200575E1,1.560684204E0,3.464605510E-1,-1.098159403E-1
4.454200675E1,1.600643396E0,3.711358011E-1,-1.032997221E-1
4.455200875E1,1.630792975E0,4.835837781E-1,-1.073794141E-1
4.456200975E1,1.640563369E0,4.737615287E-1,-1.384518445E-1
4.457201175E1,1.644885063E0,4.790681303E-1,-1.294679344E-1
4.458201275E1,1.669519663E0,4.392661154E-1,-1.177377775E-1
4.459201475E1,1.715514660E0,4.329099059E-1,-1.015352532E-1
4.460201575E1,1.768933654E0,4.329442680E-1,-7.452253997E-2
4.461201675E1,1.806078911E0,4.493233860E-1,-5.910586193E-2
4.462201875E1,1.845478177E0,4.887256622E-1,-7.859407365E-2
4.463201975E1,1.879477501E0,5.244034529E-1,-1.067219898E-1
4.464202175E1,1.921607137E0,5.608884692E-1,-1.293103993E-1
4.465202275E1,1.972164869E0,5.794605017E-1,-1.344148219E-1
4.466202475E1,2.046220303E0,6.162241101E-1,-1.329660714E-1
4.467202575E1,2.037689924E0,4.802030623E-1,-1.181286946E-1
4.468202675E1,2.049480200E0,4.046528935E-1,-1.039982289E-1
4.469202875E1,2.055974245E0,3.237863481E-1,-9.057927877E-2
4.470202975E1,2.068300962E0,2.473970354E-1,-6.358201802E-2
4.471203175E1,2.095161200E0,1.956441700E-1,-4.676533118E-2
4.472203275E1,2.117123365E0,1.545955390E-1,-5.609039217E-2
4.473203475E1,2.134086847E0,1.171597689E-1,-8.426975459E-2
4.474203575E1,2.143856049E0,1.089942530E-1,-1.208123192E-1
4.475203675E1,2.142858744E0,1.114753857E-1,-1.534219682E-1
4.476203875E1,2.127811909E0,9.385963529E-2,-1.674810648E-1
4.477203975E1,2.108310699E0,6.078615040E-2,-1.675877124E-1
4.478204175E1,2.089559078E0,2.921464294E-2,-1.544386148E-1
4.479204275E1,2.071201086E0,2.272983268E-2,-1.334018409E-1
4.480204475E1,2.061128378E0,3.823076189E-2,-1.228014007E-1
4.481204575E1,2.058118343E0,7.229754329E-2,-1.396802068E-1
4.482204775E1,2.045396566E0,1.106931344E-1,-1.909657717E-1
4.483204875E1,2.028193235E0,1.507181823E-1,-2.397319376E-1
4.484204975E1,2.016223669E0,1.921793520E-1,-2.805145383E-1
4.485205175E1,2.002353430E0,2.222404331E-1,-3.024062812E-1
4.486205275E1,1.995634198E0,2.449630499E-1,-3.047852814E-1
4.487205475E1,1.999040961E0,2.814208269E-1,-2.939530909E-1
4.488205575E1,1.992740631E0,3.400412500E-1,-2.842879593E-1
4.489205775E1,1.975422025E0,4.179933667E-1,-2.881222963E-1
4.490205875E1,1.951598167E0,4.806399643E-1,-3.083269000E-1
4.491205975E1,1.940805435E0,4.913362563E-1,-3.472066522E-1
4.492206175E1,1.955685139E0,4.824903011E-1,-3.950050771E-1
4.493206275E1,2.001271248E0,4.693981707E-1,-4.556075037E-1
4.494206475E1,2.062689781E0,4.556506574E-1,-5.247748494E-1
4.495206575E1,2.118662357E0,4.495682716E-1,-5.979601145E-1
4.496206775E1,2.160230160E0,4.631804824E-1,-6.609380245E-1
4.497206875E1,2.186821222E0,4.900043905E-1,-7.089498043E-1
4.498206975E1,2.202150106E0,5.152397156E-1,-7.629821897E-1
4.499207175E1,2.216050148E0,5.172585845E-1,-8.196281791E-1
4.500207275E1,2.206079006E0,5.025598407E-1,-8.742415905E-1
4.501207475E1,2.165086031E0,4.965520799E-1,-9.066004157E-1
4.502207575E1,2.092614412E0,5.336880088E-1,-9.087932110E-1
4.503207775E1,1.998558640E0,6.114112139E-1,-8.843551278E-1
4.504207875E1,1.925334454E0,7.028242350E-1,-8.765389919E-1
4.505208075E1,1.906146049E0,7.980000973E-1,-9.221998453E-1
4.506208175E1,1.913553119E0,8.978345394E-1,-9.988461733E-1
4.507208275E1,1.910960317E0,1.010594964E0,-1.087028146E0
4.508208475E1,1.900207281E0,1.143288374E0,-1.156782985E0
4.509208575E1,1.842196703E0,1.286447167E0,-1.205068707E0
4.510208775E1,1.751768708E0,1.445355535E0,-1.241316438E0
4.511208875E1,1.694176912E0,1.608455062E0,-1.246293187E0
4.512209075E1,1.601844311E0,1.744632363E0,-1.246682763E0
4.513209150E1,1.461034179E0,1.844156027E0,-1.254048824E0
4.514209250E1,1.324180484E0,1.895556092E0,-1.261405230E0
4.515209450E1,1.179124713E0,1.917921066E0,-1.252914310E0
4.516209550E1,1.067030668E0,1.904641271E0,-1.256744385E0
4.517209750E1,9.664081931E-1,1.789519906E0,-1.208408117E0
4.518209850E1,9.090396762E-1,1.658661246E0,-1.094389081E0
4.519210050E1,8.549351096E-1,1.608416557E0,-9.134239554E-1
4.520210150E1,8.059042096E-1,1.292416573E0,-7.523807287E-1
4.521210350E1,7.975513339E-1,1.124090910E0,-6.438884139E-1
4.522210450E1,7.930066586E-1,9.580228925E-1,-5.669707060E-1
4.523210550E1,7.645562887E-1,8.506778479E-1,-5.305425525E-1
4.524210750E1,7.539520860E-1,7.858881950E-1,-5.317900181E-1
4.525210850E1,7.561064363E-1,8.722646832E-1,-5.913906097E-1
4.526211050E1,7.132756114E-1,9.678590894E-1,-7.230309248E-1
4.527211150E1,5.691153407E-1,1.236248612E0,-8.530530334E-1
4.528211350E1,3.582071066E-1,1.648182392E0,-9.486445189E-1
4.529211450E1,1.376289576E-1,2.153676987E0,-9.698256850E-1
4.530211550E1,-6.934659183E-2,2.663672686E0,-9.318684340E-1
4.531211750E1,-2.532640696E-1,3.062340498E0,-8.597242832E-1
4.532211850E1,-3.706772625E-1,3.284312248E0,-8.616774678E-1
4.533212050E1,-3.958656788E-1,3.299187422E0,-9.666144848E-1
4.534212150E1,-3.326883018E-1,3.198483467E0,-1.095327973E0
4.535212350E1,-2.782410681E-1,2.836597681E0,-1.213716269E0
4.536212450E1,-1.455549300E-1,2.524005651E0,-1.291286707E0
4.537212650E1,2.048174851E-2,2.116202354E0,-1.262100220E0
4.538212750E1,1.591570824E-1,1.713033438E0,-1.141302466E0
4.539212850E1,2.645598948E-1,1.371875405E0,-1.009535909E0
4.540213050E1,3.723162115E-1,8.536090851E-1,-9.164890051E-1
4.541213150E1,4.013513327E-1,4.944772124E-1,-8.923069835E-1
4.542213350E1,3.470776975E-1,1.314891726E-1,-9.117776155E-1
4.543213450E1,2.220657468E-1,-1.056432426E-1,-9.355037212E-1
4.544213650E1,1.038376391E-1,-2.334786952E-1,-9.734854698E-1
4.545213750E1,6.731364876E-2,-2.435103655E-1,-1.035613656E0
4.546213950E1,8.945463598E-2,4.310093354E-3,-1.090674996E0
4.547214050E1,1.252190173E-1,3.307120129E-2,-1.186011910E0
4.548214150E1,1.815741658E-1,2.932276726E-1,-1.325552702E0
4.549214350E1,2.802100778E-1,5.221685767E-1,-1.494271636E0
4.550214450E1,3.092172146E-1,7.694270611E-1,-1.694138646E0
4.551214650E1,3.518621922E-1,9.505152106E-1,-1.878334284E0
4.552214750E1,4.057936072E-1,1.084160924E0,-2.011629105E0
4.553214950E1,4.614088535E-1,1.149701595E0,-2.118681908E0
4.554215050E1,5.441303253E-1,1.192443132E0,-2.222069502E0
4.555215150E1,5.957555771E-1,1.114251018E0,-2.308488607E0
4.556215350E1,6.356795430E-1,1.066671491E0,-2.417306423E0
4.557215450E1,7.130288482E-1,8.435574174E-1,-2.507151127E0
4.558215650E1,8.519014716E-1,5.436633825E-1,-2.569968939E0
4.559215750E1,9.963582158E-1,1.414547116E-1,-2.602223158E0
4.560215950E1,1.138558269E0,-2.614410818E-1,-2.625901222E0
4.561216050E1,1.278811574E0,-6.726481318E-1,-2.678123951E0
4.562216250E1,1.380061507E0,-1.049328327E0,-2.758193731E0
4.563216350E1,1.393529773E0,-1.500179768E0,-2.808983564E0
4.564216450E1,1.309527874E0,-1.849894404E0,-2.808507919E0
4.565216650E1,1.207588196E0,-2.160014868E0,-2.778157711E0
4.566216750E1,1.217827797E0,-2.493300438E0,-2.664673567E0
4.567216950E1,1.259049535E0,-2.780460358E0,-2.453495264E0
4.568217050E1,1.243468165E0,-2.909295321E0,-2.216106176E0
4.569217250E1,1.124742746E0,-2.844213247E0,-2.005448103E0
4.570217350E1,9.568874836E-1,-2.596521616E0,-1.859243035E0
4.571217550E1,7.509993911E-1,-2.222799301E0,-1.772472382E0
4.572217650E1,5.586520433E-1,-1.730423212E0,-1.709569573E0
4.573217750E1,4.705162048E-1,-1.240638494E0,-1.646828890E0
4.574217950E1,4.392762482E-1,-7.541519403E-1,-1.566399336E0
4.575218050E1,4.401074946E-1,-2.761163712E-1,-1.525070667E0
4.576218250E1,5.029000640E-1,7.527388632E-2,-1.524376988E0
4.577218350E1,5.695700049E-1,2.940365672E-1,-1.537214518E0
4.578218550E1,6.335828304E-1,3.692966998E-1,-1.535791874E0
4.579218650E1,6.403514147E-1,2.983552516E-1,-1.528254032E0
4.580218850E1,6.118840575E-1,1.516896635E-1,-1.484155536E0
4.581218950E1,5.282291174E-1,-1.983628869E-1,-1.392149448E0
4.582219050E1,5.130099654E-1,-5.290462971E-1,-1.251599550E0
4.583219250E1,5.221763253E-1,-7.892876863E-1,-1.100819826E0
4.584219350E1,5.159863234E-1,-8.893091083E-1,-1.044519067E0
4.585219550E1,4.933362007E-1,-8.531770706E-1,-1.097763419E0
4.586219650E1,3.967154026E-1,-6.432723403E-1,-1.170072198E0
4.587219850E1,2.681053579E-1,-3.713954687E-1,-1.210357189E0
4.588219950E1,1.138042137E-1,-1.303058565E-1,-1.164581776E0
4.589220150E1,-1.058632880E-2,2.649239451E-2,-1.051136374E0
4.590220250E1,-7.702847570E-2,9.386584163E-2,-9.218966961E-1
4.591220350E1,-5.585730076E-2,1.556333452E-1,-8.377196789E-1
4.592220550E1,-7.281509228E-3,2.174557745E-2,-8.135775924E-1
4.593220650E1,7.164254040E-2,-9.045752138E-2,-8.209839463E-1
4.594220850E1,1.426552087E-1,-2.512445450E-1,-8.006256819E-1
4.595220950E1,1.626473665E-1,-4.049227536E-1,-7.373933196E-1
4.596221150E1,9.234924614E-2,-6.605071425E-1,-6.267829537E-1
4.597221250E1,5.196756124E-2,-7.189307809E-1,-5.325492620E-1
4.598221350E1,-1.990212826E-3,-6.581454873E-1,-4.854121208E-1
4.599221550E1,-6.162554398E-2,-5.110027194E-1,-4.506247938E-1
4.600221650E1,-8.725128323E-2,-3.162007630E-1,-3.632971048E-1
4.601221850E1,-1.428638846E-1,-8.137657493E-2,-2.471562326E-1
4.602221950E1,-2.151774913E-1,1.044534817E-1,-1.659090519E-1
4.603222150E1,-2.723778486E-1,1.641196758E-1,-9.299944341E-2
4.604222250E1,-3.089526594E-1,2.867023274E-2,6.771896034E-3
4.605222450E1,-3.854119778E-1,-1.926753074E-1,9.665095806E-2
4.606222550E1,-4.600350857E-1,-3.429175615E-1,1.820207089E-1
4.607222650E1,-5.078586936E-1,-3.804931343E-1,2.916913331E-1
4.608222850E1,-5.510612726E-1,-3.113878369E-1,4.058469534E-1
4.609222950E1,-5.070584416E-1,-2.164358199E-1,4.769472778E-1
4.610223150E1,-4.974379838E-1,-1.907062232E-1,5.372135639E-1
4.611223250E1,-4.912025332E-1,-3.429421782E-1,6.186801195E-1
4.612223450E1,-5.078848600E-1,-5.515952706E-1,6.953458190E-1
4.613223554E1,-5.517148972E-1,-7.015310526E-1,7.646155357E-1
4.614223754E1,-6.354936957E-1,-7.662538290E-1,8.494859338E-1
4.615223854E1,-7.346788049E-1,-7.303985357E-1,9.416459203E-1
4.616224054E1,-8.112327456E-1,-6.121432781E-1,1.028099060E0
4.617224154E1,-9.163905382E-1,-4.959074259E-1,1.111093163E0
4.618224254E1,-9.849600196E-1,-4.245163202E-1,1.173740506E0
4.619224454E1,-1.049979091E0,-4.361413717E-1,1.221772909E0
4.620224554E1,-1.134719014E0,-5.178969502E-1,1.273578048E0
4.621224754E1,-1.262418032E0,-6.250061989E-1,1.330770731E0
4.622224854E1,-1.329119563E0,-6.474843025E-1,1.349375844E0
4.623225054E1,-1.296083212E0,-7.346110940E-1,1.334430099E0
4.624225154E1,-1.235869884E0,-9.763784409E-1,1.350341201E0
4.625225254E1,-1.169909835E0,-1.293415546E0,1.400774479E0
4.626225454E1,-1.127192259E0,-1.634857297E0,1.476054549E0
4.627225554E1,-1.123604655E0,-1.954998136E0,1.571718454E0
4.628225754E1,-1.150857687E0,-2.183656931E0,1.684749484E0
4.629225854E1,-1.186169028E0,-2.241493940E0,1.789553881E0
4.630226054E1,-1.197100520E0,-2.144466400E0,1.850803137E0
4.631226154E1,-1.187685728E0,-1.941855550E0,1.864668489E0
4.632226354E1,-1.190696478E0,-1.623890638E0,1.849361181E0
4.633226454E1,-1.194087863E0,-1.218124866E0,1.813545704E0
4.634226654E1,-1.181352377E0,-7.866080999E-1,1.789783478E0
4.635226754E1,-1.184045076E0,-3.895291984E-1,1.788731456E0
4.636226854E1,-1.203134656E0,-3.805530444E-2,1.771682382E0
4.637227054E1,-1.191067815E0,2.848730981E-1,1.685296774E0
4.638227154E1,-1.191432953E0,5.707291365E-1,1.443996787E0
4.639227354E1,-1.223340154E0,7.042255402E-1,1.089225054E0
4.640227454E1,-1.234844685E0,7.933285236E-1,7.722616792E-1
4.641227654E1,-1.256368041E0,9.107432961E-1,5.562063456E-1
4.642227754E1,-1.299456477E0,1.050149679E0,4.425878823E-1
4.643227954E1,-1.391831040E0,1.223544359E0,3.844788671E-1
4.644228054E1,-1.537350774E0,1.485832691E0,2.782988846E-1
4.645228154E1,-1.678882122E0,1.809740901E0,5.858163536E-2
4.646228354E1,-1.771711349E0,2.140445709E0,-2.464877367E-1
4.647228454E1,-1.828092933E0,2.446161270E0,-5.632347465E-1
4.648228654E1,-1.876474261E0,2.616555691E0,-8.872674108E-1
4.649228754E1,-1.909245133E0,2.573038340E0,-1.170529962E0
4.650228954E1,-1.929874063E0,2.479115963E0,-1.357635617E0
4.651229054E1,-1.970808268E0,2.225582361E0,-1.460931778E0
4.652229254E1,-2.068440914E0,1.825491071E0,-1.506097198E0
4.653229354E1,-2.201173067E0,1.375015974E0,-1.534389138E0
4.654229454E1,-2.318401814E0,1.044466019E0,-1.549423218E0
4.655229654E1,-2.286923647E0,5.783665180E-1,-1.530835867E0
4.656229754E1,-2.240552664E0,2.061260641E-1,-1.424149394E0
4.657229954E1,-2.149878740E0,-2.623009682E-1,-1.243584037E0
4.658230054E1,-2.052003384E0,-8.086878657E-1,-1.050094962E0
4.659230254E1,-1.971432924E0,-1.391053915E0,-9.260144234E-1
4.660230354E1,-1.884959817E0,-1.957857847E0,-8.949167132E-1
4.661230554E1,-1.777495503E0,-2.403382540E0,-8.906921148E-1
4.662230654E1,-1.729401231E0,-2.645312071E0,-8.739330769E-1
4.663230754E1,-1.728336215E0,-2.618574142E0,-8.442108035E-1
4.664230954E1,-1.745151162E0,-2.384121180E0,-8.243598342E-1
4.665231054E1,-1.780228257E0,-1.941236138E0,-8.399223685E-1
4.666231254E1,-1.791949868E0,-1.390190601E0,-8.765959144E-1
4.667231354E1,-1.773611903E0,-7.984510064E-1,-9.356455207E-1
4.668231554E1,-1.754828095E0,-2.833453417E-1,-1.012486458E0
4.669231654E1,-1.774562240E0,1.344529986E-1,-1.087439179E0
4.670231854E1,-1.748564243E0,5.166256428E-1,-1.152847171E0
4.671231954E1,-1.700796127E0,7.845672369E-1,-1.184697747E0
4.672232054E1,-1.645133376E0,9.599720836E-1,-1.181488872E0
4.673232254E1,-1.575448394E0,8.734877110E-1,-1.161642194E0
4.674232354E1,-1.546614885E0,7.306695580E-1,-1.125026703E0
4.675232554E1,-1.530451179E0,4.545506239E-1,-1.076728702E0
4.676232654E1,-1.447571516E0,5.304660276E-2,-1.007278204E0
4.677232854E1,-1.334869146E0,-4.180983603E-1,-9.015578628E-1
4.678232954E1,-1.280979633E0,-9.779893160E-1,-7.368171215E-1
4.679233154E1,-1.227949500E0,-1.384286642E0,-6.080500484E-1
4.680233254E1,-1.249966383E0,-1.790585756E0,-5.215074420E-1
4.681233354E1,-1.261814117E0,-2.008767128E0,-5.250906348E-1
4.682233554E1,-1.278334498E0,-2.007287025E0,-6.299230456E-1
4.683233654E1,-1.311403513E0,-1.856895447E0,-7.296941280E-1
4.684233854E1,-1.349980235E0,-1.503539205E0,-7.834263444E-1
4.685233954E1,-1.459117413E0,-1.197146416E0,-7.383894324E-1
4.686234154E1,-1.547592163E0,-7.254614830E-1,-6.836732030E-1
4.687234254E1,-1.559863448E0,-5.385159850E-1,-6.005596519E-1
4.688234454E1,-1.574578762E0,-4.244562984E-1,-5.394262671E-1
4.689234554E1,-1.655656815E0,-5.678932667E-1,-5.591510534E-1
4.690234654E1,-1.668403268E0,-7.052755952E-1,-7.134950757E-1
4.691234854E1,-1.604164243E0,-8.583114147E-1,-8.099603057E-1
4.692234954E1,-1.518130302E0,-1.041829109E0,-7.502761483E-1
4.693235154E1,-1.485099196E0,-1.224579811E0,-6.438654065E-1
4.694235254E1,-1.512333751E0,-1.437379599E0,-5.857443213E-1
4.695235454E1,-1.545352340E0,-1.635260463E0,-5.337255001E-1
4.696235554E1,-1.544160843E0,-1.730473757E0,-4.775740504E-1
4.697235754E1,-1.538853765E0,-1.699324608E0,-4.358434975E-1
4.698235854E1,-1.479429603E0,-1.583530068E0,-3.677115738E-1
4.699236054E1,-1.439954281E0,-1.336625218E0,-2.822561264E-1
4.700236154E1,-1.421738029E0,-1.142225385E0,-2.366292626E-1
4.701236254E1,-1.396200776E0,-1.063875079E0,-2.161806822E-1
4.702236454E1,-1.358046293E0,-1.025318027E0,-1.638234705E-1
4.703236554E1,-1.291003942E0,-9.898884892E-1,-8.302136511E-2
4.704236754E1,-1.211749673E0,-9.046060443E-1,-3.860767698E-3
4.705236854E1,-1.159491539E0,-7.702883482E-1,6.525487453E-2
4.706237054E1,-1.125153780E0,-6.169331074E-1,1.283212006E-1
4.707237154E1,-1.091139555E0,-4.767745435E-1,1.897209436E-1
4.708237354E1,-1.061581135E0,-4.054662585E-1,2.662218511E-1
4.709237454E1,-1.038632989E0,-3.879136741E-1,3.443768322E-1
4.710237554E1,-9.857910275E-1,-3.897674978E-1,4.029298723E-1
4.711237754E1,-8.983224034E-1,-4.151819050E-1,4.562980831E-1
4.712237854E1,-8.103315234E-1,-4.062147737E-1,4.970676303E-1
4.713238012E1,-7.097972035E-1,-3.345457315E-1,5.103563070E-1
4.714238112E1,-6.325393915E-1,-2.140603364E-1,4.990554452E-1
4.715238312E1,-5.744073987E-1,-1.177844852E-1,5.117046833E-1
4.716238412E1,-5.046882033E-1,-7.467163354E-2,5.616073012E-1
4.717238612E1,-4.283381104E-1,-9.062042832E-2,6.493754387E-1
4.718238712E1,-3.244641721E-1,-1.411419213E-1,7.260683179E-1
4.719238812E1,-2.370929867E-1,-2.303371876E-1,7.510778308E-1
4.720239012E1,-1.695442945E-1,-3.632883132E-1,7.555288076E-1
4.721239112E1,-8.431078494E-2,-5.245907307E-1,7.400586009E-1
4.722239312E1,4.669623822E-2,-7.155015469E-1,6.819716096E-1
4.723239412E1,1.894696355E-1,-9.279893637E-1,5.847020745E-1
4.724239612E1,3.170736730E-1,-1.177134991E0,4.807665646E-1
4.725239712E1,4.357440770E-1,-1.435207009E0,4.391254187E-1
4.726239912E1,5.744625926E-1,-1.614552498E0,4.724415541E-1
4.727240012E1,6.713961363E-1,-1.731919408E0,5.707278252E-1
4.728240212E1,7.818198800E-1,-1.875699282E0,6.890866756E-1
4.729240312E1,8.421056271E-1,-2.132357836E0,7.722183466E-1
4.730240412E1,8.777208924E-1,-2.393076897E0,7.632397413E-1
4.731240612E1,8.814958334E-1,-2.423993111E0,6.532623172E-1
4.732240712E1,8.405504823E-1,-2.070551872E0,4.560179710E-1
4.733240912E1,7.132315040E-1,-1.401617646E0,2.396912426E-1
4.734241012E1,5.803083181E-1,-5.907594562E-1,8.664656430E-2
4.735241212E1,4.698424935E-1,2.028379589E-1,4.292648286E-2
4.736241312E1,3.586134315E-1,8.450139761E-1,6.411059946E-2
4.737241512E1,2.769012749E-1,1.362277031E0,1.693300530E-2
4.738241612E1,2.148229927E-1,1.700269938E0,-1.291573644E-1
4.739241712E1,1.704834104E-1,1.828097224E0,-2.829044461E-1
4.740241912E1,1.426017135E-1,1.800291657E0,-3.812179565E-1
4.741242012E1,1.412754208E-1,1.635655642E0,-4.085382819E-1
4.742242212E1,1.036193818E-1,1.371049047E0,-3.592754006E-1
4.743242312E1,4.904349893E-2,1.017700791E0,-2.981481254E-1
4.744242512E1,-5.022049695E-2,5.660572052E-1,-2.747554481E-1
4.745242612E1,-1.581719071E-1,7.461730391E-2,-2.667562366E-1
4.746242812E1,-1.874003559E-1,-2.950645983E-1,-2.725968063E-1
4.747242912E1,-2.069933116E-1,-4.389581084E-1,-3.082207143E-1
4.748243012E1,-2.521125674E-1,-3.380464017E-1,-3.809785247E-1
4.749243212E1,-3.094929457E-1,-6.425841153E-2,-4.886491597E-1
4.750243312E1,-3.593774140E-1,3.429607451E-1,-6.138172150E-1
4.751243512E1,-4.085133672E-1,7.915930152E-1,-7.328545451E-1
4.752243612E1,-4.637401402E-1,1.186074853E0,-8.163675070E-1
4.753243812E1,-4.960853159E-1,1.514656425E0,-8.622059226E-1
4.754243912E1,-5.003716350E-1,1.782935500E0,-8.888228536E-1
4.755244112E1,-4.789378941E-1,1.962579727E0,-9.146510959E-1
4.756244212E1,-4.248317778E-1,1.977415442E0,-9.375726581E-1
4.757244412E1,-3.992237747E-1,1.808744073E0,-9.435311556E-1
4.758244512E1,-3.867596388E-1,1.573153138E0,-9.390714169E-1
4.759244612E1,-3.363491893E-1,1.374670506E0,-9.241054654E-1
4.760244812E1,-3.121311963E-1,1.235799193E0,-8.737400770E-1
4.761244912E1,-3.123812079E-1,1.107499957E0,-8.338450193E-1
4.762245112E1,-3.630529046E-1,1.006961703E0,-8.369609118E-1
4.763245212E1,-3.927018642E-1,8.867704868E-1,-8.526746035E-1
4.764245412E1,-3.956741989E-1,8.838393688E-1,-8.596057296E-1
4.765245512E1,-3.413839936E-1,8.864879608E-1,-8.558122516E-1
4.766245712E1,-2.654556632E-1,9.553948045E-1,-8.246247768E-1
4.767245812E1,-1.849430352E-1,9.709509611E-1,-7.722420692E-1
4.768245912E1,-1.024100706E-1,8.593032956E-1,-7.001952529E-1
4.769246112E1,-2.723950520E-2,5.754313469E-1,-6.453171968E-1
4.770246212E1,3.870409355E-2,2.021634877E-1,-5.892317891E-1
4.771246412E1,1.344006956E-1,-2.264418751E-1,-4.795760512E-1
4.772246512E1,2.516727448E-1,-6.263450980E-1,-3.313370347E-1
4.773246712E1,3.126974404E-1,-8.904396296E-1,-1.707574129E-1
4.774246812E1,3.383604586E-1,-1.031155229E0,-3.584513441E-2
4.775247012E1,3.021210134E-1,-1.112412810E0,4.594506323E-2
4.776247112E1,2.932742536E-1,-1.083617926E0,6.523194164E-2
4.777247312E1,2.726443708E-1,-1.031939149E0,5.381606892E-2
4.778247412E1,2.304271609E-1,-8.418099284E-1,-1.377096400E-2
4.779247512E1,1.874662191E-1,-6.132984757E-1,-1.331255138E-1
4.780247712E1,1.351175159E-1,-3.789629042E-1,-2.504073977E-1
4.781247812E1,7.591810822E-2,-6.124699861E-2,-3.332293034E-1
4.782248012E1,5.161889642E-2,2.645553350E-1,-3.708557785E-1
4.783248112E1,6.204937026E-2,5.300077200E-1,-3.603257537E-1
4.784248312E1,9.380117804E-2,6.636709571E-1,-3.084066212E-1
4.785248412E1,9.893898666E-2,6.030889750E-1,-2.469996065E-1
4.786248612E1,5.716544017E-2,3.644039333E-1,-2.050620168E-1
4.787248712E1,1.856300794E-2,6.555753201E-2,-2.036168724E-1
4.788248912E1,-1.100846566E-2,-1.940604597E-1,-2.276921123E-1
4.789249012E1,-1.305217296E-2,-3.424048722E-1,-2.791039646E-1
4.790249112E1,4.220822826E-3,-3.746104836E-1,-3.570453525E-1
4.791249312E1,1.728769206E-2,-3.390750587E-1,-4.432560503E-1
4.792249412E1,-1.295330003E-2,-2.870491445E-1,-4.968881309E-1
4.793249612E1,-1.047171876E-1,-2.475537360E-1,-4.816025198E-1
4.794249712E1,-1.937818229E-1,-2.404393703E-1,-4.224689007E-1
4.795249912E1,-2.244470865E-1,-2.376232445E-1,-3.859468997E-1
4.796250012E1,-1.848496050E-1,-2.085657567E-1,-4.380953312E-1
4.797250212E1,-1.215796247E-1,-1.530802548E-1,-5.637614131E-1
4.798250312E1,-1.052605733E-1,-8.703332394E-2,-6.948595047E-1
4.799250412E1,-1.435459256E-1,-1.037206799E-1,-8.316570520E-1
4.800250612E1,-2.159311771E-1,-1.560379416E-1,-9.359799623E-1
4.801250712E1,-3.821399212E-1,-4.417704046E-1,-9.319539070E-1
4.802250912E1,-4.987168610E-1,-7.936288118E-1,-8.579851389E-1
4.803251012E1,-5.728445649E-1,-1.245828748E0,-7.984144092E-1
4.804251212E1,-5.775341392E-1,-1.499733210E0,-8.337356448E-1
4.805251312E1,-5.790629387E-1,-1.579618692E0,-9.066854119E-1
4.806251512E1,-5.882218480E-1,-1.486812234E0,-9.691346884E-1
4.807251612E1,-6.341974735E-1,-1.305115581E0,-1.017086864E0
4.808251812E1,-6.849040985E-1,-1.145400405E0,-1.069886446E0
4.809251912E1,-7.078572512E-1,-1.090950012E0,-1.077239156E0
4.810252012E1,-7.317546010E-1,-1.089692473E0,-1.039626479E0
4.811252212E1,-7.813218236E-1,-1.117506146E0,-9.769484997E-1
4.812252312E1,-8.147211075E-1,-1.199475765E0,-9.163671732E-1
4.813252550E1,-8.150312901E-1,-1.310842156E0,-8.650535941E-1
4.814252650E1,-7.849138975E-1,-1.372082591E0,-8.201801181E-1
4.815252850E1,-7.540404201E-1,-1.337515593E0,-7.824628949E-1
4.816252950E1,-7.324429750E-1,-1.217427254E0,-7.404366136E-1
4.817253150E1,-7.204987407E-1,-1.097802281E0,-6.951818466E-1
4.818253250E1,-6.913874745E-1,-1.027606130E0,-6.484587789E-1
4.819253350E1,-6.410493851E-1,-9.986423850E-1,-5.829246044E-1
4.820253550E1,-5.778107047E-1,-1.028969646E0,-5.042252541E-1
4.821253650E1,-5.303495526E-1,-1.079713225E0,-4.320078790E-1
4.822253850E1,-5.157237649E-1,-1.094800591E0,-3.621949852E-1
4.823253950E1,-5.126779675E-1,-1.058042645E0,-2.915472686E-1
4.824254150E1,-4.988372624E-1,-9.763110280E-1,-2.234118730E-1
4.825254250E1,-4.590370059E-1,-8.654986024E-1,-1.527154893E-1
4.826254450E1,-3.778521419E-1,-7.426858544E-1,-8.051639795E-2
4.827254550E1,-2.801904976E-1,-6.323919296E-1,-5.625608377E-3
4.828254750E1,-1.810990572E-1,-5.406178236E-1,6.972666830E-2
4.829254850E1,-9.719033539E-2,-4.651606083E-1,1.460864246E-1
4.830254950E1,-3.058521077E-2,-4.141938090E-1,2.190325409E-1
4.831255150E1,2.145557478E-2,-3.859385550E-1,2.925825715E-1
4.832255250E1,5.293174088E-2,-3.812111616E-1,3.638189435E-1
4.833255450E1,8.292085677E-2,-3.783689737E-1,4.336273968E-1
4.834255550E1,1.285091043E-1,-3.822545409E-1,5.059796572E-1
4.835255750E1,2.114760727E-1,-3.978372514E-1,5.841497183E-1
4.836255850E1,3.261952102E-1,-4.073636532E-1,6.782231927E-1
4.837256050E1,4.668793082E-1,-3.732411563E-1,7.815766931E-1
4.838256150E1,6.097190380E-1,-3.143461645E-1,8.895825148E-1
4.839256350E1,7.488572598E-1,-1.624879390E-1,9.856858850E-1
4.840256450E1,8.655774593E-1,-3.472623602E-2,1.083936095E0
4.841256550E1,9.599933028E-1,3.598975018E-2,1.192844033E0
4.842256750E1,9.976006150E-1,1.211637817E-2,1.306077838E0
4.843256850E1,1.033111095E0,-1.047287881E-2,1.409664154E0
4.844257050E1,1.024396658E0,-1.280378550E-1,1.522379994E0
4.845257150E1,1.039175749E0,-2.162185013E-1,1.638071179E0
4.846257350E1,1.043458581E0,-3.467597365E-1,1.757927895E0
4.847257450E1,1.077551723E0,-4.139944613E-1,1.869569421E0
4.848257650E1,1.107817173E0,-4.603832662E-1,1.983257055E0
4.849257750E1,1.154921174E0,-5.231159329E-1,2.105693817E0
4.850257950E1,1.213460922E0,-5.221769214E-1,2.227952719E0
4.851258050E1,1.277458191E0,-5.766979456E-1,2.368317127E0
4.852258150E1,1.335608006E0,-7.123359442E-1,2.537534475E0
4.853258350E1,1.408596396E0,-8.385801315E-1,2.717172861E0
4.854258450E1,1.472076297E0,-9.612586498E-1,2.887317181E0
4.855258650E1,1.510484934E0,-1.061596394E0,3.029080391E0
4.856258750E1,1.538861513E0,-1.126101375E0,3.129352808E0
4.857258950E1,1.573984265E0,-1.149876118E0,3.199282646E0
4.858259050E1,1.609774828E0,-1.170449257E0,3.267257452E0
4.859259250E1,1.639779806E0,-1.194779754E0,3.351254225E0
4.860259350E1,1.668735623E0,-1.238232732E0,3.454478502E0
4.861259550E1,1.716264367E0,-1.258258343E0,3.558400154E0
4.862259650E1,1.782249689E0,-1.240259051E0,3.642276287E0
4.863259750E1,1.874852896E0,-1.213389039E0,3.683993578E0
4.864259950E1,1.935227275E0,-1.168843627E0,3.669334650E0
4.865260050E1,1.986453772E0,-1.091071725E0,3.595411539E0
4.866260250E1,1.966464520E0,-9.522501826E-1,3.503618240E0
4.867260350E1,1.881981373E0,-8.706162572E-1,3.450737000E0
4.868260550E1,1.727456212E0,-8.128666878E-1,3.480396509E0
4.869260650E1,1.532552004E0,-7.045189142E-1,3.564347744E0
4.870260850E1,1.334464669E0,-5.765990615E-1,3.640131712E0
4.871260950E1,1.138283610E0,-4.398861527E-1,3.670230627E0
4.872261050E1,9.951539636E-1,-3.348217905E-1,3.634274960E0
4.873261250E1,8.477483392E-1,-3.416141272E-1,3.540627003E0
4.874261350E1,7.558010817E-1,-4.761093557E-1,3.426097870E0
4.875261550E1,7.276749611E-1,-7.183969021E-1,3.383640766E0
4.876261650E1,7.692368031E-1,-1.013240695E0,3.416326761E0
4.877261850E1,8.641121984E-1,-1.372780561E0,3.437310696E0
4.878261950E1,9.867771268E-1,-1.736475945E0,3.368101597E0
4.879262150E1,1.129718184E0,-2.026117086E0,3.207213640E0
4.880262250E1,1.337046862E0,-2.270865679E0,3.017569304E0
4.881262450E1,1.627896428E0,-2.506967068E0,2.882509470E0
4.882262550E1,1.903922200E0,-2.692692280E0,2.840037584E0
4.883262650E1,2.199127674E0,-2.908441305E0,2.868970871E0
4.884262850E1,2.502727032E0,-3.103351355E0,2.882418633E0
4.885262950E1,2.754320145E0,-3.062508821E0,2.802646160E0
4.886263150E1,2.990591764E0,-2.970158815E0,2.611568928E0
4.887263250E1,3.188646793E0,-2.723163843E0,2.343769073E0
4.888263450E1,3.350849867E0,-2.441410303E0,2.052605152E0
4.889263550E1,3.504384756E0,-2.149125576E0,1.799469233E0
4.890263750E1,3.632594824E0,-1.875644684E0,1.576140523E0
4.891263850E1,3.718521833E0,-1.549022079E0,1.346453071E0
4.892264050E1,3.807681322E0,-1.279288292E0,1.104602575E0
4.893264150E1,3.880461693E0,-1.114763975E0,8.688083291E-1
4.894264250E1,3.949290752E0,-1.057803035E0,6.646301746E-1
4.895264450E1,4.029769421E0,-1.064018130E0,5.082268119E-1
4.896264550E1,4.138226986E0,-1.115217686E0,4.007464051E-1
4.897264750E1,4.277961254E0,-1.177582383E0,3.096392453E-1
4.898264850E1,4.432458878E0,-1.296307921E0,2.183186561E-1
4.899265050E1,4.580768585E0,-1.499279022E0,1.298413724E-1
4.900265150E1,4.688586712E0,-1.708380342E0,3.908191249E-2
4.901265350E1,4.748623848E0,-1.846480727E0,-7.174842805E-2
4.902265450E1,4.776290894E0,-1.911718369E0,-2.281705141E-1
4.903265650E1,4.783867359E0,-2.013890743E0,-4.001948833E-1
4.904265750E1,4.761349678E0,-2.166660070E0,-5.415493250E-1
4.905265850E1,4.709971428E0,-2.299809217E0,-6.479949355E-1
4.906266050E1,4.667023182E0,-2.357679844E0,-7.547085881E-1
4.907266150E1,4.643083096E0,-2.354559422E0,-8.824678659E-1
4.908266350E1,4.656862259E0,-2.300289631E0,-1.031827211E0
4.909266450E1,4.779451370E0,-2.305184841E0,-1.139233351E0
4.910266650E1,4.955971241E0,-2.359841108E0,-1.142628908E0
4.911266750E1,5.136982918E0,-2.381594419E0,-1.049607515E0
4.912266950E1,5.270711899E0,-2.474694252E0,-9.191624522E-1
4.913267050E1,5.303631783E0,-2.605559111E0,-7.931355834E-1
4.914267250E1,5.339296341E0,-2.768193483E0,-7.236633301E-1
4.915267350E1,5.385887623E0,-2.911622286E0,-7.648270130E-1
4.916267450E1,5.368505955E0,-2.988666534E0,-8.831408620E-1
4.917267650E1,5.167093277E0,-2.933343887E0,-9.901953340E-1
4.918267750E1,4.752604961E0,-2.730751753E0,-9.948033690E-1
4.919267950E1,4.265863419E0,-2.452447176E0,-8.679653406E-1
4.920268050E1,3.916881561E0,-2.070768118E0,-6.619043350E-1
4.921268250E1,3.653377295E0,-1.561532497E0,-4.557439685E-1
4.922268350E1,3.343804836E0,-9.288635254E-1,-3.191765249E-1
4.923268550E1,2.956571579E0,-2.065311670E-1,-2.899404168E-1
4.924268650E1,2.499385118E0,5.356332064E-1,-3.455813229E-1
4.925268750E1,1.979276299E0,1.286330700E0,-4.609610140E-1
4.926268950E1,1.446931720E0,1.938600421E0,-6.009913683E-1
4.927269050E1,9.722797275E-1,2.345765591E0,-6.417632103E-1
4.928269250E1,5.348994732E-1,2.516900063E0,-5.058946013E-1
4.929269350E1,1.840924174E-1,2.598904610E0,-2.734536529E-1
4.930269550E1,-7.995228469E-2,2.633165359E0,-4.734756425E-2
4.931269650E1,-2.932227552E-1,2.597970724E0,1.379940659E-1
4.932269850E1,-4.662560523E-1,2.453190804E0,2.783900499E-1
4.933269950E1,-6.201391220E-1,2.137041807E0,3.875588775E-1
4.934270150E1,-7.944065332E-1,1.657823443E0,4.801005721E-1
4.935270250E1,-9.965184331E-1,1.093164563E0,5.552434325E-1
4.936270450E1,-1.179068327E0,5.764543414E-1,6.231561303E-1
4.937270550E1,-1.321479321E0,1.929296851E-1,6.716825962E-1
4.938270650E1,-1.409718633E0,-3.020486981E-2,6.745274067E-1
4.939270850E1,-1.465959787E0,-1.193596274E-1,6.550195217E-1
4.940270950E1,-1.523977041E0,-1.089392081E-1,6.650630832E-1
4.941271150E1,-1.607850552E0,-3.075782955E-2,7.051604390E-1
4.942271250E1,-1.733545065E0,7.092405856E-2,7.625632882E-1
4.943271450E1,-1.908573270E0,2.030516416E-1,8.284603357E-1
4.944271550E1,-2.119366884E0,3.464431465E-1,8.998732567E-1
4.945271750E1,-2.334908247E0,4.686689377E-1,9.492853880E-1
4.946271850E1,-2.500109434E0,5.541579723E-1,9.743473530E-1
4.947272050E1,-2.618548632E0,6.190523505E-1,9.751418233E-1
4.948272150E1,-2.738108158E0,6.614349484E-1,9.299392104E-1
4.949272250E1,-2.906297922E0,6.709558368E-1,8.596530557E-1
4.950272450E1,-3.111085176E0,6.789274216E-1,8.180946708E-1
4.951272550E1,-3.307192326E0,7.478622794E-1,8.331437707E-1
4.952272750E1,-3.455766439E0,8.947462440E-1,8.654870987E-1
4.953272850E1,-3.550962925E0,9.359664917E-1,8.488097191E-1
4.954273050E1,-3.729532003E0,1.172924757E0,8.021239638E-1
4.955273150E1,-3.903409719E0,1.318545222E0,7.154554129E-1
4.956273350E1,-4.049997807E0,1.525934815E0,5.879296660E-1
4.957273450E1,-4.196552753E0,1.802527547E0,4.257668257E-1
4.958273650E1,-4.246696472E0,2.029109478E0,2.064976096E-1
4.959273750E1,-4.243846416E0,2.075998306E0,-2.752930857E-2
4.960273850E1,-4.196027756E0,2.051609755E0,-2.410344034E-1
4.961274050E1,-4.157357693E0,2.015244961E0,-4.333792627E-1
4.962274150E1,-4.166900158E0,2.309969902E0,-6.388088465E-1
4.963274350E1,-4.126291752E0,2.390362978E0,-8.691703081E-1
4.964274450E1,-4.065307140E0,2.402411461E0,-1.123003125E0
4.965274650E1,-3.965595245E0,2.300719500E0,-1.381296635E0
4.966274750E1,-3.815032959E0,2.150319815E0,-1.599985003E0
4.967274950E1,-3.614366293E0,2.083467484E0,-1.767905951E0
4.968275050E1,-3.371528149E0,2.108497858E0,-1.922482491E0
4.969275150E1,-3.087580204E0,2.124896288E0,-2.089356661E0
4.970275350E1,-2.772196293E0,2.031984329E0,-2.259317398E0
4.971275450E1,-2.428187609E0,1.807215095E0,-2.405856371E0
4.972275650E1,-2.086794853E0,1.568019867E0,-2.517210007E0
4.973275750E1,-1.761001706E0,1.457216501E0,-2.628313541E0
4.974275950E1,-1.465659857E0,1.450940847E0,-2.739452600E0
4.975276050E1,-1.203961253E0,1.488648772E0,-2.829090595E0
4.976276250E1,-9.612925649E-1,1.521264195E0,-2.894169331E0
4.977276350E1,-7.436171770E-1,1.516105890E0,-2.952906609E0
4.978276550E1,-5.532373786E-1,1.460000277E0,-3.000741959E0
4.979276650E1,-3.917580247E-1,1.403784156E0,-3.021809101E0
4.980276850E1,-2.393019348E-1,1.370278120E0,-3.020349741E0
4.981276950E1,-9.244380146E-2,1.308648825E0,-2.998477697E0
4.982277050E1,5.830869079E-2,1.236135244E0,-2.967295885E0
4.983277250E1,1.996777952E-1,1.176338553E0,-2.940626144E0
4.984277350E1,3.074750900E-1,1.112734556E0,-2.913005590E0
4.985277550E1,3.688596487E-1,1.054952621E0,-2.882727861E0
4.986277650E1,3.813788891E-1,9.655684233E-1,-2.873002768E0
4.987277850E1,3.379864991E-1,8.894577026E-1,-2.928341866E0
4.988277950E1,2.428149581E-1,8.554885387E-1,-3.096054316E0
4.989278150E1,1.739886999E-1,8.604092002E-1,-3.382562160E0
4.990278250E1,1.948963851E-1,9.211004972E-1,-3.722805500E0
4.991278450E1,3.202171326E-1,9.436053634E-1,-3.999327421E0
4.992278550E1,5.602518320E-1,9.500574470E-1,-4.172222137E0
4.993278650E1,8.748504519E-1,7.887408733E-1,-4.219848156E0
4.994278850E1,1.216742992E0,4.045594335E-1,-4.163094521E0
4.995278950E1,1.546852469E0,-1.055393070E-1,-4.032134533E0
4.996279150E1,1.837485075E0,-6.605732441E-1,-3.881466866E0
4.997279250E1,2.075169086E0,-1.217905164E0,-3.747860909E0
4.998279450E1,2.218132734E0,-1.713985205E0,-3.652373314E0
4.999279550E1,2.255173683E0,-2.054920197E0,-3.610686302E0
5.000279750E1,2.163461924E0,-2.107753277E0,-3.644334316E0
5.001279850E1,2.007274389E0,-1.951516032E0,-3.763749599E0
5.002280050E1,1.941737771E0,-1.800340295E0,-3.898751259E0
5.003280150E1,1.972965956E0,-1.705605984E0,-3.957755804E0
5.004280350E1,2.010152102E0,-1.663625240E0,-3.955135107E0
5.005280450E1,2.022341728E0,-1.653150082E0,-3.944885492E0
5.006280550E1,2.032893419E0,-1.617331624E0,-3.931841850E0
5.007280750E1,2.058139324E0,-1.550116301E0,-3.894970655E0
5.008280850E1,2.023447514E0,-1.511486053E0,-3.826635599E0
5.009281050E1,1.913555980E0,-1.439782143E0,-3.757844448E0
5.010281150E1,1.876732945E0,-1.346754193E0,-3.692725420E0
5.011281350E1,1.947721481E0,-1.333293200E0,-3.504115582E0
5.012281450E1,2.009909630E0,-1.424161911E0,-3.134989738E0
5.013281612E1,1.979285002E0,-1.622467637E0,-2.645660877E0
5.014281712E1,1.869609952E0,-1.747807980E0,-2.160973549E0
5.015281912E1,1.625059485E0,-1.644621730E0,-1.828554630E0
5.016282012E1,1.347362638E0,-1.136671782E0,-1.790253639E0
5.017282112E1,1.079158664E0,-4.853889942E-1,-1.932614446E0
5.018282312E1,8.025499582E-1,1.812449694E-1,-2.014332533E0
5.019282412E1,4.762873054E-1,8.440692425E-1,-1.929374933E0
5.020282612E1,1.364663839E-1,1.411318064E0,-1.715070605E0
5.021282712E1,7.658779621E-2,1.824861884E0,-1.470778108E0
5.022282912E1,1.094551980E-1,1.998907208E0,-1.249127746E0
5.023283012E1,1.322812289E-1,1.783543706E0,-9.986360073E-1
5.024283212E1,9.708223492E-2,1.246445656E0,-7.173260450E-1
5.025283312E1,-8.303427603E-4,5.919547677E-1,-4.498742521E-1
5.026283512E1,-1.103099659E-1,-3.343477473E-2,-2.075116485E-1
5.027283612E1,-2.239603400E-1,-6.074256301E-1,2.957465127E-2
5.028283812E1,-3.400081098E-1,-1.093853831E0,2.292131931E-1
5.029283912E1,-4.501297176E-1,-1.491682291E0,3.681837320E-1
5.030284012E1,-5.477633476E-1,-1.784630775E0,4.891493022E-1
5.031284212E1,-6.392437220E-1,-1.914725780E0,6.253814697E-1
5.032284312E1,-7.235609889E-1,-1.813193798E0,7.856257558E-1
5.033284512E1,-8.212839365E-1,-1.507493615E0,9.546439648E-1
5.034284612E1,-9.417067170E-1,-1.091607213E0,1.125523925E0
5.035284812E1,-1.066966057E0,-6.385257244E-1,1.292665243E0
5.036284912E1,-1.166058779E0,-2.255881578E-1,1.439058423E0
5.037285112E1,-1.269474030E0,1.263473183E-1,1.564554453E0
5.038285212E1,-1.383041620E0,4.765657783E-1,1.660131812E0
5.039285412E1,-1.484529257E0,8.295828104E-1,1.707889080E0
5.040285512E1,-1.579461336E0,1.178854823E0,1.709953189E0
5.041285612E1,-1.553317070E0,1.514400363E0,1.679041147E0
5.042285812E1,-1.438979506E0,1.701963782E0,1.672257185E0
5.043285912E1,-1.315200686E0,1.704612374E0,1.752166629E0
5.044286112E1,-1.207105160E0,1.580368757E0,1.925200462E0
5.045286212E1,-1.137141585E0,1.394485474E0,2.151074409E0
5.046286412E1,-1.118286848E0,1.196168303E0,2.409514427E0
5.047286512E1,-1.151565313E0,1.007838845E0,2.699137449E0
5.048286712E1,-1.230234027E0,8.356314898E-1,3.021250963E0
5.049286812E1,-1.331554532E0,6.625146270E-1,3.361237049E0
5.050287012E1,-1.427890182E0,5.078811646E-1,3.699896574E0
5.051287112E1,-1.489181280E0,3.847458065E-1,4.021408558E0
5.052287312E1,-1.507228255E0,2.956899703E-1,4.308264732E0
5.053287412E1,-1.487749219E0,2.453098297E-1,4.554238796E0
5.054287612E1,-1.456315637E0,2.196835577E-1,4.770375729E0
5.055287712E1,-1.434206724E0,2.067195624E-1,4.974992752E0
5.056287812E1,-1.412103295E0,1.964336336E-1,5.182533741E0
5.057288012E1,-1.409694672E0,1.983223259E-1,5.379343987E0
5.058288112E1,-1.423294902E0,2.235951871E-1,5.544373512E0
5.059288312E1,-1.454842210E0,2.665255666E-1,5.658545971E0
5.060288412E1,-1.501554370E0,3.106179237E-1,5.717439175E0
5.061288612E1,-1.550849676E0,3.706680834E-1,5.741536140E0
5.062288712E1,-1.596335173E0,4.553390443E-1,5.748747349E0
5.063288912E1,-1.646604657E0,5.698091984E-1,5.752984524E0
5.064289012E1,-1.695752263E0,7.408275604E-1,5.759785175E0
5.065289212E1,-1.755518913E0,9.246835113E-1,5.754304886E0
5.066289312E1,-1.803634524E0,1.092785954E0,5.710100174E0
5.067289412E1,-1.816851854E0,1.168865800E0,5.636917591E0
5.068289612E1,-1.789563179E0,1.216945171E0,5.549411774E0
5.069289712E1,-1.730969310E0,1.315795422E0,5.444681168E0
5.070289912E1,-1.670648932E0,1.455459476E0,5.317344189E0
5.071290012E1,-1.624161363E0,1.479324937E0,5.168776035E0
5.072290212E1,-1.561699033E0,1.240287781E0,5.029200554E0
5.073290312E1,-1.500515461E0,8.684582114E-1,4.898668766E0
5.074290512E1,-1.420773029E0,5.503931642E-1,4.735598087E0
5.075290612E1,-1.201460719E0,2.156912237E-1,4.532439232E0
5.076290812E1,-8.315832615E-1,-2.078643143E-1,4.294622421E0
5.077290912E1,-4.207976162E-1,-8.781454563E-1,4.052768707E0
5.078291112E1,-1.782221161E-2,-1.589075685E0,3.859962940E0
5.079291212E1,3.246745169E-1,-2.149780750E0,3.685270548E0
5.080291312E1,5.220634937E-1,-2.405740976E0,3.477701426E0
5.081291512E1,5.901890993E-1,-2.462448120E0,3.264865875E0
5.082291612E1,6.282811165E-1,-2.551353931E0,3.027626276E0
5.083291812E1,6.734569669E-1,-2.738199234E0,2.759201050E0
5.084291912E1,7.170587778E-1,-3.050586939E0,2.483230591E0
5.085292112E1,7.592429519E-1,-3.321464777E0,2.209290028E0
5.086292212E1,7.916283011E-1,-3.364045858E0,1.953389406E0
5.087292412E1,8.171553016E-1,-3.202245712E0,1.744542480E0
5.088292512E1,8.251599669E-1,-2.910901785E0,1.576661825E0
5.089292712E1,8.195324540E-1,-2.590422153E0,1.420424938E0
5.090292812E1,8.035303354E-1,-2.332332134E0,1.267728329E0
5.091292912E1,7.866034508E-1,-2.164066076E0,1.127364159E0
5.092293112E1,7.740548849E-1,-2.023484707E0,9.996741414E-1
5.093293212E1,7.599849105E-1,-1.899300218E0,8.863244653E-1
5.094293412E1,7.391387820E-1,-1.760203838E0,7.925630808E-1
5.095293512E1,7.361948490E-1,-1.595171809E0,7.086724043E-1
5.096293712E1,7.293564081E-1,-1.399113178E0,6.416150928E-1
5.097293812E1,7.010429502E-1,-1.194686294E0,5.940608382E-1
5.098294012E1,6.590257287E-1,-9.591389894E-1,5.538033843E-1
5.099294112E1,6.137172580E-1,-7.524079084E-1,5.185475349E-1
5.100294312E1,5.789995193E-1,-5.730376244E-1,4.971203208E-1
5.101294412E1,5.389586687E-1,-4.578954577E-1,4.732469916E-1
5.102294612E1,4.745149314E-1,-4.388605058E-1,4.441269338E-1
5.103294712E1,4.299591780E-1,-4.242772460E-1,3.988898695E-1
5.104294812E1,3.762304783E-1,-4.687586725E-1,3.492115438E-1
5.105295012E1,3.071889281E-1,-5.226524472E-1,3.285538256E-1
5.106295112E1,2.226657867E-1,-5.852258205E-1,3.468731940E-1
5.107295312E1,1.394569427E-1,-6.255159974E-1,3.984572589E-1
5.108295412E1,6.214084476E-2,-6.273205280E-1,4.460192025E-1
5.109295612E1,-1.494710706E-2,-6.108599305E-1,4.644024372E-1
5.110295712E1,-8.262202144E-2,-5.997076631E-1,4.604742825E-1
5.111295912E1,-1.431429386E-1,-5.859546661E-1,4.490340650E-1
5.112296012E1,-1.881761998E-1,-5.762732625E-1,4.455162883E-1
5.113296225E1,-2.289808393E-1,-5.888831615E-1,4.516160190E-1
5.114296325E1,-2.453369051E-1,-5.823192596E-1,4.557756186E-1
5.115296525E1,-2.449107021E-1,-6.071897149E-1,4.436644316E-1
5.116296625E1,-2.305466831E-1,-6.326758862E-1,4.159300029E-1
5.117296725E1,-2.082173973E-1,-6.549570560E-1,3.757301569E-1
5.118296925E1,-1.782128960E-1,-6.723821163E-1,3.311424553E-1
5.119297025E1,-1.441543400E-1,-6.746734977E-1,2.950365543E-1
5.120297225E1,-1.102264598E-1,-6.517983079E-1,2.696182728E-1
5.121297325E1,-7.054539025E-2,-5.982654691E-1,2.445778847E-1
5.122297525E1,-3.248509392E-2,-5.253281593E-1,2.158072144E-1
5.123297625E1,-5.137077533E-4,-4.349315763E-1,1.860785037E-1
5.124297825E1,1.845865138E-2,-3.419158757E-1,1.514720619E-1
5.125297925E1,3.201739863E-2,-2.416370958E-1,1.228993163E-1
5.126298125E1,4.036800936E-2,-1.438692510E-1,9.870555997E-2
5.127298225E1,4.300490767E-2,-5.337697640E-2,7.440619916E-2
5.128298425E1,3.583407775E-2,2.068047412E-2,5.473741889E-2
5.129298525E1,2.355788276E-2,8.203469217E-2,4.322392121E-2
5.130298625E1,1.139522623E-2,1.381208599E-1,4.232750088E-2
5.131298825E1,-3.532884875E-3,1.793468893E-1,4.507216066E-2
5.132298925E1,-1.566970907E-2,1.987046003E-1,5.266137049E-2
5.133299125E1,-1.399589702E-2,1.979280263E-1,5.621162802E-2
5.134299225E1,8.219305892E-4,1.879667342E-1,5.816292763E-2
5.135299425E1,2.508699335E-2,1.608321816E-1,6.103723869E-2
5.136299525E1,5.306190252E-2,1.179550290E-1,6.270943582E-2
5.137299725E1,7.480201125E-2,5.596733466E-2,6.838531792E-2
5.138299825E1,8.901929855E-2,-5.327450112E-3,8.477547020E-2
5.139300025E1,9.707190096E-2,-5.120110884E-2,1.069999039E-1
5.140300125E1,9.817791730E-2,-8.859188855E-2,1.247765124E-1
5.141300225E1,1.066867635E-1,-1.157883853E-1,1.354845315E-1
5.142300425E1,1.148163229E-1,-1.361685097E-1,1.332610548E-1
5.143300525E1,1.223345250E-1,-1.560361981E-1,1.147817299E-1
5.144300725E1,1.248418912E-1,-1.775010079E-1,9.288708866E-2
5.145300825E1,1.217262968E-1,-1.820388734E-1,7.926744968E-2
5.146301025E1,1.187028065E-1,-1.580640227E-1,7.333686203E-2
5.147301125E1,1.152418703E-1,-1.081698611E-1,6.736114621E-2
5.148301325E1,1.068949923E-1,-6.165828556E-2,5.241921917E-2
5.149301425E1,1.011288613E-1,-3.256477416E-2,4.203677177E-2
5.150301625E1,1.011262015E-1,-1.431785896E-2,3.287389874E-2
5.151301725E1,1.075713560E-1,-5.966297351E-3,1.785423979E-2
5.152301925E1,1.134910285E-1,-1.646234840E-2,1.540513709E-3
5.153302025E1,1.206204444E-1,-4.238697886E-2,-8.159671910E-3
5.154302225E1,1.272668839E-1,-7.853725553E-2,-5.512756296E-3
5.155302325E1,1.359380782E-1,-1.176389009E-1,8.695131168E-3
5.156302425E1,1.453140080E-1,-1.541476399E-1,2.513615601E-2
5.157302625E1,1.529399306E-1,-1.864938438E-1,3.654141352E-2
5.158302725E1,1.504067332E-1,-2.218675464E-1,4.618285596E-2
5.159302925E1,1.522426307E-1,-2.654609680E-1,4.279568419E-2
5.160303025E1,1.588371396E-1,-3.082132041E-1,3.562991694E-2
5.161303225E1,1.624570042E-1,-3.436354399E-1,1.920845360E-2
5.162303325E1,1.436015517E-1,-3.714641333E-1,-1.191893243E-3
5.163303525E1,1.212368086E-1,-3.821949661E-1,-2.540725470E-2
5.164303625E1,1.427215934E-1,-3.923416138E-1,-5.658115447E-2
5.165303825E1,2.064133137E-1,-4.042331278E-1,-8.744684607E-2
5.166303925E1,2.997342050E-1,-4.397708774E-1,-1.050292999E-1
5.167304125E1,4.196392894E-1,-5.267578363E-1,-1.027992070E-1
5.168304225E1,4.936024547E-1,-6.610136032E-1,-4.242322221E-2
5.169304325E1,4.372212887E-1,-8.649767041E-1,5.950352922E-2
5.170304525E1,3.127539158E-1,-1.029951215E0,1.762495935E-1
5.171304625E1,2.762969136E-1,-1.114934444E0,2.374200374E-1
5.172304825E1,3.203850091E-1,-1.140295744E0,2.267492861E-1
5.173304925E1,3.912860751E-1,-1.153157473E0,1.594486237E-1
5.174305125E1,4.091977179E-1,-1.148293972E0,4.710769653E-2
5.175305225E1,3.655635715E-1,-1.084710598E0,-8.049914986E-2
5.176305425E1,2.999515533E-1,-9.703413844E-1,-1.808819473E-1
5.177305525E1,2.498612404E-1,-8.275580406E-1,-2.047757506E-1
5.178305725E1,1.962459534E-1,-6.561620831E-1,-1.339303404E-1
5.179305825E1,1.339199692E-1,-4.690047801E-1,-2.503376640E-2
5.180306025E1,6.132538989E-2,-2.742533982E-1,2.514471672E-2
5.181306125E1,-2.555751428E-2,-9.200514853E-2,-7.678975351E-3
5.182306225E1,-1.357918680E-1,5.633789115E-3,-5.091193318E-2
5.183306425E1,-2.290621549E-1,2.814636566E-2,-1.963169314E-2
5.184306525E1,-2.630627155E-1,3.223831207E-2,7.558804005E-2
5.185306725E1,-2.657914460E-1,3.991711885E-2,1.815043092E-1
5.186306825E1,-2.659988999E-1,3.776901215E-2,2.416259646E-1