"Time (s)","Acceleration x (m/s^2)","Acceleration y (m/s^2)","Acceleration z (m/s^2)","Absolute acceleration (m/s^2)"
-1.737291692E-3,-3.198249207E0,-8.786129150E0,-2.668500824E0,9.723464407E0
8.263708325E-3,-3.044069824E0,-8.876391449E0,-2.623294830E0,9.743631870E0
1.826470834E-2,-3.038830719E0,-9.059760132E0,-2.699636078E0,9.929842936E0
2.826570836E-2,-3.096011810E0,-9.417815552E0,-2.534080353E0,1.023240451E1
3.826670838E-2,-3.106639709E0,-9.740245056E0,-2.429447937E0,1.050836816E1
4.826770839E-2,-2.995271301E0,-9.878856812E0,-2.356998596E0,1.058862146E1
5.826870829E-2,-2.873274994E0,-9.918224945E0,-2.294428711E0,1.057786833E1
6.826970831E-2,-2.904859314E0,-9.903256073E0,-2.210902405E0,1.055465669E1
7.827070833E-2,-3.145558777E0,-9.828262024E0,-2.117047577E0,1.053428521E1
8.827170834E-2,-3.589535522E0,-9.657916260E0,-2.043999481E0,1.050419181E1
9.827370837E-2,-4.052073669E0,-9.251361694E0,-1.946252747E0,1.028566449E1
1.082747084E-1,-4.348457336E0,-8.805738373E0,-1.856738892E0,9.994878129E0
1.182757084E-1,-4.546046448E0,-8.507708130E0,-1.836830292E0,9.819449142E0
1.282767083E-1,-4.631069641E0,-8.315507812E0,-1.942660217E0,9.714340169E0
1.382777083E-1,-4.656965790E0,-8.143665161E0,-2.043849792E0,9.601246513E0
1.482787083E-1,-4.655468903E0,-7.955057373E0,-2.266885986E0,9.491843898E0
1.582797084E-1,-4.661456451E0,-7.722441101E0,-2.542911987E0,9.371855429E0
1.682807084E-1,-4.704566803E0,-7.569309540E0,-2.745889893E0,9.325626360E0
1.782817084E-1,-4.718038788E0,-7.506589966E0,-2.851719818E0,9.313489617E0
1.882827083E-1,-4.630620575E0,-7.424111481E0,-3.182082825E0,9.310517133E0
1.982837083E-1,-4.592449951E0,-7.340136108E0,-3.578907623E0,9.368926001E0
2.082847083E-1,-4.595294037E0,-7.444918213E0,-3.726650391E0,9.509545605E0
2.182857083E-1,-4.517306213E0,-7.737859039E0,-3.680396576E0,9.686373774E0
2.282867084E-1,-4.439767456E0,-7.948920135E0,-3.618275757E0,9.797386684E0
2.382877084E-1,-4.380191345E0,-7.917784882E0,-3.479664001E0,9.694609596E0
2.482887084E-1,-4.290677490E0,-7.712411957E0,-3.283122711E0,9.416480566E0
2.582897083E-1,-4.219874725E0,-7.395820313E0,-3.307821350E0,9.134942960E0
2.682907083E-1,-4.302951965E0,-7.097490692E0,-3.477119293E0,8.998895950E0
2.782917083E-1,-4.363276520E0,-7.065756683E0,-3.423830109E0,8.982522592E0
2.882927083E-1,-4.274511108E0,-7.356751556E0,-3.160078583E0,9.076306260E0
2.982937084E-1,-4.136797485E0,-7.763156433E0,-3.006947021E0,9.296312260E0
3.082947084E-1,-4.100722504E0,-8.102650452E0,-2.970872040E0,9.554839092E0
3.182957084E-1,-4.163292389E0,-8.287066956E0,-2.949167175E0,9.731704335E0
3.282967083E-1,-4.247267761E0,-8.206384735E0,-2.997067566E0,9.714239438E0
3.382977083E-1,-4.327201538E0,-7.910450134E0,-3.132685547E0,9.545345107E0
3.482997083E-1,-4.365671539E0,-7.527845764E0,-3.288361816E0,9.302734720E0
3.583007084E-1,-4.310286713E0,-7.252418518E0,-3.337609406E0,9.072804553E0
3.683017084E-1,-4.176764374E0,-7.104825439E0,-3.343746643E0,8.894073688E0
3.783027084E-1,-4.067491608E0,-7.017257538E0,-3.428171082E0,8.805608911E0
3.883037084E-1,-4.041894836E0,-6.974895630E0,-3.523373108E0,8.797740674E0
3.983047083E-1,-4.070335693E0,-7.018305359E0,-3.548371124E0,8.855234633E0
4.083057083E-1,-4.072880402E0,-7.076384583E0,-3.578159180E0,8.914415104E0
4.183067083E-1,-4.091591492E0,-7.227420502E0,-3.646566925E0,9.070511473E0
4.283077084E-1,-4.169878693E0,-7.476801910E0,-3.595822449E0,9.285493751E0
4.383087084E-1,-4.233197021E0,-7.842491455E0,-3.543132019E0,9.590537720E0
4.483097084E-1,-4.255949707E0,-8.267158356E0,-3.501518555E0,9.935776134E0
4.583107084E-1,-4.357588348E0,-8.844208374E0,-3.261268158E0,1.038481911E1
4.683122917E-1,-4.493954773E0,-9.378597107E0,-3.233725433E0,1.089085366E1
4.783132917E-1,-4.545298004E0,-9.854158173E0,-2.841540985E0,1.121777707E1
4.883142917E-1,-4.556973724E0,-1.026655060E1,-2.514022064E0,1.151035958E1
4.983152917E-1,-4.571044464E0,-1.035546570E1,-2.585124207E0,1.161089938E1
5.083162917E-1,-4.468657379E0,-1.026969406E1,-2.467768250E0,1.146845216E1
5.183172916E-1,-4.547243958E0,-1.002435425E1,-2.479743347E0,1.128336088E1
5.283182916E-1,-5.030139771E0,-9.595795441E0,-2.748584290E0,1.117749130E1
5.383192917E-1,-6.083349609E0,-9.266330566E0,-3.073708191E0,1.150303033E1
5.483202917E-1,-7.375612335E0,-9.085207214E0,-3.409459991E0,1.218872696E1
5.583212917E-1,-8.434510345E0,-9.115893402E0,-3.350332947E0,1.286332804E1
5.683222917E-1,-8.985364838E0,-9.276958466E0,-3.187920685E0,1.330269063E1
5.783232917E-1,-8.888815613E0,-9.488318939E0,-2.948119354E0,1.333156581E1
5.883242916E-1,-8.581504669E0,-9.632020111E0,-3.214265900E0,1.329471847E1
5.983252916E-1,-8.728349304E0,-9.716743927E0,-3.809428253E0,1.360554805E1
6.083262917E-1,-9.337133331E0,-9.909542999E0,-3.987707520E0,1.418742093E1
6.183282917E-1,-1.000773880E1,-1.014260834E1,-3.676205292E0,1.471536018E1
6.283292917E-1,-1.033645523E1,-1.018736526E1,-3.487298126E0,1.492601641E1
6.383302917E-1,-1.024275009E1,-1.008827133E1,-3.490591278E0,1.479430213E1
6.483312916E-1,-9.956096191E0,-1.008452911E1,-3.625161438E0,1.462748694E1
6.583322916E-1,-9.901459808E0,-1.009919861E1,-4.033661957E0,1.470724813E1
6.683332917E-1,-1.010488678E1,-1.000848724E1,-4.642595673E0,1.496102431E1
6.783342917E-1,-1.042028091E1,-9.738299103E0,-5.206772461E0,1.518312231E1
6.883352917E-1,-1.050844757E1,-9.457632751E0,-5.378315735E0,1.512615509E1
6.983362917E-1,-1.036594391E1,-9.224118347E0,-5.509443054E0,1.492953834E1
7.083372917E-1,-1.022119492E1,-9.025930481E0,-5.615572357E0,1.474703019E1
7.183382916E-1,-1.025936554E1,-8.752748566E0,-5.738466797E0,1.465589267E1
7.283392916E-1,-1.052431458E1,-8.460256805E0,-5.870342560E0,1.472406412E1
7.383402917E-1,-1.093446167E1,-8.096064148E0,-6.242768097E0,1.496933065E1
7.483412917E-1,-1.140732834E1,-7.774233398E0,-6.580914917E0,1.529294889E1
7.583422917E-1,-1.166419418E1,-7.453300781E0,-6.727609863E0,1.539044681E1
7.683432917E-1,-1.172391998E1,-7.145241394E0,-6.945556641E0,1.538653734E1
7.783442917E-1,-1.180280594E1,-6.869365082E0,-7.001091156E0,1.534632471E1
7.883452916E-1,-1.185789139E1,-6.541696472E0,-6.877148895E0,1.518876420E1
7.983462916E-1,-1.169907166E1,-6.162834320E0,-6.691385193E0,1.481969771E1
8.083472917E-1,-1.128802643E1,-5.972579956E0,-6.582860870E0,1.436750880E1
8.183482917E-1,-1.073208252E1,-5.988446960E0,-6.495742035E0,1.390085453E1
8.283492917E-1,-9.956994324E0,-5.943839722E0,-6.278394012E0,1.318670535E1
8.383502917E-1,-9.168583832E0,-5.922583923E0,-6.004613342E0,1.245774102E1
8.483512917E-1,-8.584348755E0,-5.901777191E0,-5.734574890E0,1.189148295E1
8.583522916E-1,-8.205336914E0,-5.777685242E0,-5.480253754E0,1.143426350E1
8.683542917E-1,-7.841743011E0,-5.445376282E0,-5.406307526E0,1.097147289E1
8.783552917E-1,-7.255412292E0,-5.060825958E0,-5.292244720E0,1.030828895E1
8.883562917E-1,-6.420149231E0,-4.822521515E0,-4.835694122E0,9.373311451E0
8.983572917E-1,-5.583239594E0,-4.490960999E0,-4.461622009E0,8.440815482E0
9.083582917E-1,-5.049748993E0,-3.959865417E0,-4.336482239E0,7.745035650E0
9.183592916E-1,-4.809498596E0,-3.238066406E0,-4.177213440E0,7.146010280E0
9.283602916E-1,-4.697381744E0,-2.441123657E0,-4.111799469E0,6.703086963E0
9.383612917E-1,-4.749174042E0,-1.633253632E0,-4.042194214E0,6.446821354E0
9.483622917E-1,-4.934788055E0,-8.372090149E-1,-3.906426544E0,6.349269283E0
9.583632917E-1,-4.868775330E0,-2.155517578E-2,-3.805087280E0,6.179330631E0
9.683642917E-1,-4.677473145E0,7.204518127E-1,-3.580105133E0,5.934219291E0
9.783652917E-1,-4.391567688E0,1.191372528E0,-3.290607147E0,5.615454626E0
9.883662916E-1,-4.219575348E0,1.610351257E0,-3.012934570E0,5.429164025E0
9.983672916E-1,-4.191134491E0,2.129172363E0,-2.667303314E0,5.404950531E0
1.008368292E0,-4.483476562E0,2.519111481E0,-2.252515869E0,5.614384426E0
1.018369292E0,-4.967569885E0,2.789449310E0,-1.759441223E0,5.962668148E0
1.028370292E0,-5.434299316E0,2.965932312E0,-1.378184052E0,6.342535362E0
1.038371292E0,-5.738167419E0,3.021317139E0,-1.059496765E0,6.570955485E0
1.048372292E0,-5.870941315E0,3.014730835E0,-7.616162109E-1,6.643539206E0
1.058373292E0,-5.967789917E0,3.121608582E0,-6.186634827E-1,6.763261132E0
1.068374292E0,-6.222859497E0,3.333418121E0,-4.086502075E-1,7.071255312E0
1.078375292E0,-6.532715149E0,3.466042328E0,-3.567082214E-1,7.403854225E0
1.088376292E0,-6.871311035E0,3.692072296E0,-5.727090454E-1,7.821400695E0
1.098377292E0,-7.067552948E0,4.017794952E0,-7.352709961E-1,8.162940915E0
1.108378292E0,-7.015760651E0,4.347409515E0,-1.267115021E0,8.350236373E0
1.118380292E0,-6.746171265E0,4.708608398E0,-1.805545349E0,8.422696349E0
1.128381292E0,-6.273603973E0,4.975204010E0,-1.867217102E0,8.221755376E0
1.138382292E0,-5.945935364E0,5.290149078E0,-2.318378906E0,8.289433357E0
1.148383292E0,-5.600902863E0,5.735023956E0,-2.779869232E0,8.484591069E0
1.158384292E0,-5.385051727E0,6.043682098E0,-3.789220276E0,8.937732694E0
1.168385292E0,-5.123545532E0,6.174360352E0,-5.619015198E0,9.795242537E0
1.178386292E0,-3.866609344E0,5.916446686E0,-5.791157227E0,9.137423665E0
1.188387292E0,-1.736389160E0,5.285508728E0,-4.436623993E0,7.115847264E0
1.198388292E0,3.296145630E-1,4.903503113E0,-3.328927460E0,5.935886334E0
1.208389292E0,1.750609589E0,5.186115417E0,-2.346520386E0,5.955382857E0
1.218390292E0,1.912572784E0,6.006858673E0,-1.657203827E0,6.518175381E0
1.228391292E0,9.214837646E-1,6.936575317E0,-3.144960022E-1,7.004578303E0
1.238392292E0,-8.879534912E-1,7.670050049E0,4.328997803E-1,7.733403609E0
1.248393292E0,-2.191293182E0,8.452023926E0,3.805087280E-1,8.739751778E0
1.258394292E0,-3.189866638E0,8.818162537E0,1.219663696E0,9.456363954E0
1.268395292E0,-4.819078674E0,8.601562958E0,4.116439819E-1,9.868123193E0
1.278396292E0,-6.437363434E0,8.194709015E0,-1.006057892E0,1.046924335E1
1.288397292E0,-7.157665558E0,7.663314056E0,-1.162931671E0,1.055040135E1
1.298398292E0,-7.033274231E0,7.287595367E0,-1.338067474E0,1.021598831E1
1.308399292E0,-6.452032928E0,7.156917114E0,-1.439406738E0,9.742796480E0
1.318400292E0,-5.707930298E0,7.423213348E0,-1.369352417E0,9.463598192E0
1.328401292E0,-5.149142303E0,7.964787140E0,-1.384920044E0,9.584858067E0
1.338402292E0,-4.955145721E0,8.480464783E0,-1.415606232E0,9.923491979E0
1.348403292E0,-4.961881714E0,8.896749115E0,-1.188977509E0,1.025602664E1
1.358405292E0,-5.068460083E0,9.209598541E0,-1.155147858E0,1.057546025E1
1.368406292E0,-5.099595337E0,9.391470337E0,-1.514700165E0,1.079351214E1
1.378407292E0,-4.940476227E0,9.290729828E0,-1.794019318E0,1.067447757E1
1.388408292E0,-4.715194702E0,8.821605377E0,-1.788780212E0,1.016137378E1
1.398409292E0,-4.621339874E0,8.115523682E0,-1.763782196E0,9.504179843E0
1.408410292E0,-4.686005402E0,7.574398956E0,-1.806593170E0,9.088121096E0
1.418411292E0,-4.736300812E0,7.326664124E0,-1.902244263E0,8.929226495E0
1.428412292E0,-4.866679688E0,7.441026306E0,-2.288890228E0,9.181092644E0
1.438413292E0,-5.072052612E0,7.786358185E0,-2.366728363E0,9.589290622E0
1.448414292E0,-5.248086548E0,7.959697723E0,-2.136207733E0,9.770495573E0
1.458415292E0,-5.206622772E0,8.067323914E0,-1.895358582E0,9.786879992E0
1.468415583E0,-4.970713348E0,8.064030762E0,-1.668580170E0,9.618770353E0
1.478416583E0,-4.722230072E0,7.756869507E0,-1.373543701E0,9.184503454E0
1.488417583E0,-4.526287537E0,7.250173187E0,-1.272204437E0,8.641226431E0
1.498418583E0,-4.606371002E0,6.714586945E0,-1.646426239E0,8.307529778E0
1.508419583E0,-4.547992401E0,6.359076233E0,-2.043700104E0,8.080767014E0
1.518420583E0,-3.826792145E0,6.466403046E0,-3.055296478E0,8.111321904E0
1.528421583E0,-2.671494598E0,7.085515594E0,-3.806135101E0,8.475144780E0
1.538422583E0,-1.867815857E0,7.898325348E0,-3.974684601E0,9.037167535E0
1.548423583E0,-1.827998657E0,8.366252289E0,-4.144730988E0,9.513913570E0
1.558424583E0,-2.391726379E0,8.525670776E0,-4.328249359E0,9.856021498E0
1.568425583E0,-2.924318848E0,8.305029602E0,-4.299359436E0,9.798451356E0
1.578426583E0,-2.886896667E0,7.957751770E0,-4.154460754E0,9.429715253E0
1.588427583E0,-2.327958984E0,7.698041840E0,-4.085454254E0,9.020541983E0
1.598429583E0,-1.704056396E0,7.468419342E0,-4.155658264E0,8.714963642E0
1.608430583E0,-1.116677856E0,7.582033081E0,-4.615202637E0,8.946188599E0
1.618431583E0,-6.750961304E-1,7.559280396E0,-4.640799408E0,8.895813286E0
1.628432583E0,-4.767585754E-1,7.610773315E0,-4.520599365E0,8.864930221E0
1.638433583E0,-6.002517700E-1,7.529192963E0,-4.367617493E0,8.724971714E0
1.648434583E0,-8.957373047E-1,7.490423584E0,-4.098327484E0,8.585166216E0
1.658435583E0,-1.138233032E0,7.551945648E0,-3.806434479E0,8.533252659E0
1.668436583E0,-1.273401947E0,7.713010712E0,-3.623664551E0,8.616439609E0
1.678437583E0,-1.313817902E0,7.882907410E0,-3.723057861E0,8.816320465E0
1.688438583E0,-1.278790741E0,8.232879639E0,-3.872896271E0,9.187760251E0
1.698439583E0,-1.265468445E0,8.234226837E0,-3.944597168E0,9.217578251E0
1.708440583E0,-1.511706390E0,8.002059631E0,-3.860322418E0,9.012230785E0
1.718441583E0,-1.966460724E0,7.685767365E0,-3.811523895E0,8.801460229E0
1.728442583E0,-2.341131592E0,7.367529144E0,-3.813918915E0,8.620171710E0
1.738443583E0,-2.456990662E0,7.339387665E0,-4.062252502E0,8.741013088E0
1.748444583E0,-2.301763458E0,7.472910004E0,-4.270020447E0,8.909297029E0
1.758445583E0,-1.926493835E0,7.900121613E0,-4.569846954E0,9.327743627E0
1.768446583E0,-1.423689423E0,8.087531891E0,-5.152136078E0,9.694306052E0
1.778447583E0,-7.918533325E-1,8.349038086E0,-5.719905396E0,1.015139332E1
1.788448583E0,-1.580712891E-1,8.118367767E0,-5.971981201E0,1.007955561E1
1.798449583E0,2.685415649E-1,7.656428375E0,-5.989943848E0,9.724836108E0
1.808450583E0,4.116439819E-1,7.377258911E0,-6.150260468E0,9.613485509E0
1.818452583E0,2.401007080E-1,7.401807861E0,-6.417604523E0,9.799492628E0
1.828453583E0,-2.273771667E-1,7.676336975E0,-6.671626282E0,1.017292716E1
1.838454583E0,-8.828640747E-1,8.074059906E0,-6.715335388E0,1.053876756E1
1.848455583E0,-1.597028961E0,8.343349915E0,-6.657705231E0,1.079291565E1
1.858456583E0,-2.238145752E0,8.464597778E0,-6.609355774E0,1.097006361E1
1.868457583E0,-2.816992035E0,8.375532990E0,-6.532864838E0,1.098923655E1
1.878458583E0,-3.258573761E0,8.135132904E0,-6.347101135E0,1.082055374E1
1.888459583E0,-3.551514587E0,7.822433167E0,-6.025270386E0,1.049321684E1
1.898460583E0,-3.734434204E0,7.498357086E0,-5.588329010E0,1.006979538E1
1.908461583E0,-3.776047668E0,7.191794586E0,-5.123994598E0,9.603945336E0
1.918462583E0,-3.659889221E0,6.894512787E0,-4.788093109E0,9.157233824E0
1.928463583E0,-3.602558441E0,6.661896515E0,-4.530329132E0,8.825144449E0
1.938464583E0,-3.892056427E0,6.565796356E0,-4.462819519E0,8.841636901E0
1.948465583E0,-4.443359985E0,6.619235229E0,-4.475543060E0,9.142658731E0
1.958466583E0,-4.965474243E0,6.673572235E0,-4.508175201E0,9.461297188E0
1.968467583E0,-5.441484375E0,6.628216553E0,-4.451742554E0,9.662350575E0
1.978468583E0,-5.789510651E0,6.544839935E0,-4.207600250E0,9.698312390E0
1.988469583E0,-5.816903687E0,6.437213745E0,-3.978277130E0,9.544672767E0
1.998470583E0,-5.475763092E0,6.356531525E0,-3.850592651E0,9.231280422E0
2.008471583E0,-5.102140045E0,6.323600006E0,-3.848197632E0,8.990460227E0
2.018472583E0,-4.821922760E0,6.427633667E0,-3.906576233E0,8.934581777E0
2.028473583E0,-4.646188202E0,6.483467560E0,-3.954925690E0,8.903024970E0
2.038474583E0,-4.775668945E0,6.350244598E0,-3.841461639E0,8.825499865E0
2.048475583E0,-5.095553741E0,6.113437042E0,-3.785028992E0,8.812787577E0
2.058477583E0,-5.234913940E0,5.890849915E0,-3.814667358E0,8.755462508E0
2.068478583E0,-5.229375458E0,5.853278046E0,-3.944896545E0,8.784613840E0
2.078479583E0,-5.210514679E0,5.980064392E0,-4.123475189E0,8.939445228E0
2.088480583E0,-5.204826508E0,6.076463928E0,-4.354594574E0,9.109123270E0
2.098481583E0,-5.313949585E0,5.992787933E0,-4.491410065E0,9.182828092E0
2.108482583E0,-5.494324493E0,5.802832947E0,-4.666845245E0,9.254183724E0
2.118483583E0,-5.557792511E0,5.588478699E0,-4.822222137E0,9.239804008E0
2.128484583E0,-5.508095856E0,5.400020599E0,-4.966222687E0,9.174023665E0
2.138485583E0,-5.437293091E0,5.229674835E0,-5.162314911E0,9.141288218E0
2.148486583E0,-5.337001648E0,5.045857086E0,-5.332660675E0,9.076427172E0
2.158487583E0,-5.195845184E0,4.824317780E0,-5.514831848E0,8.982439509E0
2.168488583E0,-5.130131836E0,4.624483337E0,-5.700595551E0,8.955494873E0
2.178489583E0,-4.985233154E0,4.420607300E0,-5.846991119E0,8.864627666E0
2.188490583E0,-4.724325714E0,4.167932739E0,-6.071075134E0,8.749221112E0
2.198491583E0,-4.349804535E0,3.841012573E0,-6.271208954E0,8.544134762E0
2.208492583E0,-3.870501251E0,3.443289642E0,-6.308930511E0,8.163309849E0
2.218493583E0,-3.550766144E0,3.097808075E0,-6.242319031E0,7.821182900E0
2.228494583E0,-3.727847900E0,2.898722076E0,-6.030958557E0,7.659758532E0
2.238495583E0,-4.421655121E0,2.823877716E0,-5.699996796E0,7.746953132E0
2.248496583E0,-5.452261963E0,2.897823944E0,-5.358257446E0,8.175296140E0
2.258497583E0,-6.473737793E0,3.231180725E0,-5.317691803E0,8.979290395E0
2.268498583E0,-7.209757233E0,3.717519379E0,-5.521118774E0,9.812405526E0
2.278500583E0,-7.436835022E0,4.290827179E0,-5.575605469E0,1.023743568E1
2.288501583E0,-7.432793427E0,4.742288361E0,-5.601501617E0,1.044569468E1
2.298502583E0,-7.566016388E0,4.986580353E0,-5.564079437E0,1.063341749E1
2.308503583E0,-7.947872314E0,4.974006500E0,-5.497018890E0,1.086860762E1
2.318504583E0,-8.475824432E0,4.600982208E0,-5.695057068E0,1.120010322E1
2.328505583E0,-8.953032074E0,3.882626038E0,-6.065686340E0,1.149017489E1
2.338506583E0,-9.451794891E0,3.074456635E0,-6.415359192E0,1.182985815E1
2.348507583E0,-1.001163071E1,2.364333344E0,-6.396199036E0,1.211338861E1
2.358508583E0,-1.029259644E1,1.865420837E0,-5.974376221E0,1.204618228E1
2.368509583E0,-1.010773087E1,1.451082458E0,-5.762416992E0,1.172507199E1
2.378510583E0,-9.580676880E0,1.550326080E0,-5.943240967E0,1.138046544E1
2.388511583E0,-8.833730164E0,1.776655426E0,-6.040538635E0,1.084801365E1
2.398512583E0,-8.155789948E0,1.923649750E0,-6.407725067E0,1.054875720E1
2.408513583E0,-7.773335266E0,1.689087524E0,-6.180647278E0,1.007363681E1
2.418514583E0,-7.357949066E0,1.091230774E0,-7.101681976E0,1.028416676E1
2.428515583E0,-7.057523804E0,7.451504517E-1,-7.327262878E0,1.020062119E1
2.438516583E0,-6.739734650E0,1.302291870E-1,-6.951095123E0,9.682907941E0
2.448517583E0,-6.087840271E0,-6.896159363E-1,-6.867718506E0,9.203419298E0
2.458518583E0,-5.220843201E0,-1.430724792E0,-6.796167297E0,8.688617099E0
2.468519667E0,-4.756209412E0,-2.073937225E0,-6.622678070E0,8.413240066E0
2.478520667E0,-5.118905182E0,-2.663112030E0,-6.296356659E0,8.540460358E0
2.488521667E0,-6.185886383E0,-3.048859863E0,-6.330335999E0,9.361297488E0
2.498522667E0,-7.133415985E0,-3.078647919E0,-6.940317535E0,1.041785506E1
2.508523667E0,-7.262597351E0,-2.705923004E0,-7.745493164E0,1.095718960E1
2.518525667E0,-7.016509094E0,-1.953138428E0,-8.175698547E0,1.094934684E1
2.528526667E0,-7.121590576E0,-1.337468719E0,-8.131091309E0,1.089130482E1
2.538527667E0,-7.593110046E0,-1.063089294E0,-8.062683563E0,1.112620085E1
2.548528667E0,-8.264613647E0,-7.104226685E-1,-8.203091583E0,1.166615835E1
2.558529667E0,-9.060658264E0,-2.998265076E-1,-8.169112244E0,1.220327083E1
2.568530667E0,-9.799521790E0,-2.570155334E-1,-7.897277527E0,1.258823564E1
2.578531667E0,-1.038705002E1,-4.113446045E-1,-7.585475922E0,1.286854527E1
2.588532667E0,-1.053389465E1,-5.914201355E-1,-7.626191254E0,1.301812227E1
2.598533667E0,-9.901609497E0,-8.677455139E-1,-7.691006470E0,1.256767415E1
2.608534667E0,-8.960067444E0,-1.266665955E0,-7.332651672E0,1.164710401E1
2.618535667E0,-8.330925751E0,-1.806144104E0,-6.833739166E0,1.092549639E1
2.628536667E0,-8.192313995E0,-2.276915131E0,-6.291566620E0,1.057743644E1
2.638537667E0,-8.468190308E0,-2.571951599E0,-5.735622711E0,1.054621022E1
2.648538667E0,-8.890761566E0,-2.781366119E0,-5.238805847E0,1.068769037E1
2.658539667E0,-9.267378387E0,-2.951711884E0,-5.244793396E0,1.105010240E1
2.668540667E0,-9.210945740E0,-2.977458344E0,-5.654491425E0,1.121071152E1
2.678541667E0,-8.292156372E0,-2.963986359E0,-5.886059875E0,1.059201460E1
2.688542667E0,-6.897656250E0,-3.071612549E0,-5.945186920E0,9.610292030E0
2.698543667E0,-5.815406799E0,-3.171604614E0,-5.811514893E0,8.812022323E0
2.708544667E0,-5.529201965E0,-3.225043488E0,-5.493875427E0,8.435380672E0
2.718545667E0,-6.169420624E0,-3.241808624E0,-4.978197784E0,8.564667371E0
2.728546667E0,-7.389683075E0,-3.445534973E0,-4.441863098E0,9.284894990E0
2.738548667E0,-8.747958527E0,-3.960613861E0,-4.193529510E0,1.047849848E1
2.748549667E0,-9.801168365E0,-4.423002319E0,-4.282444611E0,1.157433293E1
2.758550667E0,-9.466165009E0,-4.752467194E0,-4.560715942E0,1.153231782E1
2.768551667E0,-7.794591064E0,-4.644691315E0,-4.910688171E0,1.031715395E1
2.778552667E0,-6.403683472E0,-4.259392548E0,-4.927453308E0,9.133968633E0
2.788553667E0,-6.147416382E0,-3.947740631E0,-4.692591705E0,8.683075560E0
2.798554667E0,-7.291786652E0,-3.776945801E0,-4.538112946E0,9.382427259E0
2.808555667E0,-9.072932739E0,-3.919599152E0,-3.805686035E0,1.059077958E1
2.818556667E0,-1.058628571E1,-4.434378662E0,-3.417543182E0,1.197550669E1
2.828557667E0,-1.163141235E1,-4.946763153E0,-3.576362915E0,1.313585135E1
2.838558667E0,-1.152947433E1,-5.236859894E0,-3.674109650E0,1.318531614E1
2.848559667E0,-1.010114456E1,-5.302273865E0,-3.645219727E0,1.197642920E1
2.858560667E0,-8.211474152E0,-5.226381683E0,-3.567830658E0,1.036690836E1
2.868561667E0,-6.709048462E0,-5.079686737E0,-3.548670502E0,9.132776738E0
2.878562667E0,-6.140381012E0,-4.801265717E0,-3.547772369E0,8.564059799E0
2.888563667E0,-6.583010559E0,-4.436474304E0,-3.604953461E0,8.718602051E0
2.898564667E0,-7.652985535E0,-4.354594574E0,-3.457809448E0,9.459763616E0
2.908565667E0,-8.706644440E0,-4.727768555E0,-3.228186951E0,1.042010767E1
2.918566667E0,-9.476044464E0,-5.435047760E0,-3.078498230E0,1.134955128E1
2.928567667E0,-9.769134979E0,-6.078709259E0,-3.294049988E0,1.196818574E1
2.938568667E0,-8.864566040E0,-6.145021362E0,-3.608995056E0,1.137394672E1
2.948569667E0,-7.279961243E0,-5.685776367E0,-3.941453705E0,1.004295504E1
2.958571667E0,-6.264772339E0,-5.036576385E0,-3.998335419E0,8.977814894E0
2.968572667E0,-6.127956848E0,-4.436324615E0,-3.806584167E0,8.468938201E0
2.978573667E0,-6.749314728E0,-4.252506866E0,-3.567680969E0,8.738730540E0
2.988574667E0,-7.711813202E0,-4.690046997E0,-3.364703064E0,9.632747812E0
2.998575667E0,-8.656648407E0,-5.647905121E0,-3.104095001E0,1.079221014E1
3.008576667E0,-9.468260651E0,-6.550378418E0,-2.980452118E0,1.189279244E1
3.018577667E0,-9.627379761E0,-7.165599060E0,-2.807861023E0,1.232543445E1
3.028578667E0,-8.610843658E0,-7.323520660E0,-2.697390747E0,1.162138117E1
3.038579667E0,-7.202871552E0,-6.707252197E0,-2.721490631E0,1.021151810E1
3.048580667E0,-6.500681763E0,-5.833668823E0,-2.573897552E0,9.105795074E0
3.058581667E0,-6.574777679E0,-4.848417664E0,-2.456990662E0,8.530630603E0
3.068582667E0,-6.904242554E0,-4.315076752E0,-2.469564514E0,8.508066849E0
3.078583667E0,-7.423213348E0,-4.757556610E0,-2.379601593E0,9.132411787E0
3.088584667E0,-8.194110260E0,-5.924529877E0,-2.131268005E0,1.033372152E1
3.098585667E0,-8.877738647E0,-6.817572784E0,-2.058519287E0,1.138117058E1
3.108586667E0,-9.241182861E0,-7.343279572E0,-2.089804230E0,1.198709712E1
3.118587667E0,-8.991202698E0,-7.265142059E0,-2.067500610E0,1.174302235E1
3.128588667E0,-8.206983490E0,-6.635850677E0,-1.945504303E0,1.073191871E1
3.138589667E0,-7.588619385E0,-5.901926880E0,-1.919159088E0,9.803216649E0
3.148590667E0,-7.388186188E0,-5.383405151E0,-2.170636139E0,9.395637680E0
3.158591667E0,-7.433841248E0,-4.896767120E0,-2.508034515E0,9.248273409E0
3.168592667E0,-7.411687317E0,-4.903203735E0,-2.732268219E0,9.297300973E0
3.178594667E0,-7.215146027E0,-5.117258606E0,-2.888692932E0,9.305332594E0
3.188595667E0,-6.964716797E0,-5.346432037E0,-3.150348816E0,9.328253494E0
3.198596667E0,-6.741231537E0,-5.564827881E0,-3.353626099E0,9.362602202E0
3.208597667E0,-6.467301178E0,-5.766608276E0,-3.534150696E0,9.357883130E0
3.218598667E0,-6.185587006E0,-5.952821045E0,-3.622467041E0,9.317716054E0
3.228599667E0,-6.017785950E0,-6.157894592E0,-3.598965912E0,9.331986347E0
3.238600667E0,-6.007457428E0,-6.407725067E0,-3.503464508E0,9.456360232E0
3.248601667E0,-6.162085876E0,-6.547684021E0,-3.440295868E0,9.626998704E0
3.258602667E0,-6.541247406E0,-6.563401337E0,-3.390599213E0,9.867234555E0
3.268603667E0,-7.130272522E0,-6.558162231E0,-3.319347382E0,1.024052465E1
3.278604667E0,-7.673792267E0,-6.557563477E0,-3.247796173E0,1.060362704E1
3.288605667E0,-7.961044922E0,-6.444997559E0,-3.149600372E0,1.071616593E1
3.298606667E0,-8.042176208E0,-6.409371643E0,-3.090772705E0,1.073822699E1
3.308607667E0,-7.797734528E0,-6.504423981E0,-2.993175659E0,1.058637311E1
3.318608667E0,-7.446265411E0,-6.660998383E0,-2.986739044E0,1.042767367E1
3.328609667E0,-7.159910889E0,-6.733896790E0,-3.130140839E0,1.031539973E1
3.338610667E0,-7.093898163E0,-6.668482819E0,-3.231180725E0,1.025829338E1
3.348611667E0,-7.209308167E0,-6.492299194E0,-3.295097809E0,1.024605986E1
3.358612667E0,-7.443720703E0,-6.302493896E0,-3.362008667E0,1.031666174E1
3.368613667E0,-7.633526001E0,-6.243965607E0,-3.467239838E0,1.045368728E1
3.378614667E0,-7.465425568E0,-6.361471252E0,-3.621568909E0,1.045546062E1
3.388615667E0,-6.949598236E0,-6.605463867E0,-3.809428253E0,1.031701566E1
3.398617667E0,-6.346203003E0,-6.849905548E0,-3.960464172E0,1.014301607E1
3.408618667E0,-5.892346802E0,-6.974446564E0,-4.145928497E0,1.002753104E1
3.418619667E0,-5.615123291E0,-6.932982788E0,-4.520599365E0,1.000158380E1
3.428620667E0,-5.323080597E0,-6.886878662E0,-4.811444550E0,9.945566017E0
3.438621667E0,-4.827910309E0,-6.995552673E0,-5.115013275E0,9.920173182E0
3.448622667E0,-4.314028931E0,-7.282505951E0,-5.464835815E0,1.007522551E1
3.458623667E0,-4.344864807E0,-7.747289429E0,-5.583239594E0,1.049146835E1
3.468624792E0,-5.035079498E0,-8.162975006E0,-5.275329895E0,1.094601718E1
3.478625792E0,-5.983656921E0,-8.205486603E0,-4.741240540E0,1.120774386E1
3.488626792E0,-6.951244812E0,-7.777676239E0,-4.362228699E0,1.130668348E1
3.498627792E0,-7.584577789E0,-7.068900146E0,-3.955973511E0,1.109706700E1
3.508628792E0,-7.643255768E0,-6.631659393E0,-3.703298950E0,1.077555976E1
3.518629792E0,-7.313042450E0,-6.408623199E0,-3.623664551E0,1.037699311E1
3.528630792E0,-7.013365631E0,-6.371201019E0,-3.676804047E0,1.016358145E1
3.538631792E0,-6.907386017E0,-6.647676086E0,-3.630550232E0,1.025107184E1
3.548632792E0,-7.057523804E0,-7.037016449E0,-3.521576843E0,1.057022924E1
3.558633792E0,-7.358248444E0,-7.447762299E0,-3.541784821E0,1.105247588E1
3.568634792E0,-7.687114563E0,-7.710765381E0,-3.761527863E0,1.151940645E1
3.578635792E0,-7.923323364E0,-7.725883942E0,-3.966751099E0,1.175599635E1
3.588636792E0,-7.755971375E0,-7.642207947E0,-4.015100555E0,1.160514829E1
3.598637792E0,-6.990313568E0,-7.603588257E0,-4.004622345E0,1.107772713E1
3.608639792E0,-5.964796143E0,-7.598349152E0,-4.029320984E0,1.046657205E1
3.618640792E0,-5.316344604E0,-7.539820862E0,-4.261488190E0,1.016231766E1
3.628641792E0,-5.283862152E0,-7.288343811E0,-4.489913177E0,1.005974528E1
3.638642792E0,-5.579197998E0,-7.022496643E0,-4.570595398E0,1.006644186E1
3.648643792E0,-5.780379639E0,-6.632108459E0,-4.774471436E0,1.000965678E1
3.658644792E0,-5.809568939E0,-6.382427673E0,-5.075046387E0,1.001212116E1
3.668645792E0,-5.762416992E0,-6.270460510E0,-5.454806671E0,1.011331006E1
3.678646792E0,-5.530399475E0,-6.103258209E0,-5.757626953E0,1.004914659E1
3.688647792E0,-5.205425262E0,-6.137536926E0,-5.738915863E0,9.884379949E0
3.698648792E0,-4.863985291E0,-5.971681824E0,-5.641767883E0,9.547192339E0
3.708649792E0,-4.608766022E0,-5.636528778E0,-5.676795044E0,9.232398544E0
3.718650792E0,-4.577780457E0,-5.283263397E0,-5.622158661E0,8.970931615E0
3.728651792E0,-4.635859680E0,-4.666396179E0,-5.595364380E0,8.635655784E0
3.738652792E0,-4.771627350E0,-4.172423401E0,-5.467979279E0,8.371161329E0
3.748653792E0,-5.066514130E0,-4.095782776E0,-5.066963196E0,8.253430681E0
3.758654792E0,-5.551505585E0,-4.023034058E0,-5.211113434E0,8.611603829E0
3.768655792E0,-6.065087585E0,-4.114044800E0,-5.768853607E0,9.326860349E0
3.778656792E0,-6.147266693E0,-4.619693298E0,-5.766907654E0,9.611850907E0
3.788657792E0,-5.642965393E0,-5.015021210E0,-5.285808105E0,9.215924451E0
3.798658792E0,-4.988376617E0,-5.448070679E0,-4.819976807E0,8.820292048E0
3.808660792E0,-4.733905792E0,-5.475463715E0,-4.928650818E0,8.756835377E0
3.818661792E0,-4.988825684E0,-5.399122467E0,-5.135820007E0,8.967471899E0
3.828662792E0,-5.432652740E0,-5.707481232E0,-5.085374908E0,9.378171238E0
3.838663792E0,-5.574258270E0,-6.030060425E0,-4.966522064E0,9.596891445E0
3.848664792E0,-5.295088806E0,-6.102509766E0,-4.981640625E0,9.491856205E0
3.858665792E0,-5.066813507E0,-6.589297485E0,-4.276307373E0,9.347633134E0
3.868666792E0,-5.448370056E0,-7.995024261E0,-3.121309204E0,1.016600808E1
3.878667792E0,-6.387068024E0,-9.782606964E0,-2.865042114E0,1.202923536E1
3.888668792E0,-7.364235992E0,-1.034693344E1,-3.197201385E0,1.309630101E1
3.898669792E0,-7.972870331E0,-9.899364166E0,-3.402424622E0,1.315828885E1
3.908670792E0,-8.162525940E0,-8.840316467E0,-3.395838318E0,1.250238949E1
3.918671792E0,-8.245603180E0,-7.434140625E0,-3.363505554E0,1.160041328E1
3.928672792E0,-8.550369415E0,-6.110892334E0,-3.332519989E0,1.102531232E1
3.938673792E0,-9.031918030E0,-5.094056854E0,-3.340603180E0,1.089424564E1
3.948674792E0,-9.550739136E0,-4.356989594E0,-3.237767029E0,1.098558654E1
3.958675792E0,-1.006941055E1,-3.823648682E0,-3.020868073E0,1.118655273E1
3.968676792E0,-1.042327469E1,-3.455414429E0,-2.905158691E0,1.135889480E1
3.978677792E0,-1.043839325E1,-3.170257416E0,-2.981799316E0,1.130936395E1
3.988678792E0,-1.003647903E1,-3.029100952E0,-3.437302094E0,1.103274262E1
3.998679792E0,-9.414372711E0,-3.023263092E0,-4.175117798E0,1.073322607E1
4.008681792E0,-8.649014282E0,-3.131488037E0,-4.804409180E0,1.037757259E1
4.018682792E0,-7.787256317E0,-3.356769562E0,-5.067262573E0,9.878583543E0
4.028683792E0,-7.062762909E0,-3.598067780E0,-5.374723206E0,9.576865938E0
4.038684792E0,-6.705904999E0,-3.777843933E0,-5.901328125E0,9.698811282E0
4.048685792E0,-6.615642700E0,-3.951632538E0,-6.246660004E0,9.919823045E0
4.058686792E0,-6.545289001E0,-4.142335968E0,-6.353088684E0,1.001805826E1
4.068687792E0,-6.435267792E0,-4.303850098E0,-6.244414673E0,9.946281306E0
4.078688792E0,-6.371650085E0,-4.323159943E0,-6.036047974E0,9.783737110E0
4.088689792E0,-6.336473236E0,-4.190984802E0,-5.880820770E0,9.607252449E0
4.098690792E0,-6.393654327E0,-3.941304016E0,-5.715115356E0,9.437967819E0
4.108691792E0,-6.566395111E0,-3.702400818E0,-5.550906830E0,9.361510733E0
4.118692792E0,-6.710245972E0,-3.583847351E0,-5.548960876E0,9.416067632E0
4.128693792E0,-6.822961578E0,-3.572920074E0,-5.672154694E0,9.565139906E0
4.138694792E0,-6.831194458E0,-3.644471283E0,-5.780828705E0,9.662575701E0
4.148695792E0,-6.785539398E0,-3.863914948E0,-5.768853607E0,9.708401289E0
4.158696792E0,-6.785240021E0,-4.103566589E0,-5.687572632E0,9.758443694E0
4.168697792E0,-6.940167847E0,-4.207600250E0,-5.576802979E0,9.847363153E0
4.178698792E0,-7.178472290E0,-4.165537720E0,-5.511838074E0,9.963058158E0
4.188699792E0,-7.434589691E0,-3.946094055E0,-5.349575500E0,9.973100832E0
4.198700792E0,-7.629334717E0,-3.670367432E0,-5.212460632E0,9.942237733E0
4.208702792E0,-7.677085419E0,-3.419339447E0,-5.174739075E0,9.869521127E0
4.218703792E0,-7.663014679E0,-3.248394928E0,-5.241799622E0,9.836174401E0
4.228704792E0,-7.566465454E0,-3.204236755E0,-5.349425812E0,9.804840089E0
4.238705792E0,-7.415728912E0,-3.275488586E0,-5.442382507E0,9.764291482E0
4.248706792E0,-7.389234009E0,-3.326831818E0,-5.507197723E0,9.797847516E0
4.258707792E0,-7.513924713E0,-3.310216370E0,-5.602250061E0,9.939909595E0
4.268708792E0,-7.627388763E0,-3.236419830E0,-5.602699127E0,1.000208529E1
4.278709792E0,-7.718100128E0,-3.134930878E0,-5.577551422E0,1.002526514E1
4.288710792E0,-7.774233398E0,-3.081042938E0,-5.529351654E0,1.002523118E1
4.298711792E0,-7.789501648E0,-3.067720642E0,-5.480104065E0,1.000593756E1
4.308712792E0,-7.712262268E0,-3.067421265E0,-5.710325317E0,1.007451625E1
4.318713792E0,-7.640261993E0,-3.035687256E0,-6.197412415E0,1.029548061E1
4.328714792E0,-7.647147675E0,-3.044518890E0,-6.471043396E0,1.047006998E1
4.338715792E0,-7.644752655E0,-3.158731384E0,-6.320456543E0,1.040999510E1
4.348716792E0,-7.664062500E0,-3.189267883E0,-6.269263000E0,1.040254499E1
4.358717792E0,-7.842341766E0,-2.938688965E0,-6.371650085E0,1.052312416E1
4.368718792E0,-8.167765045E0,-2.469115448E0,-6.694678345E0,1.084562746E1
4.378719792E0,-8.432414703E0,-2.024989014E0,-7.094945984E0,1.120466228E1
4.388720792E0,-8.591384125E0,-1.783990173E0,-7.380402374E0,1.146581185E1
4.398722792E0,-8.756640472E0,-1.797013092E0,-7.420369263E0,1.161765417E1
4.408723792E0,-8.920998688E0,-1.961221619E0,-7.363487549E0,1.173250002E1
4.418724792E0,-9.043294373E0,-2.084116058E0,-7.545209656E0,1.196055607E1
4.428725792E0,-9.043743439E0,-2.098486176E0,-7.815996552E0,1.213601012E1
4.438726792E0,-8.946296082E0,-2.183060303E0,-8.050858154E0,1.223185525E1
4.448727792E0,-8.999884644E0,-2.237846375E0,-8.639284515E0,1.267450658E1
4.458728792E0,-9.253607025E0,-2.227667542E0,-9.181457062E0,1.322463230E1
4.468729792E0,-9.794132996E0,-2.132166138E0,-9.459578705E0,1.378240918E1
4.478730708E0,-1.042237656E1,-1.910177765E0,-9.395511932E0,1.416158030E1
4.488731708E0,-1.096095657E1,-1.660946045E0,-9.124575348E0,1.435824453E1
4.498732708E0,-1.128054199E1,-1.417851562E0,-8.798703003E0,1.437630360E1
4.508733708E0,-1.137260056E1,-1.163380737E0,-8.556656342E0,1.427956112E1
4.518734708E0,-1.124371857E1,-8.819659424E-1,-8.552165680E0,1.415410220E1
4.528735708E0,-1.098760117E1,-6.018983459E-1,-8.506809998E0,1.390882732E1
4.538736708E0,-1.067026108E1,-4.993615723E-1,-8.178392944E0,1.345325034E1
4.548737708E0,-1.051069290E1,-5.876779175E-1,-7.826325073E0,1.311759867E1
4.558738708E0,-1.056817337E1,-7.213499451E-1,-7.478897552E0,1.296690182E1
4.568739708E0,-1.065798660E1,-9.276210022E-1,-7.018005981E0,1.279474764E1
4.578740708E0,-1.069795349E1,-1.158590698E0,-6.526877289E0,1.258525599E1
4.588742708E0,-1.058868073E1,-1.441203003E0,-6.121071167E0,1.231522382E1
4.598743708E0,-1.024304947E1,-1.750459900E0,-5.642965393E0,1.182485648E1
4.608744708E0,-9.666448517E0,-2.091899872E0,-5.061873779E0,1.111030324E1
4.618745708E0,-8.939709778E0,-2.354154510E0,-4.931794281E0,1.047774065E1
4.628746708E0,-8.472531281E0,-2.225871277E0,-5.353916473E0,1.026658224E1
4.638747708E0,-8.443641357E0,-1.828298035E0,-5.804479523E0,1.040815717E1
4.648748708E0,-8.392597504E0,-1.495240631E0,-5.669011230E0,1.023763282E1
4.658749708E0,-8.143814850E0,-1.333277435E0,-5.011428680E0,9.654727673E0
4.668750708E0,-7.851323090E0,-1.235081635E0,-4.565056915E0,9.165612120E0
4.678751708E0,-7.571704559E0,-1.099763031E0,-4.273163910E0,8.763567679E0
4.688752708E0,-7.280260620E0,-7.884104919E-1,-3.999233551E0,8.343719482E0
4.698753708E0,-7.048841858E0,-3.121009827E-1,-3.707939301E0,7.970720947E0
4.708754708E0,-7.025939484E0,2.086660767E-1,-3.690276031E0,7.938860394E0
4.718755708E0,-7.156318359E0,7.182064819E-1,-4.109703827E0,8.283621102E0
4.728756708E0,-7.175777893E0,1.110091553E0,-4.758903809E0,8.681662115E0
4.738757708E0,-6.950047302E0,1.397344208E0,-5.213059387E0,8.799529335E0
4.748758708E0,-6.575226746E0,1.651964722E0,-5.342839508E0,8.631832262E0
4.758759708E0,-6.196214905E0,1.844913483E0,-5.209317169E0,8.302636345E0
4.768761708E0,-5.969137115E0,2.037562866E0,-5.031636658E0,8.068434036E0
4.778762708E0,-5.883215790E0,2.220931549E0,-4.671335907E0,7.833654583E0
4.788763708E0,-5.963598633E0,2.501897278E0,-4.404141541E0,7.824350539E0
4.798764708E0,-6.202651520E0,2.839595032E0,-4.269870758E0,8.047855746E0
4.808765708E0,-6.539750519E0,3.209625549E0,-4.291276245E0,8.454885264E0
4.818766708E0,-6.910529480E0,3.634591827E0,-4.273612976E0,8.901092254E0
4.828767708E0,-7.283104706E0,3.966302032E0,-4.267326050E0,9.326587671E0
4.838768708E0,-7.526797943E0,4.146227875E0,-4.367767181E0,9.639568612E0
4.848769708E0,-7.428901520E0,4.153862000E0,-4.356989594E0,9.561720850E0
4.858770708E0,-7.077432404E0,3.962410126E0,-4.097429352E0,9.087335733E0
4.868771708E0,-6.746171265E0,3.734284515E0,-3.732488251E0,8.566631550E0
4.878772708E0,-6.564000092E0,3.544179840E0,-3.432661743E0,8.211606090E0
4.888773708E0,-6.421496429E0,3.528163147E0,-3.178490295E0,7.986635846E0
4.898774708E0,-6.337071991E0,3.679498444E0,-2.991828461E0,7.915063345E0
4.908775708E0,-6.166726227E0,3.944746857E0,-3.017425232E0,7.917979234E0
4.918776708E0,-5.975723419E0,4.276007996E0,-3.015329590E0,7.942652409E0
4.928777708E0,-5.790109406E0,4.595593414E0,-2.999013519E0,7.977401071E0
4.938778708E0,-5.758076019E0,4.863087158E0,-3.073109436E0,8.139352416E0
4.948780708E0,-5.789660339E0,5.097200317E0,-3.027903442E0,8.286725359E0
4.958781708E0,-5.756130066E0,5.280419312E0,-2.901566162E0,8.332763505E0
4.968782708E0,-5.788612518E0,5.458399200E0,-2.642005920E0,8.383457044E0
4.978783708E0,-5.915997620E0,5.687572632E0,-2.476001129E0,8.571936296E0
4.988784708E0,-6.109994202E0,5.834117889E0,-2.317181396E0,8.760039402E0
4.998785708E0,-6.264622650E0,6.016738129E0,-2.241289215E0,8.970507901E0
5.008786708E0,-6.431824951E0,6.202202454E0,-2.286644897E0,9.223038131E0
5.018787708E0,-6.533313904E0,6.293662262E0,-2.224224701E0,9.340318557E0
5.028788708E0,-6.460415497E0,6.360273743E0,-2.165696411E0,9.320959791E0
5.038789708E0,-6.370153198E0,6.327342224E0,-2.165397034E0,9.235965337E0
5.048790708E0,-6.209387512E0,6.244564362E0,-2.227368164E0,9.083625173E0
5.058791708E0,-6.016738129E0,6.145320740E0,-2.466421051E0,8.947029535E0
5.068792708E0,-5.783373413E0,6.036946106E0,-2.717299347E0,8.790667896E0
5.078793708E0,-5.529800720E0,5.952671356E0,-2.810854797E0,8.597319174E0
5.088794708E0,-5.274431763E0,5.992189178E0,-2.788251801E0,8.455785574E0
5.098795708E0,-5.061125336E0,6.174959106E0,-2.780917053E0,8.454502309E0
5.108797708E0,-4.842879181E0,6.427334290E0,-2.665956116E0,8.477701743E0
5.118798708E0,-4.639302521E0,6.704557800E0,-2.628683624E0,8.566457890E0
5.128799708E0,-4.508474579E0,7.011569366E0,-2.615960083E0,8.736801198E0
5.138800708E0,-4.406536560E0,7.301516418E0,-2.616708527E0,8.920586863E0
5.148801708E0,-4.356540527E0,7.538473663E0,-2.737806702E0,9.127081465E0
5.158802708E0,-4.355193329E0,7.673492889E0,-2.802921295E0,9.257784284E0
5.168803708E0,-4.348307648E0,7.828570404E0,-2.825823669E0,9.390397935E0
5.178804708E0,-4.418361969E0,7.976013794E0,-2.876268768E0,9.560943497E0
5.188805708E0,-4.545447693E0,8.068671112E0,-2.858605499E0,9.692067563E0
5.198806708E0,-4.711452484E0,8.039930878E0,-2.828817444E0,9.738607763E0
5.208807708E0,-4.913831635E0,7.960895233E0,-2.849175110E0,9.779539511E0
5.218808708E0,-5.023104401E0,7.845485229E0,-2.863694916E0,9.745971726E0
5.228809708E0,-5.060077515E0,7.770341492E0,-2.813249817E0,9.690044679E0
5.238810708E0,-5.079986115E0,7.848329315E0,-2.696342926E0,9.729994714E0
5.248811708E0,-5.104085999E0,7.962541809E0,-2.594255219E0,9.807340418E0
5.258812708E0,-5.205275574E0,8.171058197E0,-2.500250702E0,1.000561539E1
5.268813708E0,-5.388344879E0,8.315507812E0,-2.390528870E0,1.019296615E1
5.278815708E0,-5.536387024E0,8.441096649E0,-2.326312408E0,1.035931578E1
5.288816708E0,-5.622158661E0,8.557554474E0,-2.357896729E0,1.050714441E1
5.298817708E0,-5.613327026E0,8.539891205E0,-2.423909454E0,1.050307189E1
5.308818708E0,-5.528154144E0,8.409961395E0,-2.420017548E0,1.035105907E1
5.318819708E0,-5.346432037E0,8.289461975E0,-2.439926147E0,1.016133628E1
5.328820708E0,-5.231920166E0,8.261021118E0,-2.446213074E0,1.007975282E1
5.338821708E0,-5.186564484E0,8.284372559E0,-2.431992645E0,1.007203396E1
5.348822708E0,-5.071603546E0,8.364306335E0,-2.392474823E0,1.007009031E1
5.358823708E0,-4.899760895E0,8.425978088E0,-2.335144043E0,1.002285694E1
5.368824708E0,-4.807402954E0,8.444389801E0,-2.184856567E0,9.959540175E0
5.378825708E0,-4.750221863E0,8.432414703E0,-2.124681702E0,9.908809101E0
5.388826708E0,-4.692142639E0,8.491541748E0,-2.017504578E0,9.909228453E0
5.398827708E0,-4.671335907E0,8.543034668E0,-1.918710022E0,9.924024821E0
5.408828708E0,-4.655019836E0,8.606951752E0,-1.962718506E0,9.980034673E0
5.418829708E0,-4.674778748E0,8.619375916E0,-1.877994690E0,9.983689777E0
5.428830708E0,-4.650678864E0,8.540040894E0,-1.842518463E0,9.897271677E0
5.438831708E0,-4.397854614E0,8.408015442E0,-2.097588043E0,9.717804509E0
5.448833708E0,-4.029620361E0,8.345445557E0,-2.173929291E0,9.518942712E0
5.458834708E0,-3.693569183E0,8.392896881E0,-2.367027740E0,9.470268829E0
5.468835708E0,-3.583847351E0,8.312813416E0,-2.463726654E0,9.381725734E0
5.478836333E0,-3.521726532E0,8.314160614E0,-2.552492065E0,9.383125291E0
5.488837333E0,-3.510799255E0,8.377329254E0,-2.522704010E0,9.427056400E0
5.498838333E0,-3.318598938E0,8.541986847E0,-2.582878876E0,9.521024183E0
5.508839333E0,-3.146456909E0,8.595725098E0,-2.089804230E0,9.389034176E0
5.518840333E0,-3.075654144E0,8.338559875E0,-1.841919708E0,9.076557576E0
5.528841333E0,-2.963537292E0,8.063731384E0,-1.423240356E0,8.708153090E0
5.538842333E0,-2.735112305E0,8.071814575E0,-1.037791901E0,8.585571727E0
5.548843333E0,-2.408192139E0,8.284522247E0,-1.109343109E0,8.698467703E0
5.558844333E0,-1.954785004E0,8.561745758E0,-1.161434784E0,8.858532926E0
5.568845333E0,-1.666185150E0,8.824449463E0,-1.080303497E0,9.045116745E0
5.578846333E0,-1.651216278E0,8.914711761E0,-1.145867157E0,9.138468828E0
5.588847333E0,-1.733395386E0,8.873846741E0,-1.171164551E0,9.117096136E0
5.598848333E0,-1.836530914E0,8.803642731E0,-1.077010345E0,9.057423608E0
5.608850333E0,-1.928290100E0,8.744815063E0,-1.220711517E0,9.037711536E0
5.618851333E0,-1.883533173E0,8.777447205E0,-1.372046814E0,9.081508085E0
5.628852333E0,-1.698368225E0,8.777447205E0,-1.383423157E0,9.046650965E0
5.638853333E0,-1.542242889E0,8.695717163E0,-1.392404480E0,8.940514546E0
5.648854333E0,-1.469045105E0,8.676557007E0,-1.558558960E0,8.936992841E0
5.658855333E0,-1.442101135E0,8.786129150E0,-1.692680054E0,9.063160977E0
5.668856333E0,-1.538051605E0,8.941056976E0,-1.744622040E0,9.238604259E0
5.678857333E0,-1.628613281E0,9.103020172E0,-1.804347839E0,9.421943993E0
5.688858333E0,-1.642234955E0,9.369166718E0,-1.855092316E0,9.691211902E0
5.698859333E0,-1.586700439E0,9.588610382E0,-1.866618347E0,9.896632326E0
5.708860333E0,-1.497186584E0,9.712103577E0,-1.974543915E0,1.002324036E1
5.718861333E0,-1.419198761E0,9.756261749E0,-2.156415710E0,1.009202146E1
5.728862333E0,-1.443448334E0,9.737850037E0,-2.242786102E0,1.009650216E1
5.738863333E0,-1.492546234E0,9.604776764E0,-2.136956177E0,9.952186325E0
5.748864333E0,-1.503922577E0,9.379794617E0,-1.931882629E0,9.694044598E0
5.758865333E0,-1.467398529E0,9.259444885E0,-1.874252472E0,9.560512557E0
5.768867333E0,-1.456920319E0,9.264534302E0,-1.740879822E0,9.538599226E0
5.778868333E0,-1.558409271E0,9.361981659E0,-1.629062347E0,9.629599377E0
5.788869333E0,-1.721420288E0,9.528435516E0,-1.562001801E0,9.807865253E0
5.798870333E0,-1.892664185E0,9.656119995E0,-1.478625183E0,9.950334844E0
5.808871333E0,-1.977837067E0,9.588909760E0,-1.166973267E0,9.860063714E0
5.818872333E0,-1.885030060E0,9.352700958E0,-8.696914673E-1,9.580329681E0
5.828873333E0,-1.628164215E0,9.246871033E0,-7.488926697E-1,9.418937458E0
5.838874333E0,-1.406924286E0,9.304650879E0,-9.310638428E-1,9.456365253E0
5.848875333E0,-1.379830627E0,9.533375244E0,-1.409319305E0,9.735263582E0
5.858876333E0,-1.460812225E0,9.695338440E0,-1.675166473E0,9.946845859E0
5.868877333E0,-1.561552734E0,9.551038513E0,-1.594334564E0,9.808296811E0
5.878878333E0,-1.505569153E0,9.229507141E0,-1.445094910E0,9.462496491E0
5.888879333E0,-1.184636536E0,9.035360870E0,-1.241518250E0,9.196873237E0
5.898880333E0,-7.301815796E-1,8.960217133E0,-1.038690033E0,9.049725586E0
5.908881333E0,-2.966830444E-1,8.956774292E0,-1.019978943E0,9.019544533E0
5.918882333E0,-1.362167358E-1,9.086704102E0,-1.207688599E0,9.167620094E0
5.928884333E0,-3.222798157E-1,9.325307922E0,-1.376088409E0,9.431800010E0
5.938885333E0,-6.203100586E-1,9.469907227E0,-1.482068024E0,9.605230506E0
5.948886333E0,-7.743397522E-1,9.400601349E0,-1.513802032E0,9.553141073E0
5.958887333E0,-6.601272583E-1,9.148375854E0,-1.453327789E0,9.286587664E0
5.968888333E0,-3.996688843E-1,8.843459930E0,-1.322200470E0,8.950683373E0
5.978889333E0,-1.579216003E-1,8.587492218E0,-1.242715759E0,8.678381432E0
5.988890333E0,-7.619155884E-2,8.509354706E0,-1.221609650E0,8.596932755E0
5.998891333E0,-1.904040527E-1,8.629105682E0,-1.104104004E0,8.701538038E0
6.008892333E0,-4.903802490E-1,8.851992188E0,-1.260678406E0,8.954750053E0
6.018893333E0,-7.809260559E-1,9.116641846E0,-1.489552460E0,9.270478444E0
6.028894333E0,-8.982820129E-1,9.240584106E0,-1.536105652E0,9.410362680E0
6.038895333E0,-8.964857483E-1,9.164093170E0,-1.500030670E0,9.329221958E0
6.048896333E0,-7.599696350E-1,8.944948883E0,-1.525777130E0,9.105913475E0
6.058897333E0,-6.035449219E-1,8.692873077E0,-1.609453125E0,8.861187741E0
6.068898333E0,-4.559518433E-1,8.447383575E0,-1.681603088E0,8.625193928E0
6.078900333E0,-3.366499329E-1,8.223748627E0,-1.785487061E0,8.422074489E0
6.088901333E0,-2.980302429E-1,8.095166016E0,-1.893712006E0,8.319055235E0
6.098902333E0,-3.182382202E-1,8.044870605E0,-1.964514771E0,8.287372135E0
6.108903333E0,-3.480262756E-1,7.995922394E0,-2.100881195E0,8.274635884E0
6.118904333E0,-4.086502075E-1,7.899971924E0,-2.243384857E0,8.222489100E0
6.128905333E0,-5.312452698E-1,7.805069275E0,-2.321821747E0,8.160403430E0
6.138906333E0,-7.385641479E-1,7.758067017E0,-2.358345795E0,8.142166525E0
6.148907333E0,-9.481283569E-1,7.714357910E0,-2.335593109E0,8.115741526E0
6.158908333E0,-1.105900269E0,7.627089386E0,-2.253114624E0,8.029447890E0
6.168909333E0,-1.195414124E0,7.447612610E0,-2.093097382E0,7.827963028E0
6.178910333E0,-1.214424591E0,7.162006531E0,-1.906734924E0,7.510313090E0
6.188911333E0,-1.263073425E0,6.775510254E0,-1.896256714E0,7.148334296E0
6.198912333E0,-1.345252533E0,6.330335999E0,-1.944157104E0,6.757411123E0
6.208913333E0,-1.522783356E0,5.969436493E0,-2.135758667E0,6.520314891E0
6.218914333E0,-1.787582703E0,5.672903137E0,-2.459086304E0,6.436178010E0
6.228916333E0,-2.139201508E0,5.411546631E0,-2.690654755E0,6.410978321E0
6.238917333E0,-2.532433777E0,5.204377441E0,-2.811603241E0,6.434584538E0
6.248918333E0,-2.859803009E0,4.983137512E0,-2.807411957E0,6.394661415E0
6.258919333E0,-3.135529633E0,4.681215363E0,-2.727029114E0,6.259553589E0
6.268920333E0,-3.358715515E0,4.288282471E0,-2.523452454E0,6.003178220E0
6.278921333E0,-3.561843109E0,3.769012299E0,-2.208806763E0,5.636577628E0
6.288922333E0,-3.748355255E0,3.199746094E0,-1.921254730E0,5.289589958E0
6.298923333E0,-3.918850708E0,2.598147125E0,-1.742825775E0,5.014499082E0
6.308924333E0,-4.010460205E0,1.998943176E0,-1.714085541E0,4.797671739E0
6.318925333E0,-4.004472656E0,1.399439850E0,-1.871707764E0,4.636542149E0
6.328926333E0,-3.929029541E0,8.327183533E-1,-2.186203766E0,4.572765016E0
6.338927333E0,-3.908372498E0,2.939886475E-1,-2.561922455E0,4.682440770E0
6.348928333E0,-4.006119232E0,-2.100132751E-1,-2.943479004E0,4.975657296E0
6.358929333E0,-4.306843872E0,-6.017486572E-1,-3.553011475E0,5.615594013E0
6.368930333E0,-4.907993774E0,-8.165519714E-1,-4.120631104E0,6.460244632E0
6.378932333E0,-5.776188354E0,-9.210346985E-1,-4.188739471E0,7.194316867E0
6.388933333E0,-6.579268341E0,-1.100361786E0,-4.063150635E0,7.810682495E0
6.398934333E0,-7.196884003E0,-1.272952881E0,-4.049229584E0,8.355346109E0
6.408935333E0,-7.432643738E0,-1.502276001E0,-4.316573639E0,8.725470423E0
6.418936333E0,-7.306156769E0,-1.837578735E0,-4.977599030E0,9.029568895E0
6.428937333E0,-6.972949677E0,-2.230511627E0,-5.763614502E0,9.317535159E0
6.438938333E0,-6.483916626E0,-2.749033356E0,-6.397546234E0,9.514565519E0
6.448939333E0,-6.203250275E0,-3.275338898E0,-6.937772827E0,9.866146698E0
6.458940333E0,-6.670428772E0,-3.541335754E0,-7.566016388E0,1.069019564E1
6.468941333E0,-7.673193512E0,-3.438649292E0,-7.848329315E0,1.150210766E1
6.478942917E0,-8.602311401E0,-3.349285126E0,-7.766000519E0,1.206350846E1
6.488943917E0,-9.412277069E0,-3.462599487E0,-7.539072418E0,1.254663970E1
6.498944917E0,-1.012569351E1,-3.920946350E0,-7.025490417E0,1.293294263E1
6.508945917E0,-1.082189575E1,-4.672982483E0,-6.692732391E0,1.355517834E1
6.518946917E0,-1.160192368E1,-5.236560516E0,-6.596632233E0,1.433672751E1
6.528948917E0,-1.223480759E1,-5.393134918E0,-7.068151703E0,1.512399383E1
6.538949917E0,-1.250514542E1,-5.532195740E0,-7.294930115E0,1.549838240E1
6.548950917E0,-1.240874588E1,-6.242618408E0,-6.962621155E0,1.553786833E1
6.558951917E0,-1.239662109E1,-7.861651611E0,-6.700965271E0,1.613644063E1
6.568952917E0,-1.324580521E1,-9.940378876E0,-6.487808533E0,1.778634722E1
6.578953917E0,-1.428075302E1,-1.116528168E1,-6.757098541E0,1.934584716E1
6.588954917E0,-1.361179413E1,-1.121976837E1,-6.330036621E0,1.874122476E1
6.598955917E0,-1.192644882E1,-1.028840515E1,-5.426665192E0,1.665953652E1
6.608956917E0,-1.099733093E1,-9.514065399E0,-4.596491547E0,1.525078564E1
6.618957917E0,-1.110839996E1,-9.526788940E0,-4.296964417E0,1.525189039E1
6.628958917E0,-1.160371994E1,-1.011940659E1,-4.519551544E0,1.604602917E1
6.638959917E0,-1.173469757E1,-1.109313171E1,-5.105283508E0,1.693589732E1
6.648960917E0,-1.108923981E1,-1.204904388E1,-6.101761322E0,1.747518782E1
6.658961917E0,-1.012419662E1,-1.265528320E1,-6.586004333E0,1.749374183E1
6.668962917E0,-9.315578156E0,-1.319042038E1,-6.351442108E0,1.735246389E1
6.678964917E0,-8.736582184E0,-1.309387115E1,-6.435118103E0,1.700553072E1
6.688965917E0,-8.361462250E0,-1.223944794E1,-6.116879883E0,1.603540945E1
6.698966917E0,-8.137677612E0,-1.097113541E1,-5.499413910E0,1.472518803E1
6.708967917E0,-7.747289429E0,-1.008183472E1,-4.940326538E0,1.364077384E1
6.718968917E0,-7.290888519E0,-9.380543060E0,-4.356390839E0,1.265423979E1
6.728969917E0,-6.733148346E0,-8.754993896E0,-3.734284515E0,1.165890585E1
6.738970917E0,-6.041736145E0,-8.344996490E0,-3.287613373E0,1.081433973E1
6.748971917E0,-5.520520020E0,-8.281378784E0,-2.858904877E0,1.035522636E1
6.758972917E0,-5.285209351E0,-8.558452606E0,-2.803669739E0,1.044227527E1
6.768973917E0,-5.111121368E0,-8.831784210E0,-3.159180450E0,1.068196588E1
6.778974917E0,-4.691394196E0,-9.180109863E0,-3.351530457E0,1.084049598E1
6.788975917E0,-4.271517334E0,-9.442214813E0,-3.393742676E0,1.090498832E1
6.798976917E0,-3.966302032E0,-9.523795166E0,-3.555855560E0,1.091230200E1
6.808977917E0,-3.747008057E0,-9.515562286E0,-3.590283966E0,1.083864078E1
6.818978917E0,-3.572471008E0,-9.388177185E0,-3.649710388E0,1.068741343E1
6.828980917E0,-3.381767578E0,-9.318122864E0,-3.714824982E0,1.058601390E1
6.838981917E0,-3.260819092E0,-9.199868774E0,-3.581003265E0,1.039683178E1
6.848982917E0,-3.288361816E0,-8.991651764E0,-3.260669403E0,1.011410351E1
6.858983917E0,-3.416345673E0,-8.654253387E0,-3.081641693E0,9.801226197E0
6.868984917E0,-3.525468750E0,-8.344996490E0,-2.954855347E0,9.528854415E0
6.878985917E0,-3.753744049E0,-8.325986023E0,-2.464325409E0,9.459679559E0
6.888986917E0,-3.977977753E0,-8.087831268E0,-2.516566772E0,9.357907349E0
6.898987917E0,-3.911066895E0,-7.716453552E0,-2.362387390E0,8.967774186E0
6.908988917E0,-3.727099457E0,-7.817044373E0,-2.482587433E0,9.008922990E0
6.918989917E0,-3.550317078E0,-8.067024536E0,-2.428849182E0,9.142261458E0
6.928990917E0,-3.605402527E0,-8.295449524E0,-2.120939484E0,9.290414118E0
6.938991917E0,-3.769760742E0,-8.349487152E0,-1.729653168E0,9.322914342E0
6.948992917E0,-3.930676117E0,-8.363707581E0,-1.445993042E0,9.353754065E0
6.958993917E0,-3.967349854E0,-8.085286560E0,-1.260079651E0,9.093927883E0
6.968995917E0,-3.948938141E0,-8.083490295E0,-1.166673889E0,9.071827587E0
6.978996917E0,-4.076472931E0,-8.308023376E0,-8.857081604E-1,9.296524239E0
6.988997917E0,-4.318968658E0,-8.677305450E0,-4.673281860E-1,9.703994836E0
6.998998917E0,-4.586163025E0,-9.079519043E0,-9.684860229E-2,1.017250888E1
7.008999917E0,-4.832400970E0,-9.344767456E0,2.847079468E-1,1.052415491E1
7.019000917E0,-5.129084015E0,-9.663454742E0,6.620732117E-1,1.096030115E1
7.029001917E0,-5.247487793E0,-9.969119110E0,8.366102600E-1,1.129687482E1
7.039002917E0,-5.044060822E0,-1.024903702E1,1.010398865E0,1.146761593E1
7.049003917E0,-4.653522949E0,-9.880054321E0,8.840615845E-1,1.095683869E1
7.059004917E0,-4.089645538E0,-9.914033661E0,1.081950073E0,1.077886265E1
7.069005917E0,-3.957620087E0,-1.008033783E1,1.266516266E0,1.090321196E1
7.079006917E0,-4.359534302E0,-9.969268799E0,2.064207458E-1,1.088276018E1
7.089007917E0,-4.309987335E0,-9.375902710E0,1.296304321E-1,1.031990051E1
7.099008917E0,-3.641178131E0,-8.696615295E0,-1.296304321E-1,9.429003120E0
7.109010917E0,-3.046015778E0,-8.629704437E0,-3.180885315E-1,9.157029601E0
7.119011917E0,-3.202290802E0,-8.730744324E0,-5.370831299E-1,9.314989056E0
7.129012917E0,-3.654350739E0,-8.915160828E0,-5.438191223E-1,9.650394352E0
7.139013917E0,-3.582949219E0,-8.962462463E0,-6.026467896E-1,9.670906972E0
7.149014917E0,-2.987038422E0,-8.754095764E0,-5.581892395E-1,9.266507778E0
7.159015917E0,-2.400108948E0,-8.537196808E0,-4.652325439E-1,8.880354363E0
7.169016917E0,-2.135908356E0,-8.393645325E0,-2.902464294E-1,8.666004231E0
7.179017917E0,-2.300715637E0,-8.349786530E0,-6.406677246E-2,8.661196920E0
7.189018917E0,-3.320245514E0,-8.258177032E0,-1.769320679E-1,8.902405469E0
7.199019917E0,-4.603526917E0,-8.233328705E0,6.735992432E-2,9.433170145E0
7.209020917E0,-5.218448181E0,-8.258775787E0,3.056643677E-1,9.774098917E0
7.219021917E0,-5.176685028E0,-8.238867188E0,1.348695374E-1,9.731145370E0
7.229022917E0,-4.908143463E0,-8.223748627E0,-3.519181824E-1,9.583515020E0
7.239023917E0,-4.948260040E0,-8.281079407E0,-7.942483521E-1,9.679482631E0
7.249025917E0,-5.317542114E0,-8.298143921E0,-1.096170502E0,9.916503236E0
7.259026917E0,-6.000272369E0,-7.917485504E0,-1.929038544E0,1.011983374E1
7.269027917E0,-6.893764343E0,-7.160659332E0,-2.794089661E0,1.032501651E1
7.279028917E0,-7.715854797E0,-6.310577087E0,-3.131637726E0,1.044820335E1
7.289029917E0,-8.059989166E0,-5.904621277E0,-3.050356750E0,1.044665756E1
7.299030917E0,-8.069269867E0,-6.092181244E0,-2.953059082E0,1.053320210E1
7.309031917E0,-7.898475037E0,-6.864425354E0,-2.923271027E0,1.086516253E1
7.319032917E0,-7.695796509E0,-7.812553711E0,-2.976859589E0,1.136322896E1
7.329033917E0,-7.556885376E0,-8.510701904E0,-2.962788849E0,1.176081125E1
7.339034917E0,-7.582631836E0,-8.892857208E0,-3.048560486E0,1.207778688E1
7.349035917E0,-8.048912201E0,-8.979077911E0,-3.210523682E0,1.247863334E1
7.359036917E0,-8.660240936E0,-8.984167328E0,-3.388353882E0,1.293042836E1
7.369037917E0,-9.081764374E0,-8.834777985E0,-3.249891815E0,1.308027305E1
7.379039917E0,-9.146130524E0,-8.559350739E0,-3.115171967E0,1.290807828E1
7.389040917E0,-8.956474915E0,-8.258177032E0,-2.906954956E0,1.252462845E1
7.399041917E0,-8.799900513E0,-7.946674805E0,-2.816093903E0,1.218680739E1
7.409042917E0,-8.880732422E0,-7.573800201E0,-3.332669678E0,1.213822660E1
7.419043917E0,-9.071585541E0,-7.158563690E0,-3.488345947E0,1.207092605E1
7.429044917E0,-9.109606476E0,-6.773115234E0,-3.432212677E0,1.185917805E1
7.439045917E0,-9.055868225E0,-6.459816742E0,-3.487148438E0,1.165753773E1
7.449046917E0,-9.068292389E0,-6.373596039E0,-3.502117310E0,1.162417649E1
7.459047917E0,-9.057215424E0,-6.352938995E0,-3.802093506E0,1.169824346E1
7.469048917E0,-8.630303192E0,-6.313720551E0,-4.349056091E0,1.154380740E1
7.479050417E0,-7.546706543E0,-6.212830353E0,-4.679568787E0,1.083745379E1
7.489051417E0,-6.372099152E0,-6.038442993E0,-5.132975922E0,1.016926168E1
7.499052417E0,-5.586981812E0,-5.935307465E0,-5.596861267E0,9.887724536E0
7.509054417E0,-5.338797913E0,-6.074967041E0,-5.899232483E0,1.001044113E1
7.519055417E0,-5.775739288E0,-6.111790466E0,-6.207291870E0,1.045196725E1
7.529056417E0,-6.521488495E0,-5.877677307E0,-6.581513672E0,1.097238465E1
7.539057417E0,-7.011868744E0,-5.497168579E0,-6.819518738E0,1.122011593E1
7.549058417E0,-7.172035675E0,-5.028343506E0,-7.070696411E0,1.125686821E1
7.559059417E0,-7.072492676E0,-4.561763763E0,-7.467970276E0,1.125168527E1
7.569060417E0,-6.865772552E0,-4.150718536E0,-7.492968292E0,1.097778989E1
7.579061417E0,-6.928791504E0,-3.859424286E0,-7.124734039E0,1.066138559E1
7.589062417E0,-7.499105530E0,-3.498225403E0,-6.944059753E0,1.080250575E1
7.599063417E0,-8.268954620E0,-3.309617615E0,-6.739435272E0,1.116911666E1
7.609064417E0,-9.008716278E0,-3.088976440E0,-6.568640442E0,1.156917377E1
7.619065417E0,-9.657167816E0,-2.906206512E0,-6.441405029E0,1.196656280E1
7.629066417E0,-1.012359787E1,-2.850821686E0,-6.399941254E0,1.231152574E1
7.639067417E0,-1.041638901E1,-2.788850555E0,-6.376889191E0,1.252771181E1
7.649069417E0,-1.025412643E1,-2.797233124E0,-6.073320465E0,1.224160298E1
7.659070417E0,-1.014275803E1,-2.421664124E0,-5.818550262E0,1.194133680E1
7.669071417E0,-1.015548157E1,-2.099833374E0,-5.770200806E0,1.186753232E1
7.679072417E0,-1.016536102E1,-1.931283875E0,-6.212381287E0,1.206888990E1
7.689073417E0,-9.738897858E0,-1.931283875E0,-5.852978668E0,1.152533506E1
7.699074417E0,-7.981701965E0,-3.170706482E0,-5.848188629E0,1.039048873E1
7.709075417E0,-5.823190613E0,-4.693190460E0,-5.524411926E0,9.298102642E0
7.719076417E0,-4.595593414E0,-5.098846893E0,-4.146227875E0,8.019284511E0
7.729077417E0,-4.240531769E0,-4.545747070E0,-4.527335358E0,7.690428567E0
7.739078417E0,-4.143832855E0,-3.499722290E0,-5.813311157E0,7.950722826E0
7.749079417E0,-3.853287048E0,-1.994751892E0,-6.564149780E0,7.868603340E0
7.759080417E0,-3.363804932E0,-4.408332825E-1,-6.885980530E0,7.676343235E0
7.769082417E0,-3.160078583E0,6.959028625E-1,-7.030579834E0,7.739472220E0
7.779083417E0,-3.574267273E0,1.531165924E0,-7.387288055E0,8.348166292E0
7.789084417E0,-4.443809052E0,1.993704071E0,-7.509284363E0,8.950510960E0
7.799085417E0,-5.272485809E0,1.983225861E0,-6.800957336E0,8.830929289E0
7.809086417E0,-5.916147308E0,1.402134247E0,-6.283483429E0,8.743508645E0
7.819087417E0,-6.198160858E0,4.080514526E-1,-6.222560120E0,8.792266969E0
7.829088417E0,-6.001918945E0,-4.968168640E-1,-6.143524475E0,8.603066372E0
7.839089417E0,-5.577551422E0,-9.431886292E-1,-6.241420898E0,8.423420890E0
7.849090417E0,-5.215903473E0,-7.758366394E-1,-6.637946320E0,8.477611861E0
7.859091417E0,-5.013674011E0,-8.562194824E-2,-7.018604736E0,8.625837389E0
7.869092417E0,-4.978197784E0,7.987390137E-1,-7.418123932E0,8.969336646E0
7.879093417E0,-4.816384277E0,1.587149506E0,-7.454647980E0,9.016006741E0
7.889095417E0,-4.474495239E0,2.111359406E0,-7.207811279E0,8.742510487E0
7.899096417E0,-4.135300598E0,2.183659058E0,-6.878945160E0,8.317990408E0
7.909097417E0,-3.925736389E0,1.922751617E0,-6.597979431E0,7.914651765E0
7.919098417E0,-3.960164795E0,1.658850403E0,-6.440357208E0,7.740341777E0
7.929099417E0,-4.261338501E0,1.530417480E0,-6.611002350E0,8.012898075E0
7.939100417E0,-4.608766022E0,1.587149506E0,-7.143295441E0,8.647915214E0
7.949101417E0,-4.795577545E0,1.833686829E0,-7.506739655E0,9.094564949E0
7.959102417E0,-4.904401245E0,2.192790070E0,-7.643555145E0,9.342666382E0
7.969103417E0,-4.884492645E0,2.517165527E0,-7.567064209E0,9.351729863E0
7.979104417E0,-4.650678864E0,2.785707092E0,-7.078929291E0,8.916289464E0
7.989105417E0,-4.379442902E0,2.960393829E0,-6.387816467E0,8.291420323E0
7.999106417E0,-4.219425659E0,2.990930328E0,-5.859415283E0,7.815495159E0
8.009107417E0,-4.283342743E0,2.886896667E0,-5.824687500E0,7.785125683E0
8.019109417E0,-4.513863373E0,2.812052307E0,-6.154451752E0,8.133872208E0
8.029110417E0,-4.781057739E0,2.766846313E0,-6.700366516E0,8.683827674E0
8.039111417E0,-5.091212769E0,2.785258026E0,-7.293283539E0,9.320412786E0
8.049112417E0,-5.330864410E0,2.814896393E0,-7.711214447E0,9.787981677E0
8.059113417E0,-5.400918732E0,2.833008728E0,-7.824678497E0,9.920758801E0
8.069114417E0,-5.298082581E0,2.783611450E0,-7.694299622E0,9.747841730E0
8.079115417E0,-5.248535614E0,2.729274445E0,-7.649542694E0,9.670137978E0
8.089116417E0,-5.406008148E0,2.831661530E0,-7.622299347E0,9.764357554E0
8.099117417E0,-5.680537262E0,3.069965973E0,-7.593559113E0,9.967714615E0
8.109118417E0,-5.842949524E0,3.358416138E0,-7.653284912E0,1.019763639E1
8.119119417E0,-5.906567230E0,3.648961945E0,-7.685318298E0,1.035695791E1
8.129121417E0,-5.871091003E0,3.774850159E0,-7.638166351E0,1.034701834E1
8.139122417E0,-5.599256287E0,3.653003540E0,-7.315886536E0,9.910514701E0
8.149123417E0,-5.316344604E0,3.426075439E0,-6.987768860E0,9.424989470E0
8.159124417E0,-5.219645691E0,3.155887299E0,-6.893914032E0,9.204910454E0
8.169125417E0,-5.432802429E0,3.042872314E0,-7.063062286E0,9.416010993E0
8.179126417E0,-5.741909637E0,2.971321106E0,-7.196285248E0,9.673923546E0
8.189127417E0,-5.817652130E0,2.945275269E0,-7.127428436E0,9.660225610E0
8.199128417E0,-5.730832672E0,3.193159790E0,-7.085964661E0,9.656583647E0
8.209129417E0,-5.683680725E0,3.521726532E0,-7.199578400E0,9.825513395E0
8.219130417E0,-5.679639130E0,3.781436462E0,-7.090605011E0,9.840439105E0
8.229131417E0,-5.701942749E0,3.879332886E0,-7.054679718E0,9.865590741E0
8.239132417E0,-5.977220306E0,3.834725647E0,-7.421417084E0,1.027179220E1
8.249134417E0,-6.175258484E0,3.681294708E0,-7.839497681E0,1.063689203E1
8.259135417E0,-6.166426849E0,3.652704163E0,-8.098459167E0,1.081443982E1
8.269136417E0,-6.199508057E0,3.793411560E0,-8.275391235E0,1.101389901E1
8.279137417E0,-6.347250824E0,3.957320709E0,-8.252488861E0,1.113784327E1
8.289138417E0,-6.371500397E0,4.120930481E0,-7.939789124E0,1.098263796E1
8.299139417E0,-6.295009460E0,4.301754456E0,-7.712112579E0,1.084476445E1
8.309140417E0,-6.226452026E0,4.502936096E0,-7.763605499E0,1.092331033E1
8.319141417E0,-6.084397430E0,4.677024078E0,-8.064928894E0,1.113272313E1
8.329142417E0,-5.931265869E0,4.797373810E0,-8.367749176E0,1.132315930E1
8.339143417E0,-5.758375397E0,4.812492371E0,-8.588540039E0,1.140534918E1
8.349144417E0,-5.591472473E0,4.738097076E0,-8.833131409E0,1.147773230E1
8.359145417E0,-5.483097839E0,4.640050964E0,-9.045090637E0,1.155024240E1
8.369147417E0,-5.353467407E0,4.476441193E0,-9.030870209E0,1.141292056E1
8.379148417E0,-5.053491211E0,4.205055542E0,-8.780890045E0,1.096924316E1
8.389149417E0,-4.716541901E0,3.964206390E0,-8.431815948E0,1.044299861E1
8.399150417E0,-4.393962708E0,3.757785645E0,-8.026159515E0,9.891769194E0
8.409151417E0,-4.050277405E0,3.675756226E0,-7.816894684E0,9.540428365E0
8.419152417E0,-3.885021057E0,3.774700470E0,-7.752229156E0,9.457209374E0
8.429153417E0,-3.980073395E0,3.980372772E0,-7.858957214E0,9.666827822E0
8.439154417E0,-4.326902161E0,4.354744263E0,-7.961194611E0,1.005318355E1
8.449155417E0,-4.934937744E0,4.831502838E0,-8.199199677E0,1.072025679E1
8.459156417E0,-5.426665192E0,5.126389618E0,-8.353379059E0,1.120301331E1
8.469157417E0,-5.574108582E0,5.203628998E0,-8.135881348E0,1.115082986E1
8.479157958E0,-5.528303833E0,5.040318604E0,-7.767048340E0,1.078396934E1
8.489159958E0,-5.414390717E0,4.812342682E0,-7.408394165E0,1.036139822E1
8.499160958E0,-5.386698303E0,4.675676880E0,-7.068900146E0,1.004230164E1
8.509161958E0,-5.388344879E0,4.590953064E0,-6.749913483E0,9.781229094E0
8.519162958E0,-5.363197174E0,4.607867889E0,-6.453080750E0,9.572804269E0
8.529163958E0,-5.201982422E0,4.672683105E0,-6.244863739E0,9.375121953E0
8.539164958E0,-4.867128754E0,4.812342682E0,-6.176605682E0,9.219438277E0
8.549165958E0,-4.359683990E0,4.962181091E0,-6.083349609E0,8.979823392E0
8.559166958E0,-3.744762726E0,5.065166931E0,-6.006708984E0,8.704005787E0
8.569167958E0,-3.065924377E0,4.997058563E0,-5.903423767E0,8.319909780E0
8.579168958E0,-2.482587433E0,4.850064240E0,-5.974525909E0,8.085871835E0
8.589169958E0,-2.136058044E0,4.814438324E0,-6.164331207E0,8.108053994E0
8.599171958E0,-1.964963837E0,4.998555450E0,-6.465654602E0,8.405434486E0
8.609172958E0,-2.008074188E0,5.454357605E0,-6.884184265E0,9.009682116E0
8.619173958E0,-2.161804504E0,6.157146149E0,-7.338339844E0,9.820136408E0
8.629174958E0,-2.284848633E0,6.805897064E0,-7.546107788E0,1.041558980E1
8.639175958E0,-2.451601868E0,7.306905212E0,-7.491770782E0,1.074838802E1
8.649176958E0,-2.715952148E0,7.591613159E0,-7.394622803E0,1.094026658E1
8.659177958E0,-3.097508698E0,7.649842072E0,-7.475155334E0,1.113519605E1
8.669178958E0,-3.627406769E0,7.670199738E0,-7.746091919E0,1.148877643E1
8.679179958E0,-4.220323792E0,7.702682190E0,-8.256530457E0,1.205457345E1
8.689180958E0,-4.843178558E0,7.910749512E0,-9.068142700E0,1.297179820E1
8.699181958E0,-5.295837250E0,8.336164856E0,-9.949958954E0,1.401924463E1
8.709183958E0,-5.389692078E0,8.873397675E0,-1.061577438E1,1.484859026E1
8.719184958E0,-5.178481293E0,9.254056091E0,-1.075648178E1,1.510483773E1
8.729185958E0,-4.811594238E0,9.372459869E0,-1.006686584E1,1.457176143E1
8.739186958E0,-4.411775665E0,8.935518494E0,-8.965905304E0,1.340502567E1
8.749187958E0,-3.556005249E0,7.904462585E0,-6.882687378E0,1.106784024E1
8.759188958E0,-2.509082336E0,6.725963287E0,-6.088738403E0,9.413119125E0
8.769189958E0,-2.089205475E0,6.306685181E0,-5.435646515E0,8.584014825E0
8.779190958E0,-2.415077820E0,6.232140198E0,-4.597539368E0,8.112307967E0
8.789191958E0,-2.784808960E0,5.944588165E0,-4.067641296E0,7.722628770E0
8.799192958E0,-2.785108337E0,5.623356171E0,-3.807931366E0,7.340252336E0
8.809193958E0,-2.468217316E0,5.312303009E0,-3.588188324E0,6.869334424E0
8.819195958E0,-2.220033417E0,5.138664093E0,-3.542982330E0,6.624737038E0
8.829196958E0,-2.181713104E0,5.459297333E0,-3.435805206E0,6.809446149E0
8.839197958E0,-2.276615753E0,6.150859222E0,-3.071762238E0,7.242359540E0
8.849198958E0,-2.430196381E0,6.878346405E0,-2.748883667E0,7.795759433E0
8.859199958E0,-2.603086853E0,7.485184479E0,-2.963836670E0,8.460991411E0
8.869200958E0,-2.426454163E0,7.978857880E0,-3.240611115E0,8.947145537E0
8.879201958E0,-1.885628815E0,8.236472168E0,-3.280877380E0,9.064172670E0
8.889202958E0,-1.151555328E0,8.225844269E0,-3.197201385E0,8.900151140E0
8.899203958E0,-4.935237122E-1,8.012388153E0,-3.427123260E0,8.728522407E0
8.909204958E0,-2.170486450E-2,7.751031647E0,-3.990102539E0,8.717791060E0
8.919205958E0,3.968247986E-1,7.656278687E0,-4.655618591E0,8.969440212E0
8.929207958E0,7.554789734E-1,7.675738220E0,-4.983736267E0,9.182882602E0
8.939208958E0,9.728269958E-1,7.744894409E0,-4.615801392E0,9.068373849E0
8.949209958E0,9.154962158E-1,7.679630127E0,-4.319717102E0,8.858600795E0
8.959210958E0,5.406756592E-1,7.602989502E0,-3.903732147E0,8.563696878E0
8.969211958E0,-8.232879639E-2,7.694299622E0,-3.523822174E0,8.463235044E0
8.979212958E0,-5.800437927E-1,8.005502472E0,-3.257825317E0,8.662444599E0
8.989213958E0,-8.671467590E-1,8.490643616E0,-3.060385895E0,9.066914268E0
8.999214958E0,-8.021818542E-1,8.996142426E0,-2.725083160E0,9.433989214E0
9.009215958E0,-5.282514954E-1,9.345515900E0,-2.426154785E0,9.669743746E0
9.019216958E0,-3.233276367E-1,9.523645477E0,-2.405946808E0,9.828170938E0
9.029217958E0,-2.891986084E-1,9.436077576E0,-2.207609253E0,9.695191306E0
9.039219958E0,-3.480262756E-1,9.078920288E0,-1.987117767E0,9.300352300E0
9.049220958E0,-4.939727783E-1,8.791517944E0,-1.985471191E0,9.026455158E0
9.059221958E0,-5.207670593E-1,8.678802338E0,-1.871857452E0,8.893630230E0
9.069222958E0,-4.496649170E-1,8.704997864E0,-1.709744568E0,8.882703014E0
9.079223958E0,-4.872367859E-1,8.884774017E0,-1.832938385E0,9.084947559E0
9.089224958E0,-5.920188904E-1,9.117090912E0,-1.793270874E0,9.310620467E0
9.099225958E0,-6.936575317E-1,9.303603058E0,-1.701960754E0,9.483399234E0
9.109226958E0,-9.505233765E-1,9.420959015E0,-1.781445465E0,9.634911074E0
9.119227958E0,-1.287921753E0,9.475595398E0,-1.736688538E0,9.719142846E0
9.129228958E0,-1.463955688E0,9.412277069E0,-1.565893707E0,9.653297312E0
9.139230958E0,-1.353485413E0,9.303902435E0,-1.383572845E0,9.503094081E0
9.149231958E0,-1.120120697E0,9.327702942E0,-1.200802917E0,9.471147776E0
9.159232958E0,-9.321116638E-1,9.319020996E0,-9.749226379E-1,9.416127581E0
9.169233958E0,-8.924441528E-1,9.184899902E0,-9.403445435E-1,9.275941496E0
9.179234958E0,-8.755293274E-1,9.048832855E0,-7.909552002E-1,9.125433566E0
9.189235958E0,-6.997947693E-1,8.957672424E0,-5.113366699E-1,8.999504051E0
9.199236958E0,-4.463717651E-1,8.894354095E0,-1.709445190E-1,8.907188364E0
9.209237958E0,-1.622625732E-1,8.877738647E0,4.790039062E-3,8.879222690E0
9.219238958E0,4.580474854E-2,8.954978027E0,9.595046997E-2,8.955609194E0
9.229239958E0,2.236349487E-1,8.973090363E0,2.520758057E-1,8.979415652E0
9.239240958E0,2.395019531E-1,8.981173553E0,2.998265076E-1,8.989367915E0
9.249242958E0,2.944377136E-1,9.048383789E0,2.267784119E-1,9.056012986E0
9.259243958E0,3.263214111E-1,9.140891418E0,1.432521057E-1,9.147835960E0
9.269244958E0,3.219804382E-1,9.163195038E0,-8.726852417E-2,9.169265538E0
9.279245958E0,2.418969727E-1,8.968749390E0,-2.742297363E-1,8.976200850E0
9.289246958E0,-2.544708252E-3,8.314010925E0,-2.016307068E-1,8.316455921E0
9.299247958E0,-1.022373962E-1,7.502847748E0,-3.442840576E-3,7.503545073E0
9.309248958E0,-1.613644409E-1,6.853348389E0,1.942959595E-1,6.858000695E0
9.319249958E0,-2.670446777E-1,6.626869354E0,2.730322266E-1,6.637865387E0
9.329250958E0,-3.999682617E-1,6.923552399E0,-6.152206421E-2,6.935368584E0
9.339251958E0,-6.664141846E-1,7.555987244E0,-7.369175720E-1,7.621030022E0
9.349253958E0,-1.026565247E0,8.266409912E0,-1.154249725E0,8.409498289E0
9.359254958E0,-1.287921753E0,8.675359497E0,-1.106648712E0,8.839981686E0
9.369255958E0,-1.183139648E0,8.910819855E0,-6.394702148E-1,9.011739680E0
9.379256958E0,-9.997709656E-1,8.675060120E0,-1.027463379E0,8.792718070E0
9.389257958E0,-9.321116638E-1,8.214168549E0,-1.534309387E0,8.408061750E0
9.399258958E0,-7.707472229E-1,7.627837830E0,-1.737137604E0,7.861018273E0
9.409259958E0,-5.300477600E-1,6.993606720E0,-1.817819824E0,7.245409201E0
9.419260958E0,-4.043092346E-1,6.365662537E0,-2.103575592E0,6.716409439E0
9.429261958E0,-4.611909485E-1,5.826334076E0,-2.510878601E0,6.361083021E0
9.439262958E0,-5.498066711E-1,5.344935150E0,-2.926863556E0,6.118590476E0
9.449263958E0,-6.472540283E-1,4.756508789E0,-3.115471344E0,5.722715731E0
9.459265958E0,-8.349636841E-1,4.107159119E0,-3.028502197E0,5.170855436E0
9.469266958E0,-1.266665955E0,3.486250305E0,-2.738854523E0,4.610825081E0
9.479267667E0,-2.125430145E0,2.963387604E0,-2.549198914E0,4.449442043E0
9.489268667E0,-3.190615082E0,2.706521759E0,-2.596201172E0,4.923976559E0
9.499269667E0,-4.205803986E0,2.448458405E0,-2.751278687E0,5.590462426E0
9.509270667E0,-5.039270782E0,2.344724121E0,-2.942431183E0,6.288869731E0
9.519271667E0,-5.556744690E0,2.095642090E0,-3.125949554E0,6.711235947E0
9.529272667E0,-5.672154694E0,1.806892548E0,-3.210224304E0,6.763411834E0
9.539273667E0,-5.603297882E0,1.383722534E0,-3.344794464E0,6.670778456E0
9.549274667E0,-5.515430603E0,8.875044250E-1,-3.213966522E0,6.444937521E0
9.559276667E0,-5.885161743E0,3.806584167E-1,-2.698737946E0,6.485616090E0
9.569277667E0,-6.911726990E0,5.852828979E-2,-2.167342987E0,7.243809161E0
9.579278667E0,-8.421786804E0,1.736389160E-2,-1.700763245E0,8.591821116E0
9.589279667E0,-1.017284546E1,2.692900085E-1,-1.551822968E0,1.029404956E1
9.599280667E0,-1.194111832E1,7.264393616E-1,-1.934277649E0,1.211855812E1
9.609281667E0,-1.320868240E1,8.437953186E-1,-1.941163330E0,1.337719688E1
9.619282667E0,-1.315883606E1,7.509883118E-1,-1.708097992E0,1.329046834E1
9.629283667E0,-1.211101501E1,2.914439392E-1,-1.684447174E0,1.223106645E1
9.639284667E0,-1.109417953E1,-2.642005920E-1,-1.892664185E0,1.125756631E1
9.649285667E0,-1.078342575E1,-3.945794678E-1,-2.565964050E0,1.109153440E1
9.659287667E0,-1.159683426E1,-5.718109131E-2,-3.291954346E0,1.205515649E1
9.669288667E0,-1.262280075E1,5.436694336E-1,-3.957470398E0,1.323979785E1
9.679289667E0,-1.304597076E1,6.650669861E-1,-4.709057465E0,1.388578012E1
9.689290667E0,-1.286514679E1,-9.535171509E-2,-5.459746399E0,1.397604825E1
9.699291667E0,-1.224124420E1,-1.137334900E0,-6.596033478E0,1.395167545E1
9.709292667E0,-1.156824371E1,-2.089055786E0,-7.222929840E0,1.379706969E1
9.719293667E0,-1.098894836E1,-2.778072968E0,-7.242688751E0,1.345106746E1
9.729294667E0,-1.071082672E1,-3.056493988E0,-7.399113464E0,1.337201722E1
9.739295667E0,-1.098685272E1,-2.869981842E0,-7.566016388E0,1.364523113E1
9.749296667E0,-1.190070236E1,-2.518063660E0,-7.595804443E0,1.434097648E1
9.759297667E0,-1.259870087E1,-2.225422211E0,-7.497309265E0,1.482866864E1
9.769299667E0,-1.263866776E1,-2.295027466E0,-7.255711670E0,1.475291244E1
9.779300667E0,-1.244242584E1,-2.748135223E0,-6.800657959E0,1.444351608E1
9.789301667E0,-1.192091034E1,-3.197351074E0,-6.057303772E0,1.374853033E1
9.799302667E0,-1.126916565E1,-3.692671051E0,-5.515879669E0,1.307879362E1
9.809303667E0,-1.076261902E1,-4.066593475E0,-5.399272156E0,1.270918134E1
9.819304667E0,-1.043360321E1,-4.219725037E0,-5.171894989E0,1.238606689E1
9.829305667E0,-1.034708313E1,-4.289180603E0,-5.908962250E0,1.266392650E1
9.839306667E0,-9.975555725E0,-4.364324341E0,-6.372847595E0,1.261634755E1
9.849307667E0,-9.601633301E0,-4.668491821E0,-6.696773987E0,1.260289490E1
9.859308667E0,-9.115743713E0,-4.833897858E0,-6.919211426E0,1.242331834E1
9.869310667E0,-8.587043152E0,-4.800068207E0,-6.729705505E0,1.191918206E1
9.879311667E0,-8.497978363E0,-4.547693024E0,-6.727160797E0,1.175380111E1
9.889312667E0,-8.804241486E0,-4.267326050E0,-6.167324982E0,1.156549338E1
9.899313667E0,-9.131311340E0,-3.912114716E0,-5.492827606E0,1.135150402E1
9.909314667E0,-9.153614960E0,-3.865262146E0,-4.945565643E0,1.109898814E1
9.919315667E0,-9.052575073E0,-4.137994995E0,-4.492008820E0,1.092017680E1
9.929316667E0,-8.760532379E0,-4.552932129E0,-4.145180054E0,1.070787730E1
9.939317667E0,-8.248896332E0,-5.287754059E0,-3.996988220E0,1.058208621E1
9.949318667E0,-7.712861023E0,-6.135890350E0,-4.079915771E0,1.066691559E1
9.959319667E0,-7.215894470E0,-7.144193573E0,-4.119134216E0,1.095791502E1
9.969321667E0,-6.853947144E0,-7.567812653E0,-4.381388855E0,1.111057821E1
9.979322667E0,-6.541247406E0,-7.680827637E0,-4.283791809E0,1.096056126E1
9.989323667E0,-6.184389496E0,-7.266638947E0,-3.658092957E0,1.021921519E1
9.999324667E0,-6.132746887E0,-6.594686279E0,-3.297492828E0,9.590303982E0
1.000932567E1,-6.234235840E0,-6.021378479E0,-3.120560760E0,9.211981044E0
1.001932667E1,-6.108048248E0,-6.014941864E0,-2.985990601E0,9.077660431E0
1.002932767E1,-5.896687775E0,-6.561006317E0,-2.762056274E0,9.243737635E0
1.003932867E1,-5.708978119E0,-7.477400665E0,-2.718945923E0,9.792681900E0
1.004932967E1,-5.484295349E0,-8.724756775E0,-2.415227509E0,1.058452645E1
1.005933067E1,-5.284909973E0,-9.362430725E0,-2.518961792E0,1.104221676E1
1.006933267E1,-4.992268524E0,-9.873168640E0,-2.706372070E0,1.138976092E1
1.007933367E1,-4.905449066E0,-9.711804199E0,-2.740501099E0,1.122020132E1
1.008933467E1,-5.030289459E0,-9.449100494E0,-2.611319733E0,1.101854359E1
1.009933567E1,-5.102589111E0,-8.892707520E0,-2.485581207E0,1.054963396E1
1.010933667E1,-5.047353973E0,-8.575217743E0,-2.299667816E0,1.021266927E1
1.011933767E1,-4.973707123E0,-8.542435913E0,-1.944306793E0,1.007428919E1
1.012933867E1,-5.083279266E0,-8.673712921E0,-1.629960480E0,1.018478253E1
1.013933967E1,-5.350773010E0,-8.902287598E0,-1.235231323E0,1.045979410E1
1.014934067E1,-5.826034698E0,-9.326355743E0,-9.207353210E-1,1.103500545E1
1.015934167E1,-6.068979492E0,-9.911039886E0,-7.767347717E-1,1.164751221E1
1.016934367E1,-6.552174683E0,-1.065304688E1,-7.527845764E-1,1.252936892E1
1.017934467E1,-6.585106201E0,-1.146600632E1,-4.174818420E-1,1.322902928E1
1.018934567E1,-6.309379578E0,-1.220531891E1,-4.384382629E-1,1.374664717E1
1.019934667E1,-6.157445526E0,-1.268207748E1,4.640350342E-3,1.409784545E1
1.020934767E1,-6.558311920E0,-1.307171722E1,5.568420410E-2,1.462478537E1
1.021934867E1,-6.932982788E0,-1.361568604E1,2.806663513E-1,1.528175154E1
1.022934967E1,-7.035369873E0,-1.380983231E1,2.634521484E-1,1.550088077E1
1.023935067E1,-6.972949677E0,-1.354727829E1,2.460882568E-1,1.523848207E1
1.024935167E1,-6.966513062E0,-1.276799881E1,4.049079895E-1,1.455053430E1
1.025935267E1,-6.932683411E0,-1.160357025E1,3.382965088E-1,1.352107194E1
1.026935367E1,-6.832242279E0,-1.076770844E1,4.191284180E-1,1.275926127E1
1.027935567E1,-6.914421387E0,-1.020248383E1,4.207749939E-1,1.233194838E1
1.028935667E1,-6.872059479E0,-9.981393585E0,4.686753845E-1,1.212736888E1
1.029935767E1,-6.784940643E0,-1.003258713E1,8.382568359E-1,1.214046533E1
1.030935867E1,-6.815477142E0,-1.019005966E1,1.091380463E0,1.230768686E1
1.031935967E1,-6.976093140E0,-1.023840912E1,8.985813904E-1,1.242168850E1
1.032936067E1,-7.058571625E0,-9.790241089E0,4.833448792E-1,1.207915048E1
1.033936167E1,-6.939718781E0,-8.855435028E0,3.832031250E-2,1.125077307E1
1.034936267E1,-6.899452515E0,-7.668702850E0,-3.757186890E-1,1.032243251E1
1.035936367E1,-6.766528931E0,-6.554270325E0,-7.069798279E-1,9.446914509E0
1.036936567E1,-6.605463867E0,-5.914051666E0,-9.232800293E-1,8.914067872E0
1.037936667E1,-6.400839386E0,-5.755531311E0,-9.544152832E-1,8.660704016E0
1.038936767E1,-6.214776306E0,-5.537734222E0,-9.777667236E-1,8.381287050E0
1.039936867E1,-6.055208130E0,-5.400469666E0,-9.954299927E-1,8.174441814E0
1.040936967E1,-5.908213806E0,-5.392386475E0,-9.098080444E-1,8.050625625E0
1.041937067E1,-5.743107147E0,-5.496270447E0,-7.619155884E-1,7.985786367E0
1.042937167E1,-5.586832123E0,-5.722150726E0,-6.027964783E-1,8.019916814E0
1.043937267E1,-5.543123016E0,-5.820945282E0,-4.194277954E-1,8.048946293E0
1.044937367E1,-5.464237061E0,-5.603148193E0,-1.820214844E-1,7.828555943E0
1.045937467E1,-5.334756317E0,-5.103187866E0,5.538482666E-3,7.382559315E0
1.046937567E1,-5.340893555E0,-4.508923645E0,1.419049072E-1,6.991113888E0
1.047937808E1,-5.505551147E0,-4.091292114E0,3.647914124E-1,6.868976443E0
1.048937908E1,-5.777685242E0,-3.947441254E0,6.732998657E-1,7.029741952E0
1.049938008E1,-6.057154083E0,-4.019890594E0,8.737330627E-1,7.322024682E0
1.050938108E1,-6.264323273E0,-4.389621735E0,1.119372253E0,7.730686857E0
1.051938208E1,-6.245612183E0,-4.944517822E0,1.492995300E0,8.104626025E0
1.052938308E1,-6.104605408E0,-5.556744690E0,1.875599670E0,8.465311149E0
1.053938408E1,-6.032006378E0,-5.978567505E0,2.148482208E0,8.760385046E0
1.054938508E1,-6.184838562E0,-5.982908478E0,2.354304199E0,8.921332308E0
1.055938608E1,-6.464157715E0,-5.665568390E0,2.494263153E0,8.950159151E0
1.056938808E1,-6.759493561E0,-5.188360748E0,2.522554321E0,8.886682213E0
1.057938908E1,-7.013066254E0,-4.791236572E0,2.628384247E0,8.890863283E0
1.058939008E1,-7.217840424E0,-4.620292053E0,2.798131256E0,9.015201471E0
1.059939108E1,-7.406298523E0,-4.727768555E0,2.942880249E0,9.266369164E0
1.060939208E1,-7.453749847E0,-5.019811249E0,3.064876556E0,9.494754345E0
1.061939308E1,-7.459737396E0,-5.362149353E0,3.113226013E0,9.700129067E0
1.062939408E1,-7.438780975E0,-5.518723755E0,3.012635193E0,9.740007448E0
1.063939508E1,-7.289691010E0,-5.443430328E0,2.790048065E0,9.516033678E0
1.064939608E1,-7.024442596E0,-5.332810364E0,2.652035065E0,9.209503252E0
1.065939708E1,-6.935826874E0,-5.366640015E0,2.633473663E0,9.156511509E0
1.066939908E1,-7.188501434E0,-5.452112274E0,2.534828796E0,9.371522723E0
1.067940008E1,-7.539222107E0,-5.494174805E0,2.534529419E0,9.666936750E0
1.068940108E1,-7.897277527E0,-5.490582275E0,2.565664673E0,9.954703475E0
1.069940208E1,-8.282426605E0,-5.300926666E0,2.415077820E0,1.012575996E1
1.070940308E1,-8.612490234E0,-5.028343506E0,2.280807037E0,1.023041090E1
1.071940408E1,-8.773106232E0,-4.871918793E0,2.228715363E0,1.027959911E1
1.072940508E1,-8.720715179E0,-4.915627899E0,2.087109833E0,1.022596198E1
1.073940608E1,-8.539292450E0,-5.021906891E0,1.788780212E0,1.006671739E1
1.074940708E1,-8.319250031E0,-5.075345764E0,1.555116119E0,9.868507579E0
1.075940808E1,-8.433911591E0,-5.143154755E0,1.264570312E0,9.959018206E0
1.076941008E1,-8.867110748E0,-5.154531097E0,8.964857483E-1,1.029555878E1
1.077941108E1,-9.188492432E0,-5.121300201E0,6.873706055E-1,1.054175447E1
1.078941208E1,-9.491911469E0,-5.075495453E0,5.983058167E-1,1.078030646E1
1.079941308E1,-9.680519257E0,-5.007536774E0,4.472698975E-1,1.090815878E1
1.080941408E1,-9.564959564E0,-4.964875488E0,2.558180237E-1,1.077979049E1
1.081941508E1,-9.345815277E0,-5.054688721E0,3.906875610E-2,1.062523730E1
1.082941608E1,-9.129215698E0,-5.198988647E0,-1.546284485E-1,1.050694876E1
1.083941708E1,-8.852740631E0,-5.351072388E0,-3.812571716E-1,1.035134529E1
1.084941808E1,-8.670270081E0,-5.497018890E0,-6.493496704E-1,1.028651812E1
1.085942008E1,-8.639583893E0,-5.489235077E0,-8.728349304E-1,1.027306928E1
1.086942108E1,-8.773555298E0,-5.340145111E0,-1.041085052E0,1.032357886E1
1.087942208E1,-8.944200439E0,-5.107528839E0,-1.077459412E0,1.035598818E1
1.088942308E1,-9.052575073E0,-4.831353149E0,-1.153950348E0,1.032582636E1
1.089942408E1,-9.072483673E0,-4.590054932E0,-1.293759613E0,1.024950624E1
1.090942508E1,-9.118737488E0,-4.409829712E0,-1.508562927E0,1.024078774E1
1.091942608E1,-9.293274536E0,-4.290827179E0,-1.753902740E0,1.038519736E1
1.092942708E1,-9.591155090E0,-4.163741455E0,-1.976639557E0,1.064115139E1
1.093942808E1,-9.867929535E0,-4.115391998E0,-2.194286957E0,1.091454900E1
1.094942908E1,-1.006776398E1,-4.136049042E0,-2.415227509E0,1.114899534E1
1.095943108E1,-1.019215530E1,-4.089944916E0,-2.618205414E0,1.128993706E1
1.096943208E1,-1.027807663E1,-3.994293823E0,-2.820734253E0,1.138199385E1
1.097943308E1,-1.038255936E1,-3.918102264E0,-3.062032471E0,1.151195496E1
1.098943408E1,-1.035307068E1,-3.797902222E0,-3.296295319E0,1.150980871E1
1.099943508E1,-1.027613068E1,-3.613485718E0,-3.521726532E0,1.144808711E1
1.100943608E1,-1.023945694E1,-3.375480652E0,-3.822900238E0,1.143918329E1
1.101943708E1,-1.025801834E1,-3.038082275E0,-4.257745972E0,1.151456838E1
1.102943808E1,-1.044108765E1,-2.691253510E0,-4.596341858E0,1.172115673E1
1.103943908E1,-1.066232758E1,-2.386487274E0,-4.716392212E0,1.190062630E1
1.104944108E1,-1.072100555E1,-2.242636414E0,-4.861141205E0,1.198332475E1
1.105944208E1,-1.055515045E1,-2.185605011E0,-5.133424988E0,1.193901681E1
1.106944308E1,-1.026595184E1,-2.161205750E0,-5.365592194E0,1.178346966E1
1.107944408E1,-9.893226929E0,-2.275867310E0,-5.465434570E0,1.152937492E1
1.108944508E1,-9.589807892E0,-2.309846649E0,-5.313051453E0,1.120394228E1
1.109944608E1,-9.498048706E0,-2.487078094E0,-5.258265381E0,1.113767666E1
1.110944708E1,-9.523495789E0,-2.543959808E0,-5.295837250E0,1.118993278E1
1.111944808E1,-9.446106720E0,-2.451901245E0,-5.503006439E0,1.120374186E1
1.112944908E1,-9.182804260E0,-2.406994629E0,-5.885610809E0,1.116950902E1
1.113945008E1,-8.769513702E0,-2.147733765E0,-6.105802917E0,1.089944770E1
1.114945208E1,-8.316705322E0,-1.896406403E0,-6.099965057E0,1.048682594E1
1.115945308E1,-7.799979858E0,-1.703607330E0,-6.082750854E0,1.003702255E1
1.116945408E1,-7.455097046E0,-1.617835693E0,-6.172115021E0,9.812791047E0
1.117945508E1,-7.290289764E0,-1.489851837E0,-6.326144714E0,9.766682666E0
1.118945608E1,-7.144043884E0,-1.221609650E0,-6.599176941E0,9.801980894E0
1.119945708E1,-7.027286682E0,-8.268804932E-1,-6.826703796E0,9.832109346E0
1.120945808E1,-7.103627930E0,-3.089575195E-1,-7.218439178E0,1.013226770E1
1.121945908E1,-7.510032806E0,2.746788025E-1,-7.622898102E0,1.070442043E1
1.122946008E1,-8.093519440E0,7.825726318E-1,-7.716154175E0,1.120966155E1
1.123946208E1,-8.601712646E0,1.106349335E0,-7.410040741E0,1.140711064E1
1.124946308E1,-9.080267487E0,1.229842529E0,-6.937174072E0,1.149296108E1
1.125946408E1,-9.541308746E0,1.150058441E0,-6.341862030E0,1.151427032E1
1.126946508E1,-1.024260040E1,1.084644470E0,-5.322182465E0,1.159365960E1
1.127946608E1,-1.085362976E1,6.319857788E-1,-3.606749725E0,1.145466405E1
1.128946708E1,-1.035441788E1,-1.862127686E-1,-2.620600433E0,1.068251803E1
1.129946808E1,-9.824220428E0,-7.750881958E-1,-2.313439178E0,1.012265131E1
1.130946908E1,-9.839189301E0,-8.355624390E-1,-1.530567169E0,9.992519529E0
1.131947008E1,-1.002959335E1,-8.551716614E-1,-1.220112762E0,1.013966156E1
1.132947108E1,-9.988728333E0,-8.719367981E-1,-1.456620941E0,1.013196487E1
1.133947308E1,-9.271120605E0,-5.752537537E-1,-2.145638123E0,9.533538541E0
1.134947408E1,-7.874375153E0,-1.456471252E-1,-3.205583954E0,8.503103293E0
1.135947508E1,-6.277196503E0,1.642085266E-1,-4.141737213E0,7.522243516E0
1.136947608E1,-4.843028870E0,4.567002869E-1,-4.855602722E0,6.873163870E0
1.137947708E1,-3.759132843E0,7.843688965E-1,-5.497767334E0,6.706098714E0
1.138947808E1,-3.041824493E0,1.046473846E0,-6.170169067E0,6.958361163E0
1.139947908E1,-2.640209656E0,1.163680115E0,-6.795718231E0,7.382861553E0
1.140948008E1,-2.511926422E0,1.289119263E0,-7.396119690E0,7.916703183E0
1.141948108E1,-2.546953583E0,1.400637360E0,-8.025860138E0,8.535993704E0
1.142948308E1,-2.564467163E0,1.733694763E0,-8.596922607E0,9.137246176E0
1.143948408E1,-2.506687317E0,2.101929016E0,-9.031768341E0,9.605957852E0
1.144948508E1,-2.435435486E0,2.397264862E0,-9.188492432E0,9.803398288E0
1.145948608E1,-2.574496307E0,2.727777557E0,-8.902137909E0,9.660065268E0
1.146948708E1,-3.097658386E0,2.918630676E0,-8.527916107E0,9.530962472E0
1.147948829E1,-3.778143311E0,3.025807800E0,-8.211025085E0,9.531569266E0
1.148948929E1,-4.550237732E0,3.180885315E0,-8.050409088E0,9.779150336E0
1.149949029E1,-5.405110016E0,3.295696564E0,-7.939938812E0,1.015477516E1
1.150949129E1,-6.307134247E0,3.264261932E0,-7.688761139E0,1.046672806E1
1.151949329E1,-7.218139801E0,3.155288544E0,-7.326364746E0,1.075792770E1
1.152949429E1,-7.994126129E0,3.035088501E0,-6.795119476E0,1.092206315E1
1.153949529E1,-8.492739258E0,2.868335266E0,-6.184389496E0,1.089039213E1
1.154949629E1,-8.686735840E0,2.705773315E0,-5.891149292E0,1.083910646E1
1.155949729E1,-8.574020233E0,2.652184753E0,-5.960155792E0,1.077364210E1
1.156949829E1,-8.331524506E0,2.630180511E0,-6.185137939E0,1.070458226E1
1.157949929E1,-8.181985474E0,2.553240509E0,-6.505022736E0,1.076007640E1
1.158950029E1,-8.147557068E0,2.450104980E0,-6.745722198E0,1.085773773E1
1.159950129E1,-8.197403412E0,2.409239960E0,-6.646478577E0,1.082485738E1
1.160950229E1,-8.227341156E0,2.513572998E0,-6.273603973E0,1.064731415E1
1.161950429E1,-8.196056213E0,2.660118256E0,-6.010451202E0,1.050605017E1
1.162950529E1,-8.148455200E0,2.852617950E0,-6.058351593E0,1.054696048E1
1.163950629E1,-7.963140564E0,3.014431458E0,-6.424340515E0,1.066632813E1
1.164950729E1,-7.540718994E0,3.117117920E0,-6.945556641E0,1.071539193E1
1.165950829E1,-6.986271973E0,3.157384186E0,-7.402256927E0,1.065694509E1
1.166950929E1,-6.464606781E0,3.087479553E0,-7.556885376E0,1.041298168E1
1.167951029E1,-6.124963074E0,2.844834137E0,-7.402556305E0,1.002028412E1
1.168951129E1,-5.999823303E0,2.572999420E0,-6.999294891E0,9.571224303E0
1.169951329E1,-5.939798126E0,2.389031982E0,-6.640940094E0,9.224465346E0
1.170951429E1,-5.851032715E0,2.330503693E0,-6.609954529E0,9.130023558E0
1.171951529E1,-5.754034424E0,2.422262878E0,-6.857539673E0,9.273732796E0
1.172951629E1,-5.571713562E0,2.567910004E0,-7.039261780E0,9.337524308E0
1.173951729E1,-5.313500519E0,2.632126465E0,-7.003935242E0,9.176954089E0
1.174951829E1,-5.054539032E0,2.565065918E0,-6.872807922E0,8.908614748E0
1.175951929E1,-4.816384277E0,2.410736847E0,-6.838080139E0,8.704513177E0
1.176952029E1,-4.647685089E0,2.262994080E0,-6.809040527E0,8.548985425E0
1.177952129E1,-4.639751587E0,2.213596802E0,-7.048243103E0,8.723820059E0
1.178952229E1,-4.956792297E0,2.414479065E0,-7.437134399E0,9.257994767E0
1.179952429E1,-5.600304108E0,2.705773315E0,-7.678731995E0,9.881677002E0
1.180952529E1,-6.307882690E0,2.865790558E0,-7.737260284E0,1.038592010E1
1.181952629E1,-6.896309052E0,2.856360168E0,-7.820786591E0,1.081122448E1
1.182952729E1,-7.252119141E0,2.756068726E0,-7.984546051E0,1.113292965E1
1.183952829E1,-7.458390198E0,2.597847748E0,-8.194858704E0,1.138121727E1
1.184952929E1,-7.494465179E0,2.451152802E0,-8.424930267E0,1.153926377E1
1.185953029E1,-7.537425842E0,2.308499451E0,-8.425229645E0,1.153804371E1
1.186953129E1,-7.762857056E0,2.196532288E0,-8.216413879E0,1.151504063E1
1.187953229E1,-8.020621033E0,2.133213959E0,-7.980354767E0,1.151377548E1
1.188953429E1,-8.002059631E0,2.152074738E0,-7.566914520E0,1.122152304E1
1.189953529E1,-7.643704834E0,2.245181122E0,-7.034172363E0,1.062763580E1
1.190953629E1,-7.161258087E0,2.370769958E0,-6.709497528E0,1.009561908E1
1.191953729E1,-6.777456207E0,2.541115723E0,-6.494245148E0,9.724525788E0
1.192953829E1,-6.547833710E0,2.626737671E0,-6.279741211E0,9.445053031E0
1.193953929E1,-6.495442657E0,2.647245026E0,-6.156697083E0,9.332930971E0
1.194954029E1,-6.567442932E0,2.573298798E0,-6.012397156E0,9.268338197E0
1.195954129E1,-6.642137604E0,2.383792877E0,-5.869444427E0,9.178825541E0
1.196954329E1,-6.706952820E0,2.158511353E0,-5.886059875E0,9.180854440E0
1.197954429E1,-6.613547058E0,1.942360840E0,-5.900579681E0,9.073511498E0
1.198954529E1,-6.429130554E0,1.766177216E0,-5.966742096E0,8.947352283E0
1.199954629E1,-6.272855530E0,1.733844452E0,-6.088588715E0,8.912117909E0
1.200954729E1,-6.313421173E0,1.810335388E0,-6.170019379E0,9.011422766E0
1.201954829E1,-6.468798065E0,1.934427338E0,-6.154302063E0,9.135797251E0
1.202954929E1,-6.592890015E0,2.093247070E0,-6.092779999E0,9.217909207E0
1.203955029E1,-6.660399628E0,2.323019257E0,-6.058950348E0,9.298829012E0
1.204955129E1,-6.698420563E0,2.581831055E0,-6.137686615E0,9.444886797E0
1.205955229E1,-6.768923950E0,2.910846863E0,-6.229595490E0,9.648793752E0
1.206955429E1,-6.904541931E0,3.239712982E0,-6.373596039E0,9.939374525E0
1.207955529E1,-7.076833649E0,3.483406219E0,-6.456074524E0,1.019296775E1
1.208955629E1,-7.242239685E0,3.607198792E0,-6.434369659E0,1.033745770E1
1.209955729E1,-7.372019806E0,3.605402527E0,-6.315217438E0,1.035507483E1
1.210955829E1,-7.499554596E0,3.494034119E0,-6.256090393E0,1.037257251E1
1.211955929E1,-7.658374329E0,3.387156372E0,-6.386618958E0,1.053149692E1
1.212956029E1,-7.792046356E0,3.352877655E0,-6.607559509E0,1.075256331E1
1.213956129E1,-7.830666046E0,3.367846527E0,-6.726112976E0,1.085828332E1
1.214956329E1,-7.750881958E0,3.398233337E0,-6.694678345E0,1.079087017E1
1.215956429E1,-7.578141174E0,3.428620148E0,-6.672524414E0,1.066331289E1
1.216956529E1,-7.349416809E0,3.487896881E0,-6.782845001E0,1.059180525E1
1.217956629E1,-7.204218750E0,3.632496185E0,-6.931186523E0,1.063659452E1
1.218956729E1,-7.059170380E0,3.734883270E0,-7.137008514E0,1.071065498E1
1.219956829E1,-6.978637848E0,3.744313660E0,-7.202123108E0,1.070475821E1
1.220956929E1,-6.941515045E0,3.755690002E0,-7.203769684E0,1.068569774E1
1.221957029E1,-6.931934967E0,3.747756500E0,-7.076234894E0,1.059105762E1
1.222957129E1,-7.044500885E0,3.800297241E0,-6.920259247E0,1.058098483E1
1.223957329E1,-7.229665833E0,3.968996429E0,-6.748865662E0,1.065683764E1
1.224957429E1,-7.377109222E0,4.115841064E0,-6.563401337E0,1.069766915E1
1.225957529E1,-7.597900085E0,4.270319824E0,-6.487658844E0,1.086523973E1
1.226957629E1,-7.913294220E0,4.509522400E0,-6.456373901E0,1.116426360E1
1.227957729E1,-8.167615356E0,4.741839294E0,-6.317313080E0,1.136236881E1
1.228957829E1,-8.209378510E0,4.897216187E0,-6.177653503E0,1.138156513E1
1.229957929E1,-7.896229706E0,4.866230621E0,-6.087391205E0,1.109445698E1
1.230958029E1,-7.322772217E0,4.561763763E0,-6.002517700E0,1.051013322E1
1.231958129E1,-6.813830566E0,4.138743439E0,-5.992488556E0,9.973334614E0
1.232958329E1,-6.547833710E0,3.820654907E0,-6.107449493E0,9.735115281E0
1.233958429E1,-6.497388611E0,3.648512878E0,-6.198759613E0,9.692900790E0
1.234958529E1,-6.520740051E0,3.682941284E0,-6.309828644E0,9.792754711E0
1.235958629E1,-6.534212036E0,3.852538605E0,-6.594536591E0,1.005116379E1
1.236958729E1,-6.470444641E0,4.149371338E0,-7.009773102E0,1.040292532E1
1.237958829E1,-6.282435608E0,4.416266327E0,-7.274273071E0,1.057768662E1
1.238958929E1,-6.046825562E0,4.602928162E0,-7.399412842E0,1.060671285E1
1.239959029E1,-5.713468781E0,4.725223846E0,-7.456593933E0,1.051533447E1
1.240959129E1,-5.395380249E0,4.753515015E0,-7.338788910E0,1.027442727E1
1.241959329E1,-5.220693512E0,4.811444550E0,-7.196434937E0,1.010912040E1
1.242959429E1,-5.131928101E0,4.897066498E0,-6.945556641E0,9.927673613E0
1.243959529E1,-5.190306702E0,5.014721832E0,-6.788533173E0,9.908122998E0
1.244959629E1,-5.360951843E0,5.164709930E0,-6.754254456E0,1.005156637E1
1.245959729E1,-5.659580841E0,5.393733673E0,-6.768624573E0,1.034105879E1
1.246959829E1,-6.019881592E0,5.601052551E0,-6.754404144E0,1.064108732E1
1.247959879E1,-6.348298645E0,5.750591583E0,-6.860383759E0,1.097429107E1
1.248959979E1,-6.562203827E0,5.901627502E0,-6.969207458E0,1.124551372E1
1.249960079E1,-6.619983673E0,6.029461670E0,-6.917415161E0,1.131499997E1
1.250960279E1,-6.527625732E0,6.081852722E0,-6.761289825E0,1.119436780E1
1.251960379E1,-6.411317596E0,6.150410156E0,-6.617438965E0,1.107804301E1
1.252960479E1,-6.437363434E0,6.331832886E0,-6.550677795E0,1.115540834E1
1.253960579E1,-6.569987640E0,6.564598846E0,-6.579268341E0,1.138180423E1
1.254960679E1,-6.617289276E0,6.736142120E0,-6.712191925E0,1.158523407E1
1.255960779E1,-6.471492462E0,6.539151764E0,-6.486161957E0,1.125659884E1
1.256960879E1,-5.642666016E0,6.075715485E0,-6.543043671E0,1.056245326E1
1.257960979E1,-4.887037354E0,6.036047974E0,-6.678961029E0,1.024331634E1
1.258961079E1,-4.813240814E0,6.499633942E0,-6.612349548E0,1.044680310E1
1.259961279E1,-4.902754669E0,6.795119476E0,-6.196813660E0,1.042166741E1
1.260961379E1,-5.011578369E0,6.790179749E0,-5.813610535E0,1.024795229E1
1.261961479E1,-4.859195251E0,6.666387177E0,-5.360652466E0,9.838144710E0
1.262961579E1,-4.485572205E0,6.356381836E0,-5.063220978E0,9.282249443E0
1.263961679E1,-4.047583008E0,5.976771240E0,-4.800068207E0,8.668643346E0
1.264961779E1,-3.656745758E0,5.605842590E0,-4.562961273E0,8.100486175E0
1.265961879E1,-3.282823334E0,5.447771301E0,-4.399800568E0,7.733911444E0
1.266961979E1,-3.062032471E0,5.423372040E0,-4.150269470E0,7.484233014E0
1.267962179E1,-2.912643127E0,5.506149902E0,-4.059258728E0,7.434968605E0
1.268962279E1,-2.714604950E0,5.704337769E0,-4.220323792E0,7.597347058E0
1.269962379E1,-2.324965210E0,6.065985718E0,-4.513563995E0,7.910366989E0
1.270962479E1,-1.873054962E0,6.537205811E0,-4.840035095E0,8.346815825E0
1.271962579E1,-1.431024170E0,7.077282715E0,-5.085674286E0,8.831752020E0
1.272962679E1,-9.916877747E-1,7.631430359E0,-5.429209900E0,9.417987795E0
1.273962779E1,-6.670129395E-1,8.059839478E0,-5.622458038E0,9.849769188E0
1.274962879E1,-3.405418396E-1,8.354726257E0,-5.493426361E0,1.000475651E1
1.275963079E1,5.957611084E-2,8.225694580E0,-5.016667786E0,9.634965299E0
1.276963179E1,4.769082642E-1,7.830815735E0,-4.498595123E0,9.043587488E0
1.277963279E1,7.762857056E-1,7.490573273E0,-4.138144684E0,8.592761423E0
1.278963379E1,8.204438782E-1,7.415878601E0,-4.035458221E0,8.482529495E0
1.279963479E1,8.089178467E-1,7.319928131E0,-4.082460480E0,8.420343193E0
1.280963579E1,8.415499878E-1,7.489824829E0,-4.079915771E0,8.570378933E0
1.281963679E1,9.693841553E-1,7.762407990E0,-4.067790985E0,8.817120104E0
1.282963779E1,1.044378204E0,8.081244965E0,-4.040397949E0,9.095166936E0
1.283963879E1,1.058149567E0,8.281528473E0,-3.886068878E0,9.208958990E0
1.284964079E1,1.096769257E0,8.217461700E0,-3.654500427E0,9.060074667E0
1.285964179E1,1.199605408E0,7.896229706E0,-3.472628632E0,8.709112832E0
1.286964279E1,1.337618408E0,7.459138641E0,-3.409609680E0,8.309838172E0
1.287964379E1,1.521136780E0,7.082372131E0,-3.399430847E0,8.001873668E0
1.288964479E1,1.749412079E0,6.731052704E0,-3.511398010E0,7.790855480E0
1.289964579E1,2.045945435E0,6.546486511E0,-3.788022766E0,7.835272480E0
1.290964679E1,2.241289215E0,6.560557251E0,-4.063749390E0,8.036065448E0
1.291964779E1,2.463427277E0,6.702462158E0,-4.413871307E0,8.394863480E0
1.292964879E1,2.680026855E0,6.875352631E0,-4.780009918E0,8.792127874E0
1.293965079E1,2.783910828E0,6.988666992E0,-5.263953552E0,9.181548498E0
1.294965179E1,2.959795074E0,7.054829407E0,-5.985303497E0,9.713643127E0
1.295965279E1,3.235970764E0,6.981332245E0,-6.781946869E0,1.025696398E1
1.296965379E1,3.616030426E0,6.575077057E0,-7.434589691E0,1.056316421E1
1.297965479E1,3.785777435E0,5.826633453E0,-7.015311584E0,9.874024753E0
1.298965579E1,3.239712982E0,4.876858521E0,-6.258934479E0,8.570516323E0
1.299965679E1,2.112556915E0,3.811224518E0,-5.469176788E0,6.992869496E0
1.300965779E1,7.744894409E-1,2.558778992E0,-4.262386322E0,5.031413418E0
1.301965979E1,-6.483018494E-1,1.345402222E0,-3.965553589E0,4.237454152E0
1.302966079E1,-1.569935303E0,3.794609070E-1,-4.683909760E0,4.954563358E0
1.303966179E1,-1.665736084E0,-6.315367126E-1,-5.382357330E0,5.669504895E0
1.304966279E1,-1.313069458E0,-1.509161682E0,-5.362448730E0,5.723423518E0
1.305966379E1,-8.833131409E-1,-2.733016663E0,-4.682712250E0,5.493397509E0
1.306966479E1,-7.611671448E-1,-4.037104797E0,-3.563639374E0,5.438484730E0
1.307966579E1,-1.402283936E0,-5.418582001E0,-2.856360168E0,6.283806533E0
1.308966679E1,-2.798430634E0,-6.276298370E0,-2.893632660E0,7.456288971E0
1.309966879E1,-4.368964691E0,-6.887178040E0,-2.949765930E0,8.673072862E0
1.310966979E1,-5.681435394E0,-7.560328217E0,-2.732567596E0,9.843992917E0
1.311967079E1,-6.684499512E0,-8.071215820E0,-2.180066528E0,1.070419304E1
1.312967179E1,-7.619455261E0,-8.266409912E0,-2.303559723E0,1.147588858E1
1.313967279E1,-8.670868835E0,-8.416248322E0,-2.783761139E0,1.240026323E1
1.314967379E1,-9.826465759E0,-7.611372070E0,-3.321443024E0,1.286562855E1
1.315967479E1,-1.127694946E1,-6.445746002E0,-3.669469299E0,1.349748998E1
1.316967579E1,-1.326676163E1,-5.046306152E0,-3.945644989E0,1.473228714E1
1.317967679E1,-1.573857147E1,-3.680396576E0,-4.866230621E0,1.687981491E1
1.318967879E1,-1.801054688E1,-2.744692383E0,-5.829477539E0,1.912840671E1
1.319967979E1,-1.896107025E1,-3.123704224E0,-6.001619568E0,2.013204288E1
1.320968079E1,-1.849943024E1,-4.675078125E0,-6.273454285E0,2.008585331E1
1.321968179E1,-1.836725510E1,-6.212231598E0,-7.257957001E0,2.070328044E1
1.322968279E1,-1.924023972E1,-7.104675751E0,-7.011569366E0,2.167545494E1
1.323968379E1,-2.022414368E1,-6.790479126E0,-5.553601227E0,2.204470641E1
1.324968479E1,-2.041769119E1,-6.133195953E0,-3.966152344E0,2.168475434E1
1.325968579E1,-1.956506424E1,-6.444249115E0,-3.270548859E0,2.085705097E1
1.326968679E1,-1.783990173E1,-6.586902466E0,-4.080514526E0,1.944993513E1
1.327968879E1,-1.562046707E1,-6.640790405E0,-7.003486176E0,1.836158782E1
1.328968979E1,-1.365475479E1,-6.848708038E0,-9.327403564E0,1.789853590E1
1.329969079E1,-1.230411346E1,-7.015760651E0,-1.156031021E1,1.828258400E1
1.330969179E1,-1.133742371E1,-6.794969788E0,-1.253508316E1,1.821639648E1
1.331969279E1,-1.045934967E1,-6.409970398E0,-1.187420746E1,1.707285913E1
1.332969379E1,-9.892328796E0,-6.221212921E0,-1.065229843E1,1.581243565E1
1.333969479E1,-9.589358826E0,-6.012846222E0,-9.678573303E0,1.489244451E1
1.334969579E1,-9.235644379E0,-5.854176178E0,-9.994266815E0,1.481397566E1
1.335969679E1,-9.384584656E0,-5.716911621E0,-1.160776154E1,1.598416828E1
1.336969879E1,-9.791887665E0,-5.934259644E0,-1.260139526E1,1.702620522E1
1.337969979E1,-1.018257523E1,-6.358028412E0,-1.297696426E1,1.767797966E1
1.338970079E1,-1.117695740E1,-6.374943237E0,-1.277817764E1,1.813411431E1
1.339970179E1,-1.254137009E1,-6.199657745E0,-1.222432938E1,1.857837314E1
1.340970279E1,-1.382629807E1,-5.735173645E0,-1.175595337E1,1.903315987E1
1.341970379E1,-1.437969727E1,-5.120851135E0,-1.102487366E1,1.882940915E1
1.342970479E1,-1.381926270E1,-4.920717316E0,-1.012853760E1,1.782618171E1
1.343970579E1,-1.281515076E1,-5.001100159E0,-9.381740570E0,1.665101042E1
1.344970779E1,-1.206341400E1,-5.424868927E0,-8.976533203E0,1.598540924E1
1.345970879E1,-1.149654282E1,-6.151757355E0,-8.556057587E0,1.559553579E1
1.346970979E1,-1.101095261E1,-6.672973480E0,-8.314310303E0,1.532636318E1
1.347971129E1,-1.059077637E1,-6.893315277E0,-8.128546600E0,1.502516587E1
1.348971229E1,-1.024888733E1,-7.054380341E0,-7.698939972E0,1.463139263E1
1.349971329E1,-1.004785538E1,-7.202123108E0,-7.410789185E0,1.441352737E1
1.350971429E1,-9.782606964E0,-7.128925323E0,-7.170538788E0,1.406902988E1
1.351971529E1,-9.339827728E0,-6.836732941E0,-6.963519287E0,1.350791990E1
1.352971729E1,-8.873247986E0,-6.640041962E0,-6.653364258E0,1.292640488E1
1.353971829E1,-8.481512604E0,-6.465953979E0,-6.668333130E0,1.257820669E1
1.354971929E1,-8.177943878E0,-6.234235840E0,-6.760990448E0,1.230672395E1
1.355972029E1,-7.894134064E0,-6.017336884E0,-6.808741150E0,1.203680405E1
1.356972129E1,-7.625143433E0,-5.754483490E0,-6.956034851E0,1.181707720E1
1.357972229E1,-7.414381714E0,-5.285359039E0,-7.129374390E0,1.156443062E1
1.358972329E1,-7.229516144E0,-4.859943695E0,-7.168892212E0,1.128175394E1
1.359972429E1,-6.944059753E0,-4.446802826E0,-6.938670959E0,1.077678876E1
1.360972529E1,-6.534661102E0,-4.107458496E0,-6.934030609E0,1.037563451E1
1.361972729E1,-6.056705017E0,-3.826193390E0,-7.047794037E0,1.004961852E1
1.362972829E1,-5.734425201E0,-3.499123535E0,-7.312743073E0,9.929940038E0
1.363972929E1,-5.697751465E0,-3.150348816E0,-7.592361603E0,1.000165107E1
1.364973029E1,-5.700595551E0,-2.753074951E0,-7.558382263E0,9.859277547E0
1.365973129E1,-5.885610809E0,-2.326462097E0,-7.645800476E0,9.925276087E0
1.366973229E1,-6.220763855E0,-1.926643524E0,-8.013885040E0,1.032628741E1
1.367973329E1,-6.389313354E0,-1.623074799E0,-8.386011200E0,1.066690587E1
1.368973429E1,-6.203699341E0,-1.345551910E0,-8.281229095E0,1.043432560E1
1.369973629E1,-5.875132599E0,-1.145867157E0,-8.334967346E0,1.026167020E1
1.370973729E1,-5.713319092E0,-8.714877319E-1,-8.454868011E0,1.024140122E1
1.371973829E1,-5.720803528E0,-5.562432861E-1,-8.428822174E0,1.020206072E1
1.372973929E1,-5.746999054E0,-2.275268555E-1,-8.307424622E0,1.010411156E1
1.373974029E1,-5.757477264E0,9.595046997E-2,-7.910599823E0,9.784443801E0
1.374974129E1,-5.561684418E0,1.598675537E-1,-7.553741913E0,9.381732680E0
1.375974229E1,-5.269641724E0,7.529342651E-2,-6.997498627E0,8.760124430E0
1.376974329E1,-4.977449341E0,-6.466552734E-2,-6.549779663E0,8.226712418E0
1.377974529E1,-4.890480194E0,1.097218323E-1,-6.403384094E0,8.058049595E0
1.378974629E1,-5.057981873E0,7.210505676E-1,-6.270011444E0,8.088024360E0
1.379974729E1,-5.643863525E0,1.739682312E0,-6.507866821E0,8.788175044E0
1.380974829E1,-6.543193359E0,2.978356476E0,-7.213349762E0,1.018412497E1
1.381974929E1,-7.529642029E0,4.250710602E0,-7.911797333E0,1.172009329E1
1.382975029E1,-7.801776123E0,5.058580627E0,-8.212521973E0,1.240574326E1
1.383975129E1,-6.577023010E0,4.847220154E0,-8.255183258E0,1.161468146E1
1.384975229E1,-5.272785187E0,4.687651978E0,-8.100854187E0,1.074244773E1
1.385975429E1,-4.519102478E0,4.606520691E0,-7.625143433E0,9.989250845E0
1.386975529E1,-3.834426270E0,4.312082977E0,-6.713389435E0,8.852484517E0
1.387975629E1,-2.965782623E0,3.687581635E0,-6.288123779E0,7.869855497E0
1.388975729E1,-1.726659393E0,2.900069275E0,-6.177354126E0,7.039279683E0
1.389975829E1,-2.504292297E-1,2.019749908E0,-6.126459961E0,6.455665430E0
1.390975929E1,1.130000153E0,1.227148132E0,-6.248755646E0,6.467591515E0
1.391976029E1,2.192341003E0,8.698411560E-1,-6.400090942E0,6.820861147E0
1.392976129E1,2.674039307E0,1.256038055E0,-6.660848694E0,7.286633182E0
1.393976229E1,2.526745605E0,2.370171204E0,-7.587721252E0,8.341203072E0
1.394976429E1,2.294279022E0,3.751199341E0,-8.352480927E0,9.439234628E0
1.395976529E1,2.206112366E0,5.103337555E0,-8.726403351E0,1.034703346E1
1.396976629E1,2.154918823E0,6.256689148E0,-8.896449738E0,1.108768020E1
1.397976729E1,1.993404694E0,6.967560883E0,-8.851692810E0,1.143997520E1
1.398976829E1,1.687291260E0,7.456144867E0,-8.572972412E0,1.148637907E1
1.399976929E1,1.193767548E0,7.520660706E0,-8.387657776E0,1.132864605E1
1.400977029E1,6.963519287E-1,7.376510468E0,-8.316555634E0,1.113835312E1
1.401977129E1,2.971321106E-1,7.308402100E0,-8.127049713E0,1.093389070E1
1.402977329E1,-4.834945679E-2,7.280260620E0,-7.818990326E0,1.068368579E1
1.403977429E1,-3.800596619E-1,7.278913422E0,-7.355703735E0,1.035535627E1
1.404977529E1,-6.063890076E-1,7.232360229E0,-6.750811615E0,9.912022981E0
1.405977629E1,-6.746470642E-1,7.084168396E0,-6.133645020E0,9.394795993E0
1.406977729E1,-5.930667114E-1,6.797514496E0,-5.658832397E0,8.864553883E0
1.407977829E1,-3.614982605E-1,6.507717133E0,-5.547014923E0,8.558646962E0
1.408977929E1,-8.846603394E-2,6.334826660E0,-5.569767609E0,8.435648539E0
1.409978029E1,2.730322266E-1,6.201603699E0,-5.498815155E0,8.292852533E0
1.410978229E1,6.575825500E-1,6.144871674E0,-5.279221802E0,8.127856146E0
1.411978329E1,9.154962158E-1,6.130052490E0,-4.752018127E0,7.810080226E0
1.412978429E1,9.243278503E-1,6.149062958E0,-4.049079895E0,7.420269889E0
1.413978529E1,8.038284302E-1,6.085445251E0,-3.438349915E0,7.035697136E0
1.414978629E1,7.041357422E-1,5.990392914E0,-3.263064423E0,6.857711268E0
1.415978729E1,5.860313416E-1,5.856271820E0,-3.709885254E0,6.957197781E0
1.416978829E1,6.508465576E-1,5.547014923E0,-4.270918579E0,7.030911840E0
1.417978929E1,8.134085083E-1,5.225633240E0,-4.904401245E0,7.212629738E0
1.418979129E1,8.072712708E-1,5.008285217E0,-5.019062805E0,7.136217427E0
1.419979229E1,6.002517700E-1,4.905748444E0,-4.643793182E0,6.781702227E0
1.420979329E1,2.324665833E-1,4.714446259E0,-4.266427917E0,6.362582134E0
1.421979429E1,-1.633103943E-1,4.488116913E0,-4.046235809E0,6.044988663E0
1.422979529E1,-3.932322693E-1,4.200864258E0,-3.743864594E0,5.640781349E0
1.423979629E1,-4.647834778E-1,3.755091248E0,-3.383114777E0,5.075647698E0
1.424979729E1,-4.987628174E-1,3.010090485E0,-2.985691223E0,4.268929743E0
1.425979829E1,-5.894741821E-1,2.113904114E0,-2.643802185E0,3.435951165E0
1.426980029E1,-7.985893250E-1,1.182091827E0,-2.326013031E0,2.728630173E0
1.427980129E1,-1.117725677E0,2.896476746E-1,-1.931433563E0,2.250253780E0
1.428980229E1,-1.472787323E0,-5.776487732E-1,-1.570084991E0,2.228889294E0
1.429980329E1,-1.870061188E0,-1.420545959E0,-1.177900543E0,2.627266518E0
1.430980429E1,-2.289638672E0,-2.144440613E0,-8.529263306E-1,3.250931269E0
1.431980529E1,-2.700234833E0,-2.736160126E0,-5.468128967E-1,3.882891285E0
1.432980629E1,-3.063379669E0,-3.128494263E0,-4.567002869E-1,4.402311495E0
1.433980729E1,-3.295546875E0,-3.310366058E0,-3.740721130E-1,4.686051919E0
1.434980929E1,-3.318299561E0,-3.387306061E0,-3.423381042E-1,4.754171821E0
1.435981029E1,-3.244952087E0,-3.410058746E0,-6.721023560E-1,4.754990671E0
1.436981129E1,-3.158282318E0,-3.507206726E0,-1.178199921E0,4.864504217E0
1.437981229E1,-3.220253448E0,-3.787274323E0,-1.692230988E0,5.251392652E0
1.438981329E1,-3.627406769E0,-4.172273712E0,-2.149979095E0,5.931977571E0
1.439981429E1,-4.501888275E0,-4.563410339E0,-2.376009064E0,6.836456029E0
1.440981529E1,-5.829776917E0,-5.165158997E0,-2.568658447E0,8.201412840E0
1.441981629E1,-7.699389038E0,-5.984854431E0,-2.415077820E0,1.004647575E1
1.442981829E1,-1.021296204E1,-7.053781586E0,-2.229613495E0,1.261077335E1
1.443981929E1,-1.325493622E1,-8.062384186E0,-2.703378296E0,1.574813091E1
1.444982029E1,-1.643537247E1,-8.710835724E0,-3.604953461E0,1.894718493E1
1.445982129E1,-1.891601395E1,-9.237440643E0,-3.940555573E0,2.141667275E1
1.446982229E1,-2.015124527E1,-9.366172943E0,-3.684887238E0,2.252501444E1
1.447982254E1,-1.986519012E1,-9.208251343E0,-2.728526001E0,2.206496149E1
1.448982354E1,-1.918350769E1,-1.016880386E1,-2.227817230E0,2.182600992E1
1.449982454E1,-1.871857452E1,-1.028481262E1,-2.304158478E0,2.148188886E1
1.450982654E1,-1.884146896E1,-1.045231430E1,-2.418670349E0,2.168183095E1
1.451982754E1,-1.961506027E1,-1.006222549E1,-4.930447083E0,2.259000398E1
1.452982854E1,-1.959455292E1,-9.039552155E0,-6.876849518E0,2.264842305E1
1.453982954E1,-1.801623505E1,-8.612490234E0,-7.834258575E0,2.145076504E1
1.454983054E1,-1.545925232E1,-9.355994110E0,-8.561147003E0,1.999540812E1
1.455983154E1,-1.251248016E1,-1.087338867E1,-9.046288147E0,1.888459876E1
1.456983254E1,-1.010937744E1,-1.191806625E1,-9.141041107E0,1.810520500E1
1.457983354E1,-8.386160889E0,-1.199889816E1,-9.713301086E0,1.756842251E1
1.458983554E1,-7.459288330E0,-1.141451340E1,-1.002046234E1,1.692163597E1
1.459983654E1,-7.475754089E0,-1.105960144E1,-1.065259781E1,1.707862768E1
1.460983754E1,-7.974965973E0,-1.058269318E1,-1.098580490E1,1.721282622E1
1.461983854E1,-8.722661133E0,-1.042402313E1,-1.167452271E1,1.791757673E1
1.462983954E1,-9.469009094E0,-9.899962921E0,-1.248329086E1,1.853385955E1
1.463984054E1,-9.867480469E0,-9.510622559E0,-1.260139526E1,1.861757973E1
1.464984154E1,-9.841434631E0,-9.104217682E0,-1.266157013E1,1.844060664E1
1.465984254E1,-9.789492645E0,-8.876840515E0,-1.251667145E1,1.820163531E1
1.466984454E1,-1.015203873E1,-8.673563232E0,-1.259361145E1,1.835466259E1
1.467984554E1,-1.057790314E1,-8.048163757E0,-1.233988907E1,1.813664348E1
1.468984654E1,-1.096245346E1,-7.290289764E0,-1.179457306E1,1.767584975E1
1.469984754E1,-1.132769394E1,-6.674320679E0,-1.093580887E1,1.710131931E1
1.470984854E1,-1.180445251E1,-6.151757355E0,-1.009665390E1,1.670723310E1
1.471984954E1,-1.231159790E1,-5.584287415E0,-9.083410950E0,1.628705201E1
1.472985054E1,-1.260124557E1,-5.276377716E0,-7.677085419E0,1.567064748E1
1.473985154E1,-1.263672180E1,-5.359754333E0,-6.451284485E0,1.516683144E1
1.474985354E1,-1.257744507E1,-5.729335785E0,-5.635031891E0,1.492551498E1
1.475985454E1,-1.262265106E1,-6.325995026E0,-5.250631256E0,1.506381962E1
1.476985554E1,-1.316392548E1,-6.925198975E0,-4.699028320E0,1.559898016E1
1.477985654E1,-1.383797379E1,-7.668702850E0,-4.603377228E0,1.647694158E1
1.478985754E1,-1.419228699E1,-8.469088440E0,-4.512965240E0,1.713223057E1
1.479985854E1,-1.404170013E1,-9.264534302E0,-4.474195862E0,1.740745148E1
1.480985954E1,-1.341989319E1,-9.915530548E0,-4.527185669E0,1.728891811E1
1.481986054E1,-1.267115021E1,-1.009126511E1,-4.785847778E0,1.689070804E1
1.482986254E1,-1.188288940E1,-9.530830536E0,-5.501210175E0,1.619577428E1
1.483986354E1,-1.091619965E1,-8.567284241E0,-6.354735260E0,1.526251730E1
1.484986454E1,-9.871372375E0,-7.833360443E0,-6.936126251E0,1.438455337E1
1.485986554E1,-8.878636780E0,-7.579638062E0,-7.497309265E0,1.387410359E1
1.486986654E1,-7.984845428E0,-7.427404633E0,-8.246201935E0,1.367201311E1
1.487986754E1,-7.232360229E0,-6.990163879E0,-8.908125458E0,1.343592664E1
1.488986854E1,-6.738537140E0,-6.360423431E0,-9.335187378E0,1.315327307E1
1.489987054E1,-6.582711182E0,-5.643564148E0,-1.009635452E1,1.330857909E1
1.490987154E1,-6.344107361E0,-5.146597595E0,-1.099867813E1,1.370058705E1
1.491987254E1,-6.068530426E0,-4.703668671E0,-1.174727142E1,1.403388565E1
1.492987354E1,-5.732628937E0,-4.350403290E0,-1.208945984E1,1.406926020E1
1.493987454E1,-5.428760834E0,-4.055067444E0,-1.210832062E1,1.387538988E1
1.494987554E1,-5.425916748E0,-3.667523346E0,-1.225172241E1,1.389230010E1
1.495987654E1,-5.532644806E0,-3.196452942E0,-1.198407898E1,1.358107577E1
1.496987754E1,-5.836961975E0,-2.573897552E0,-1.161614410E1,1.325254231E1
1.497987854E1,-6.247408447E0,-1.965562592E0,-1.083117645E1,1.265732720E1
1.498988054E1,-6.372997284E0,-1.613794098E0,-9.934391327E0,1.191266372E1
1.499988154E1,-6.116730194E0,-1.220112762E0,-8.449479218E0,1.050222655E1
1.500988254E1,-5.444328461E0,-7.047344971E-1,-6.081703033E0,8.192952757E0
1.501988354E1,-4.833748169E0,-6.930587769E-2,-4.168082428E0,6.383011499E0
1.502988454E1,-4.470004578E0,6.873706055E-1,-2.966231689E0,5.408507161E0
1.503988554E1,-4.015848999E0,1.478774872E0,-2.379451904E0,4.896489525E0
1.504988654E1,-3.164718933E0,2.111509094E0,-2.508633270E0,4.557099677E0
1.505988854E1,-2.270777893E0,2.023342438E0,-3.370241547E0,4.539699874E0
1.506988954E1,-1.602567444E0,1.628613281E0,-4.669839020E0,5.198846036E0
1.507989054E1,-1.248254242E0,1.516496429E0,-5.400918732E0,5.746983837E0
1.508989154E1,-1.126557312E0,1.859732666E0,-6.162085876E0,6.534450192E0
1.509989254E1,-8.631051636E-1,2.395169220E0,-6.643634491E0,7.114749846E0
1.510989354E1,-2.354603577E-1,2.875370636E0,-6.867718506E0,7.449077483E0
1.511989454E1,5.815406799E-1,3.301684113E0,-6.800208893E0,7.581698261E0
1.512989554E1,1.391506348E0,3.564986572E0,-6.636449432E0,7.660801541E0
1.513989754E1,1.980531464E0,3.863914948E0,-6.357878723E0,7.699023669E0
1.514989854E1,2.168091431E0,4.200714569E0,-6.284680939E0,7.864085315E0
1.515989954E1,2.095492401E0,4.608167267E0,-6.128256226E0,7.948699160E0
1.516990054E1,1.955234070E0,4.800367584E0,-5.906417542E0,7.858259183E0
1.517990154E1,1.967358856E0,4.795427856E0,-5.622757416E0,7.647354454E0
1.518990254E1,2.263742523E0,4.636608124E0,-4.988376617E0,7.176807534E0
1.519990354E1,2.741698608E0,4.302951965E0,-4.342469788E0,6.699951547E0
1.520990454E1,3.097808075E0,4.048481140E0,-4.130510559E0,6.561077037E0
1.521990654E1,3.385360107E0,4.005819855E0,-3.824247437E0,6.490926299E0
1.522990754E1,3.436403961E0,4.144431610E0,-3.569477234E0,6.459593894E0
1.523990854E1,3.415746918E0,4.230802002E0,-2.991529083E0,6.206146859E0
1.524990954E1,3.086731110E0,4.105662231E0,-2.322869568E0,5.637383642E0
1.525991054E1,2.439477081E0,3.714076538E0,-1.910776520E0,4.836990787E0
1.526991154E1,1.676363983E0,3.219205627E0,-1.599873047E0,3.966494024E0
1.527991254E1,1.073118439E0,2.756218414E0,-1.418300629E0,3.280228621E0
1.528991454E1,7.764353943E-1,2.255509644E0,-1.393152924E0,2.762435654E0
1.529991554E1,6.866221619E-1,1.705403595E0,-1.353485413E0,2.282931050E0
1.530991654E1,6.670129395E-1,1.182989960E0,-1.243314514E0,1.841250251E0
1.531991754E1,5.077441406E-1,6.072871399E-1,-9.921368408E-1,1.269227046E0
1.532991854E1,7.214996338E-2,7.394622803E-2,-6.791377258E-1,6.869510263E-1
1.533991954E1,-5.233117676E-1,-3.029699707E-1,-3.118016052E-1,6.803427447E-1
1.534992054E1,-9.931846619E-1,-5.715115356E-1,-2.736309814E-1,1.178098095E0
1.535992154E1,-1.275647278E0,-6.021977234E-1,-3.793112183E-1,1.460751545E0
1.536992354E1,-1.318158875E0,-8.548722839E-1,-6.156697083E-1,1.687423666E0
1.537992454E1,-1.282383270E0,-1.266216888E0,-1.246907043E0,2.191481060E0
1.538992554E1,-1.331780548E0,-2.066901855E0,-2.338137817E0,3.393023896E0
1.539992654E1,-1.440304871E0,-2.873424683E0,-3.460054779E0,4.722608030E0
1.540992754E1,-1.403631134E0,-4.249962158E0,-3.849993896E0,5.903796381E0
1.541992854E1,-1.373543701E0,-5.932912445E0,-3.894900513E0,7.228853463E0
1.542992954E1,-1.729054413E0,-7.739655304E0,-4.243525543E0,8.994409509E0
1.543993054E1,-2.540666656E0,-9.393715668E0,-4.588258667E0,1.075867086E1
1.544993254E1,-3.778143311E0,-1.077788727E1,-4.713099060E0,1.235518205E1
1.545993354E1,-5.628146210E0,-1.131991013E1,-5.088817749E0,1.362763593E1
1.546993454E1,-7.632029114E0,-1.114522339E1,-5.253175964E0,1.449343750E1
1.547993629E1,-9.307944031E0,-1.062490540E1,-5.474864960E0,1.514927665E1
1.548993729E1,-1.063882645E1,-9.640402679E0,-6.040838013E0,1.557606227E1
1.549993829E1,-1.175430679E1,-8.724307709E0,-6.493796082E0,1.601395206E1
1.550993929E1,-1.308309357E1,-8.242908783E0,-7.223528595E0,1.706728590E1
1.551994129E1,-1.453178101E1,-8.288563843E0,-8.509354706E0,1.876917865E1
1.552994229E1,-1.595053070E1,-8.761729889E0,-1.043989014E1,2.098043485E1
1.553994329E1,-1.733395386E1,-9.257349243E0,-1.205039108E1,2.305160291E1
1.554994429E1,-1.897648819E1,-9.885592804E0,-1.221145615E1,2.463638996E1
1.555994529E1,-2.018941589E1,-1.026789780E1,-1.070394104E1,2.505227720E1
1.556994629E1,-2.111643814E1,-1.056473053E1,-7.740104370E0,2.484807249E1
1.557994729E1,-2.213477051E1,-1.114163086E1,-4.678371277E0,2.521846866E1
1.558994829E1,-2.251527924E1,-1.031654663E1,-3.858077087E0,2.506498937E1
1.559995029E1,-2.133992340E1,-7.884703674E0,-5.399721222E0,2.338199889E1
1.560995129E1,-1.924038940E1,-7.582033081E0,-6.217321014E0,2.159478851E1
1.561995229E1,-1.684896240E1,-9.207053833E0,-6.626420288E0,2.031174094E1
1.562995329E1,-1.455243805E1,-1.164683029E1,-7.556286621E0,2.011267204E1
1.563995429E1,-1.238928635E1,-1.392838577E1,-7.304061127E0,2.002108027E1
1.564995529E1,-1.084300186E1,-1.486828125E1,-7.347770233E0,1.981479760E1
1.565995629E1,-9.082512817E0,-1.469389389E1,-7.267088013E0,1.874068102E1
1.566995729E1,-7.327711945E0,-1.435454956E1,-7.770341492E0,1.789208379E1
1.567995929E1,-6.277944946E0,-1.471919128E1,-8.188422089E0,1.797546776E1
1.568996029E1,-6.149212646E0,-1.467293747E1,-8.505762177E0,1.804039635E1
1.569996129E1,-6.231840820E0,-1.501332962E1,-8.802145844E0,1.848549912E1
1.570996229E1,-6.615942078E0,-1.504775803E1,-8.580905914E0,1.854286001E1
1.571996329E1,-7.496261444E0,-1.476649292E1,-9.174272003E0,1.893173303E1
1.572996429E1,-8.277486877E0,-1.402882690E1,-1.033750305E1,1.929219383E1
1.573996529E1,-8.835526428E0,-1.346210541E1,-1.114178055E1,1.958147295E1
1.574996729E1,-9.357041931E0,-1.290780807E1,-1.252939499E1,2.027687061E1
1.575996829E1,-1.012748978E1,-1.182002014E1,-1.345731537E1,2.057615762E1
1.576996929E1,-1.128428421E1,-1.035097504E1,-1.344938187E1,2.038047171E1
1.577997029E1,-1.268192780E1,-8.640931091E0,-1.278626083E1,1.997462012E1
1.578997129E1,-1.382420242E1,-7.027885437E0,-1.184876038E1,1.951647685E1
1.579997229E1,-1.436532715E1,-6.164181519E0,-1.064646057E1,1.891314042E1
1.580997329E1,-1.442864548E1,-6.158044281E0,-9.141939240E0,1.815715762E1
1.581997429E1,-1.459285400E1,-6.682852936E0,-8.122858429E0,1.798868368E1
1.582997629E1,-1.510913040E1,-7.424111481E0,-7.010671234E0,1.823602928E1
1.583997729E1,-1.559501999E1,-8.200247498E0,-6.113437042E0,1.865000858E1
1.584997829E1,-1.587838074E1,-9.030720520E0,-5.869444427E0,1.918664290E1
1.585997929E1,-1.624062744E1,-9.800120544E0,-5.619464264E0,1.978329399E1
1.586998029E1,-1.653267014E1,-1.030681686E1,-4.994513855E0,2.011230530E1
1.587998129E1,-1.645962204E1,-1.066053131E1,-4.696184235E0,2.016482660E1
1.588998229E1,-1.590128311E1,-1.058912979E1,-4.829556885E0,1.970545848E1
1.589998329E1,-1.439751022E1,-1.009291168E1,-5.119204559E0,1.831287586E1
1.590998529E1,-1.215053284E1,-9.474098511E0,-6.162085876E0,1.659413430E1
1.591998629E1,-1.004141876E1,-8.835077362E0,-7.043003998E0,1.511597129E1
1.592998729E1,-8.490344238E0,-8.293353882E0,-7.758665771E0,1.417965297E1
1.593998829E1,-7.450157318E0,-7.909402313E0,-8.307574310E0,1.367769279E1
1.594998929E1,-6.795718231E0,-7.712861023E0,-8.716224518E0,1.347748423E1
1.595999029E1,-6.428980865E0,-7.581584015E0,-9.169931030E0,1.352404696E1
1.596999129E1,-6.114185486E0,-7.304061127E0,-9.555529175E0,1.349224633E1
1.597999329E1,-5.566624146E0,-6.785689087E0,-9.610764313E0,1.301536290E1
1.598999429E1,-4.910987549E0,-6.063740387E0,-9.372609558E0,1.219559577E1
1.599999529E1,-4.170327759E0,-5.353617096E0,-9.315578156E0,1.152531327E1
1.600999629E1,-3.558549957E0,-4.716392212E0,-9.125473480E0,1.087114987E1
1.601999729E1,-3.043770447E0,-4.182901611E0,-8.660540314E0,1.008792164E1
1.602999829E1,-2.643502808E0,-3.576512604E0,-8.036038971E0,9.184632374E0
1.603999929E1,-2.531685333E0,-2.861898651E0,-7.856562195E0,8.736444588E0
1.605000129E1,-2.575244751E0,-2.074985046E0,-7.740254059E0,8.417183696E0
1.606000229E1,-2.583777008E0,-9.651928711E-1,-7.444768524E0,7.939274481E0
1.607000329E1,-2.408042450E0,1.419049072E-1,-7.164850616E0,7.560019167E0
1.608000429E1,-1.998344421E0,1.079854431E0,-6.914870453E0,7.278385769E0
1.609000529E1,-1.354982300E0,1.659000092E0,-6.452032928E0,6.798307675E0
1.610000629E1,-6.499484253E-1,1.766775970E0,-5.882167969E0,6.176069162E0
1.611000729E1,-9.400451660E-2,1.864373016E0,-5.373376007E0,5.688399890E0
1.612000829E1,9.131011963E-2,2.093247070E0,-5.040917358E0,5.459017187E0
1.613001029E1,2.612068176E-1,2.720891876E0,-4.803960114E0,5.527161512E0
1.614001129E1,5.701643372E-1,3.201692047E0,-4.465813293E0,5.524437320E0
1.615001229E1,1.128652954E0,3.574866028E0,-4.094136200E0,5.551168871E0
1.616001329E1,1.753303986E0,3.938609619E0,-3.640878754E0,5.642935291E0
1.617001429E1,2.176174622E0,4.015549622E0,-3.069067841E0,5.502685904E0
1.618001529E1,2.422113190E0,3.869004364E0,-2.243684235E0,5.086250684E0
1.619001629E1,2.500849457E0,3.635639648E0,-1.216220856E0,4.577260843E0
1.620001829E1,2.331401825E0,3.645369415E0,-7.054829407E-1,4.384274036E0
1.621001929E1,2.058818665E0,3.881428528E0,-1.640289001E0,4.689858177E0
1.622002029E1,2.297871552E0,4.106111298E0,-2.792443085E0,5.471572172E0
1.623002129E1,3.038830719E0,4.198020172E0,-3.122357025E0,6.050370145E0
1.624002229E1,3.806584167E0,4.056264954E0,-3.218906250E0,6.426875278E0
1.625002329E1,4.327051849E0,3.745810547E0,-3.080893250E0,6.499721346E0
1.626002429E1,4.442461853E0,3.387306061E0,-3.632196808E0,6.663494827E0
1.627002629E1,4.369114380E0,2.991529083E0,-4.321064301E0,6.834471699E0
1.628002729E1,4.270768890E0,2.368973694E0,-4.557722168E0,6.680144807E0
1.629002829E1,4.142934723E0,1.472787323E0,-4.630470886E0,6.385473455E0
1.630002929E1,3.732637939E0,3.104544067E-1,-4.460723877E0,5.824691016E0
1.631003029E1,2.818339233E0,-8.220904541E-1,-4.290677490E0,5.198921241E0
1.632003129E1,1.572180634E0,-1.909579010E0,-4.284091187E0,4.946886014E0
1.633003229E1,4.152365112E-1,-2.529589691E0,-4.142186279E0,4.871237270E0
1.634003429E1,-3.700305176E-1,-3.331472168E0,-3.966451721E0,5.193107802E0
1.635003529E1,-1.071022797E0,-3.844006348E0,-3.970643005E0,5.629341037E0
1.636003629E1,-1.807491302E0,-4.612208862E0,-4.327500916E0,6.577747302E0
1.637003729E1,-2.382295990E0,-5.272934875E0,-4.914131012E0,7.591301600E0
1.638003829E1,-2.540516968E0,-6.063890076E0,-4.949457550E0,8.229345014E0
1.639003929E1,-2.185605011E0,-7.085216217E0,-4.179608459E0,8.511538344E0
1.640004029E1,-1.846560059E0,-8.021668854E0,-3.322041779E0,8.876537435E0
1.641004129E1,-1.980681152E0,-9.541009369E0,-2.946772156E0,1.018024674E1
1.642004329E1,-2.596500549E0,-1.078133011E1,-3.108885040E0,1.151712031E1
1.643004429E1,-3.479813690E0,-1.165162033E1,-3.300336914E0,1.260006283E1
1.644004529E1,-4.572391663E0,-1.241623032E1,-3.965403900E0,1.381281901E1
1.645004629E1,-5.901178436E0,-1.299313065E1,-4.999303894E0,1.512079331E1
1.646004729E1,-7.624993744E0,-1.398182465E1,-5.771548004E0,1.693938359E1
1.647004829E1,-9.915081482E0,-1.484657639E1,-6.852899323E0,1.912307246E1
1.648004883E1,-1.231713638E1,-1.531375488E1,-7.651488647E0,2.108952858E1
1.649005083E1,-1.468251755E1,-1.539503586E1,-8.040379944E0,2.274271664E1
1.650005183E1,-1.723111771E1,-1.660961014E1,-6.992558899E0,2.493364086E1
1.651005283E1,-2.069117249E1,-1.729084351E1,-8.392597504E0,2.824063705E1
1.652005383E1,-2.412533112E1,-1.512350052E1,-1.160416901E1,3.074749758E1
1.653005483E1,-2.652618851E1,-1.181044006E1,-1.143038040E1,3.120542849E1
1.654005583E1,-2.755320282E1,-9.126670990E0,-9.412576447E0,3.051346759E1
1.655005683E1,-2.757191391E1,-6.537056122E0,-5.172643433E0,2.880450971E1
1.656005883E1,-2.480955826E1,-6.977440338E0,-9.671388245E-1,2.579019605E1
1.657005983E1,-2.201427109E1,-9.352102203E0,-7.946974182E-1,2.393160026E1
1.658006083E1,-2.032114197E1,-1.091440338E1,-3.745211792E0,2.336877454E1
1.659006183E1,-1.854628281E1,-1.280018188E1,-7.436685333E0,2.373001372E1
1.660006283E1,-1.505643997E1,-1.392823608E1,-1.175146271E1,2.363871868E1
1.661006383E1,-1.072340057E1,-1.566312836E1,-1.389036484E1,2.352163143E1
1.662006483E1,-7.033423920E0,-1.675750259E1,-1.488085510E1,2.348878017E1
1.663006583E1,-3.992946625E0,-1.631741776E1,-1.416085236E1,2.197115118E1
1.664006783E1,-1.394350433E0,-1.487531662E1,-1.398541718E1,2.046487604E1
1.665006883E1,-9.377998352E-1,-1.345357315E1,-1.270692581E1,1.852954567E1
1.666006983E1,-1.865271149E0,-1.255454269E1,-1.025173141E1,1.631544592E1
1.667007083E1,-3.264411621E0,-1.206131836E1,-9.057365112E0,1.543268112E1
1.668007183E1,-4.614603882E0,-1.210098587E1,-8.433761902E0,1.545499168E1
1.669007283E1,-5.690117340E0,-1.248823059E1,-7.741002502E0,1.575615621E1
1.670007383E1,-5.862259369E0,-1.296483948E1,-6.684948578E0,1.572074060E1
1.671007583E1,-5.281916199E0,-1.311273193E1,-5.781577148E0,1.527314676E1
1.672007683E1,-4.669839020E0,-1.295406189E1,-4.833149414E0,1.459364414E1
1.673007783E1,-4.499942322E0,-1.233270401E1,-4.438569946E0,1.385806524E1
1.674007883E1,-4.431983643E0,-1.170760391E1,-3.977079620E0,1.313497738E1
1.675007983E1,-4.103416901E0,-1.143277542E1,-3.673361206E0,1.269015235E1
1.676008083E1,-3.660487976E0,-1.165685944E1,-3.398532715E0,1.268193868E1
1.677008183E1,-3.342249756E0,-1.193617859E1,-3.249442749E0,1.281412779E1
1.678008383E1,-3.087629242E0,-1.269465134E1,-2.924618225E0,1.338809242E1
1.679008483E1,-3.098107452E0,-1.298265244E1,-3.328029327E0,1.375584651E1
1.680008583E1,-3.136876831E0,-1.298789154E1,-3.766168213E0,1.388197918E1
1.681008683E1,-3.157384186E0,-1.274195297E1,-4.161795502E0,1.377123750E1
1.682008783E1,-3.005001068E0,-1.272878036E1,-4.559817810E0,1.385076963E1
1.683008883E1,-2.726280670E0,-1.242431351E1,-4.259991302E0,1.341430946E1
1.684008983E1,-2.514171753E0,-1.233494934E1,-4.035009155E0,1.321943016E1
1.685009183E1,-2.395019531E0,-1.171164551E1,-3.489543457E0,1.245293831E1
1.686009283E1,-2.467768250E0,-1.109627518E1,-3.399430847E0,1.186479385E1
1.687009383E1,-2.521207123E0,-1.025457550E1,-3.116219788E0,1.101016030E1
1.688009483E1,-2.742746429E0,-9.522298279E0,-3.001408539E0,1.035399805E1
1.689009583E1,-3.097658386E0,-8.821306000E0,-3.147355042E0,9.864926294E0
1.690009683E1,-3.382516022E0,-8.108188934E0,-3.173101501E0,9.340916206E0
1.691009783E1,-3.507506104E0,-7.634124756E0,-3.380719757E0,9.056032571E0
1.692009883E1,-3.640878754E0,-7.202572174E0,-3.696712646E0,8.876864785E0
1.693010083E1,-3.953428802E0,-6.764433289E0,-4.046385498E0,8.818185335E0
1.694010183E1,-4.403842163E0,-6.195466461E0,-4.503385162E0,8.835049994E0
1.695010283E1,-5.056484985E0,-5.444927216E0,-4.818629608E0,8.856323396E0
1.696010383E1,-5.935606842E0,-4.747826843E0,-5.232518921E0,9.227813532E0
1.697010483E1,-6.766977997E0,-4.161795502E0,-5.302722931E0,9.551513152E0
1.698010583E1,-7.363786926E0,-3.811523895E0,-5.289101257E0,9.835022339E0
1.699010683E1,-7.730673981E0,-3.771257629E0,-5.288951569E0,1.009746072E1
1.700010883E1,-8.129594421E0,-3.658991089E0,-5.315296783E0,1.037934975E1
1.701010983E1,-8.527616730E0,-3.628155212E0,-5.699996796E0,1.087996879E1
1.702011083E1,-9.000034332E0,-3.664529572E0,-6.007906494E0,1.142472474E1
1.703011183E1,-9.425749054E0,-3.811673584E0,-6.077960815E0,1.184547206E1
1.704011283E1,-9.575437775E0,-4.060755615E0,-6.214177551E0,1.211588822E1
1.705011383E1,-9.570947113E0,-4.444557495E0,-6.395001526E0,1.233909091E1
1.706011483E1,-9.411378937E0,-5.020410004E0,-6.962621155E0,1.273800076E1
1.707011683E1,-9.260792084E0,-5.720953217E0,-7.967930603E0,1.348997753E1
1.708011783E1,-9.041947174E0,-6.191275177E0,-8.544531555E0,1.389596044E1
1.709011883E1,-9.121731262E0,-6.248456268E0,-9.282646637E0,1.443664489E1
1.710011983E1,-9.455537109E0,-6.144572296E0,-1.001537292E1,1.508213001E1
1.711012083E1,-9.847721558E0,-6.110293579E0,-1.074136322E1,1.580158825E1
1.712012183E1,-1.007390121E1,-6.369704132E0,-1.126093277E1,1.639711021E1
1.713012383E1,-9.877808990E0,-6.849157104E0,-1.170071823E1,1.677464964E1
1.714012483E1,-9.594597931E0,-7.382198639E0,-1.225875778E1,1.722876399E1
1.715012583E1,-9.468260651E0,-7.867040405E0,-1.291499313E1,1.784195427E1
1.716012683E1,-9.275162201E0,-8.463849335E0,-1.357227631E1,1.848978268E1
1.717012783E1,-8.757837982E0,-9.391170959E0,-1.414513504E1,1.910441476E1
1.718012883E1,-8.068072357E0,-1.035845947E1,-1.457489136E1,1.961680230E1
1.719012983E1,-7.415728912E0,-1.115405502E1,-1.474987747E1,1.992397712E1
1.720013083E1,-6.884184265E0,-1.167826492E1,-1.449810104E1,1.984864727E1
1.721013283E1,-6.586603088E0,-1.183498901E1,-1.412163391E1,1.956708587E1
1.722013383E1,-6.559659119E0,-1.170101761E1,-1.410786255E1,1.946727322E1
1.723013483E1,-6.905140686E0,-1.145477966E1,-1.427865738E1,1.956458539E1
1.724013583E1,-7.664661255E0,-1.113998428E1,-1.418734726E1,1.959916080E1
1.725013683E1,-8.935368805E0,-1.076336746E1,-1.355102051E1,1.947616625E1
1.726013783E1,-1.000818787E1,-1.044887146E1,-1.312964676E1,1.953792116E1
1.727013883E1,-9.707912292E0,-1.048329987E1,-1.268043091E1,1.910331032E1
1.728014083E1,-8.524622955E0,-1.094000015E1,-1.240230927E1,1.860564632E1
1.729014183E1,-7.290888519E0,-1.185639450E1,-1.161120438E1,1.812598171E1
1.730014283E1,-6.815776520E0,-1.337648346E1,-1.010413834E1,1.809637342E1
1.731014383E1,-6.946005707E0,-1.555595123E1,-8.697962494E0,1.912822955E1
1.732014483E1,-7.153623962E0,-1.826367050E1,-7.682773590E0,2.106563567E1
1.733014583E1,-6.575226746E0,-2.074970078E1,-6.095474396E0,2.260394871E1
1.734014683E1,-4.947062531E0,-2.083696930E1,-4.394711151E0,2.186243818E1
1.735014883E1,-3.688180389E0,-1.796848434E1,-1.680555267E0,1.841991776E1
1.736014983E1,-3.769760742E0,-1.330957260E1,1.060544586E0,1.387373683E1
1.737015083E1,-4.499193878E0,-9.171577606E0,2.784659271E0,1.058843277E1
1.738015183E1,-4.906796265E0,-6.290069733E0,3.925736389E0,8.891177257E0
1.739015283E1,-4.707560577E0,-4.302053833E0,3.613036652E0,7.329585774E0
1.740015383E1,-3.618575134E0,-3.175496521E0,3.062631226E0,5.705924481E0
1.741015583E1,-1.404828644E0,-2.734214172E0,3.880231018E0,4.950319526E0
1.742015683E1,1.015637970E0,-3.015329590E0,4.694238281E0,5.670944019E0
1.743015783E1,2.266137543E0,-3.520079956E0,4.686454468E0,6.284043104E0
1.744015883E1,1.724863129E0,-3.984114990E0,3.933969269E0,5.858706280E0
1.745015983E1,-2.028282166E-1,-4.451443176E0,2.456990662E0,5.088544856E0
1.746016083E1,-2.434237976E0,-4.944966888E0,1.175655212E0,5.635634590E0
1.747016183E1,-4.280199280E0,-5.219795380E0,1.263372803E0,6.867494486E0
1.748016371E1,-5.464985504E0,-5.208718414E0,1.577868805E0,7.712748151E0
1.749016471E1,-6.330335999E0,-4.791985016E0,1.903292084E0,8.164483756E0
1.750016571E1,-7.250622253E0,-4.015100555E0,2.485730896E0,8.652826915E0
1.751016671E1,-8.328381042E0,-3.036286011E0,2.607427826E0,9.240110573E0
1.752016771E1,-9.589358826E0,-2.077380066E0,2.625390472E0,1.015696735E1
1.753016871E1,-1.092907288E1,-1.205592957E0,2.303260345E0,1.123401516E1
1.754016971E1,-1.202120178E1,-4.743635559E-1,1.805545349E0,1.216529108E1
1.755017171E1,-1.258373199E1,2.643502808E-1,1.387165375E0,1.266271771E1
1.756017271E1,-1.242176880E1,8.568182373E-1,1.435814209E0,1.253379591E1
1.757017371E1,-1.195758408E1,1.157991943E0,1.472937012E0,1.210348321E1
1.758017471E1,-1.119402191E1,9.641450500E-1,7.988887024E-1,1.126383262E1
1.759017571E1,-1.032013916E1,4.050576782E-1,2.453398132E-1,1.033099877E1
1.760017671E1,-9.487570496E0,-2.835104370E-1,5.044509888E-2,9.491939569E0
1.761017771E1,-8.943002930E0,-9.575587463E-1,-6.012995911E-1,9.014198875E0
1.762017971E1,-8.730145569E0,-1.285526733E0,-9.650431824E-1,8.876898613E0
1.763018071E1,-8.736432495E0,-1.347497864E0,-1.515897675E0,8.968776338E0
1.764018171E1,-8.949888611E0,-1.201102295E0,-1.624871063E0,9.175148982E0
1.765018271E1,-9.163793793E0,-1.050066376E0,-1.477427673E0,9.341335483E0
1.766018371E1,-9.402996368E0,-9.578581238E-1,-1.543889465E0,9.576921612E0
1.767018471E1,-9.601483612E0,-8.708889771E-1,-1.425785065E0,9.745757960E0
1.768018571E1,-9.665400696E0,-6.646179199E-1,-1.450184326E0,9.796158541E0
1.769018771E1,-9.739047546E0,-2.761756897E-1,-1.662442932E0,9.883776435E0
1.770018871E1,-1.012898666E1,2.760260010E-1,-2.545756073E0,1.044765214E1
1.771018971E1,-1.052895493E1,8.523275757E-1,-3.175197144E0,1.103028699E1
1.772019071E1,-1.045485901E1,1.310375061E0,-3.296295319E0,1.104023200E1
1.773019171E1,-1.014814682E1,1.668879547E0,-3.351380768E0,1.081673684E1
1.774019271E1,-9.979297943E0,1.914369049E0,-3.331472168E0,1.069345141E1
1.775019471E1,-9.867330780E0,1.944157104E0,-3.276087341E0,1.057717882E1
1.776019571E1,-9.734556885E0,1.673968964E0,-3.332519989E0,1.042446446E1
1.777019671E1,-9.567354584E0,1.271755371E0,-3.703598328E0,1.033771135E1
1.778019771E1,-9.338330841E0,9.943821716E-1,-4.117038574E0,1.025393707E1
1.779019871E1,-9.112749939E0,8.750802612E-1,-4.053420868E0,1.001190280E1
1.780019971E1,-8.931925964E0,8.267308044E-1,-3.737278290E0,9.717511732E0
1.781020071E1,-8.829239502E0,9.163943481E-1,-3.516487427E0,9.547823449E0
1.782020271E1,-8.870254211E0,1.218166809E0,-3.337908783E0,9.555468340E0
1.783020371E1,-9.032965851E0,1.521436157E0,-3.119213562E0,9.676710871E0
1.784020471E1,-9.303752747E0,1.556313629E0,-3.068768463E0,9.919640475E0
1.785020571E1,-9.469009094E0,1.458716583E0,-3.606749725E0,1.023712024E1
1.786020671E1,-9.366172943E0,1.274449768E0,-4.055067444E0,1.028557192E1
1.787020771E1,-8.962911530E0,9.261241150E-1,-4.283642120E0,9.977027552E0
1.788020871E1,-8.556506653E0,5.056484985E-1,-4.468058624E0,9.666076473E0
1.789021071E1,-8.454568634E0,3.173400879E-1,-4.597389679E0,9.628936981E0
1.790021171E1,-8.584199066E0,5.408253479E-1,-4.819527740E0,9.859452992E0
1.791021271E1,-8.747060394E0,1.052461395E0,-5.165458374E0,1.021277145E1
1.792021371E1,-8.891210632E0,1.513652344E0,-5.405259705E0,1.051482774E1
1.793021471E1,-8.825796661E0,1.848955078E0,-5.633684692E0,1.063257846E1
1.794021571E1,-8.569379883E0,1.949545898E0,-5.798941040E0,1.052913662E1
1.795021771E1,-8.310268707E0,1.863325195E0,-5.652695160E0,1.022181536E1
1.796021871E1,-8.145162048E0,1.773511963E0,-5.291945343E0,9.873889557E0
1.797021971E1,-8.257428589E0,1.938618622E0,-5.153782654E0,9.924960690E0
1.798022071E1,-8.698860626E0,2.220482483E0,-5.194647675E0,1.037232294E1
1.799022171E1,-9.094487915E0,2.366728363E0,-5.377866669E0,1.082739874E1
1.800022271E1,-9.239087219E0,2.243684235E0,-5.669909363E0,1.106990171E1
1.801022371E1,-8.993597717E0,1.973945160E0,-5.768703918E0,1.086550525E1
1.802022571E1,-8.536448364E0,1.664089508E0,-5.501509552E0,1.029110062E1
1.803022671E1,-8.114625549E0,1.281934204E0,-5.104684753E0,9.672037507E0
1.804022771E1,-7.853568420E0,9.533674622E-1,-4.828209686E0,9.268174320E0
1.805022871E1,-7.800129547E0,7.394622803E-1,-4.645439758E0,9.108728559E0
1.806022971E1,-7.886350250E0,7.062313843E-1,-4.723427582E0,9.219764160E0
1.807023071E1,-8.005053406E0,8.035290527E-1,-4.863386536E0,9.401014177E0
1.808023271E1,-8.048762512E0,8.804690552E-1,-4.636458435E0,9.330302812E0
1.809023371E1,-8.040230255E0,8.428971863E-1,-4.330045624E0,9.170881818E0
1.810023471E1,-8.027506714E0,7.559280396E-1,-3.618126068E0,8.837597382E0
1.811023571E1,-8.068671112E0,5.087919617E-1,-2.974763947E0,8.614612197E0
1.812023671E1,-8.249195709E0,3.351530457E-1,-2.414628754E0,8.601859650E0
1.813023771E1,-8.550519104E0,2.029779053E-1,-2.188449097E0,8.828470220E0
1.814023871E1,-8.744216309E0,8.262817383E-2,-1.933828583E0,8.955882941E0
1.815024071E1,-8.929381256E0,-1.221459961E-1,-1.632205811E0,9.078153175E0
1.816024171E1,-9.323212280E0,-3.716770935E-1,-1.437460785E0,9.440695133E0
1.817024271E1,-9.952952728E0,-5.739065552E-1,-1.273551636E0,1.005050101E1
1.818024371E1,-1.076112213E1,-7.246430969E-1,-9.912387085E-1,1.083094693E1
1.819024471E1,-1.166808609E1,-9.690847778E-1,-8.075706482E-1,1.173607808E1
1.820024571E1,-1.244167740E1,-1.344504089E0,-8.881031799E-1,1.254558707E1
1.821024671E1,-1.304896454E1,-1.524878998E0,-1.045426025E0,1.317928856E1
1.822024871E1,-1.357003098E1,-1.434766388E0,-1.227297821E0,1.370075017E1
1.823024971E1,-1.381522110E1,-1.335522766E0,-1.334025879E0,1.394358563E1
1.824025071E1,-1.379651001E1,-1.223705292E0,-1.410816193E0,1.392233980E1
1.825025171E1,-1.373259293E1,-1.154698792E0,-1.769320679E0,1.389416904E1
1.826025271E1,-1.370864273E1,-1.228495331E0,-2.469863892E0,1.398342998E1
1.827025371E1,-1.345252533E1,-1.779200134E0,-2.496059418E0,1.379732958E1
1.828025571E1,-1.217777618E1,-3.169359283E0,-2.502346344E0,1.282984054E1
1.829025671E1,-1.141092087E1,-4.139791260E0,-3.632795563E0,1.267060339E1
1.830025771E1,-1.129221771E1,-4.927752686E0,-3.706592102E0,1.286606981E1
1.831025871E1,-1.120090759E1,-5.796546021E0,-3.471880188E0,1.308106375E1
1.832025971E1,-1.125958557E1,-6.334377594E0,-3.792812805E0,1.346432455E1
1.833026071E1,-1.163275955E1,-6.301446075E0,-3.918701019E0,1.379802649E1
1.834026171E1,-1.190025330E1,-6.032305756E0,-4.242926788E0,1.400025603E1
1.835026371E1,-1.165087189E1,-5.629044342E0,-4.657564545E0,1.375215850E1
1.836026471E1,-1.085841980E1,-4.986430664E0,-4.887037354E0,1.290941151E1
1.837026571E1,-9.747130737E0,-4.227808228E0,-5.080584869E0,1.177681038E1
1.838026671E1,-8.578061829E0,-3.459755402E0,-5.414839783E0,1.071790754E1
1.839026771E1,-7.534881134E0,-2.695744171E0,-5.618865509E0,9.778196150E0
1.840026871E1,-6.983427887E0,-2.101479950E0,-5.564229126E0,9.173065398E0
1.841027071E1,-7.316934357E0,-1.864672394E0,-5.278173981E0,9.212689731E0
1.842027171E1,-8.391998749E0,-2.151625671E0,-4.831353149E0,9.919531707E0
1.843027271E1,-9.564809875E0,-2.773432617E0,-4.700225830E0,1.101224951E1
1.844027371E1,-1.040860519E1,-3.347488861E0,-5.048401794E0,1.204288605E1
1.845027471E1,-1.071262299E1,-3.586691437E0,-5.758525085E0,1.268011269E1
1.846027571E1,-1.008183472E1,-3.355572052E0,-6.523434448E0,1.246829788E1
1.847027671E1,-8.644373932E0,-2.750081177E0,-7.027735748E0,1.147506936E1
1.848027871E1,-7.010671234E0,-2.014810181E0,-7.071145477E0,1.015923568E1
1.849028021E1,-5.611979828E0,-1.395547943E0,-6.567442932E0,8.750610168E0
1.850028121E1,-4.970413971E0,-9.777667236E-1,-5.857020264E0,7.743754204E0
1.851028221E1,-5.279521179E0,-7.539820862E-1,-5.432053986E0,7.612426904E0
1.852028321E1,-6.243067474E0,-6.303392029E-1,-5.332660675E0,8.234712434E0
1.853028421E1,-7.260501709E0,-6.429130554E-1,-5.294490051E0,9.008876021E0
1.854028621E1,-7.715106354E0,-7.056326294E-1,-5.502257996E0,9.502401092E0
1.855028721E1,-7.411986694E0,-7.720944214E-1,-5.786217499E0,9.434722545E0
1.856028821E1,-6.612948303E0,-8.928932190E-1,-6.004014587E0,8.976443323E0
1.857028921E1,-5.706433411E0,-1.052311707E0,-6.087391205E0,8.409938994E0
1.858029021E1,-5.143454132E0,-1.060694275E0,-5.873186646E0,7.878738105E0
1.859029121E1,-4.886588287E0,-1.143771515E0,-5.774392090E0,7.650526935E0
1.860029221E1,-4.850513306E0,-1.052611084E0,-5.833968201E0,7.659677173E0
1.861029421E1,-5.096152496E0,-8.527766418E-1,-5.985902252E0,7.907529579E0
1.862029521E1,-5.674400024E0,-5.695655823E-1,-6.077661438E0,8.334337955E0
1.863029621E1,-6.398444366E0,-2.225871277E-1,-6.180647278E0,8.898878363E0
1.864029721E1,-7.018604736E0,1.134640503E-1,-6.360872498E0,9.472823521E0
1.865029821E1,-7.429200897E0,3.387455750E-1,-6.475084991E0,9.860755558E0
1.866029921E1,-7.617209930E0,3.923341370E-1,-6.408922577E0,9.962434532E0
1.867030121E1,-7.700885925E0,3.242257690E-1,-6.295757904E0,9.952152228E0
1.868030221E1,-7.745193787E0,2.168989563E-1,-6.123316498E0,9.875731714E0
1.869030321E1,-7.682623901E0,1.317260742E-1,-6.015540619E0,9.758421527E0
1.870030421E1,-7.645501099E0,1.215472412E-1,-6.023025055E0,9.733719309E0
1.871030521E1,-7.817044373E0,1.083746338E-1,-6.068829803E0,9.896899664E0
1.872030621E1,-8.149652710E0,6.481521606E-2,-6.138135681E0,1.020283049E1
1.873030821E1,-8.428522797E0,-2.409988403E-2,-6.367309113E0,1.056329507E1
1.874030921E1,-8.486901398E0,-1.586700439E-1,-6.790179749E0,1.087010637E1
1.875031021E1,-8.376880188E0,-2.869532776E-1,-7.192992096E0,1.104507126E1
1.876031121E1,-8.118367767E0,-3.492237854E-1,-7.445217590E0,1.102093995E1
1.877031221E1,-7.739804993E0,-3.067121887E-1,-7.570207672E0,1.083082166E1
1.878031321E1,-7.338190155E0,-2.603086853E-1,-7.687114563E0,1.063054682E1
1.879031421E1,-7.006330261E0,-3.177891541E-1,-7.751331024E0,1.045336244E1
1.880031621E1,-6.766079865E0,-4.571493530E-1,-8.095465393E0,1.056055785E1
1.881031721E1,-6.670279083E0,-5.114863586E-1,-8.891510010E0,1.112713762E1
1.882031821E1,-7.084318085E0,-4.194277954E-1,-9.617649994E0,1.195251747E1
1.883031921E1,-8.106991425E0,-2.776725769E-1,-9.887838135E0,1.278943920E1
1.884032021E1,-9.205856323E0,-1.871109009E-2,-9.708361359E0,1.337910389E1
1.885032121E1,-9.811796265E0,2.233355713E-1,-9.269324341E0,1.349968883E1
1.886032321E1,-9.877060547E0,3.037184143E-1,-8.655151520E0,1.313621779E1
1.887032421E1,-9.341923370E0,2.028282166E-1,-8.019273834E0,1.231346517E1
1.888032521E1,-8.529862061E0,3.248245239E-2,-7.354057159E0,1.126240465E1
1.889032621E1,-8.059689789E0,-1.228944397E-1,-6.791077881E0,1.054003991E1
1.890032721E1,-7.991581421E0,-1.764830017E-1,-6.555467834E0,1.033782755E1
1.891032821E1,-8.172555084E0,-1.715432739E-1,-6.401587830E0,1.038269765E1
1.892033021E1,-8.574020233E0,-2.309696960E-1,-6.322552185E0,1.065560116E1
1.893033121E1,-8.838969269E0,-2.484832764E-1,-6.311325531E0,1.086379085E1
1.894033221E1,-8.939709778E0,-2.516267395E-1,-6.502178650E0,1.105712685E1
1.895033321E1,-8.862470398E0,-2.671943665E-1,-6.841223602E0,1.119897829E1
1.896033421E1,-8.511450348E0,-3.188369751E-1,-7.164850616E0,1.113020792E1
1.897033521E1,-8.173004150E0,-4.140390015E-1,-7.381749573E0,1.102087346E1
1.898033621E1,-8.041876831E0,-4.263134766E-1,-7.541766815E0,1.103321226E1
1.899033821E1,-8.057145081E0,-4.095483398E-1,-7.568112030E0,1.106171941E1
1.900033921E1,-8.179740143E0,-4.293072510E-1,-7.488627319E0,1.109828783E1
1.901034021E1,-8.340056763E0,-4.505630493E-1,-7.492818604E0,1.122060090E1
1.902034121E1,-8.396190033E0,-4.721182251E-1,-7.730224915E0,1.142257764E1
1.903034221E1,-8.334518280E0,-4.538562012E-1,-7.996221771E0,1.155896808E1
1.904034321E1,-8.138725433E0,-4.135899353E-1,-8.082292786E0,1.147751563E1
1.905034521E1,-7.884404297E0,-3.457809448E-1,-8.146658936E0,1.134246214E1
1.906034621E1,-7.670349426E0,-2.559677124E-1,-8.216114502E0,1.124296746E1
1.907034721E1,-7.613767090E0,-1.640588379E-1,-8.316256256E0,1.127636833E1
1.908034821E1,-7.636819153E0,-1.053808594E-1,-8.421038361E0,1.136864103E1
1.909034921E1,-7.665409698E0,-1.104702759E-1,-8.566086731E0,1.149558835E1
1.910035021E1,-7.723788300E0,-1.207987976E-1,-8.751700745E0,1.167320710E1
1.911035221E1,-7.837252350E0,-1.163081360E-1,-8.890911255E0,1.185260962E1
1.912035321E1,-7.884104919E0,-9.385482788E-2,-8.964558105E0,1.193864402E1
1.913035421E1,-7.827821960E0,-6.316864014E-2,-9.129066010E0,1.202574876E1
1.914035521E1,-7.764952698E0,1.098715210E-1,-9.379195862E0,1.217685826E1
1.915035621E1,-7.670648804E0,3.269201660E-1,-9.676627350E0,1.235244295E1
1.916035721E1,-7.531887360E0,5.685177612E-1,-1.009859985E1,1.261087858E1
1.917035921E1,-7.428003387E0,9.027726746E-1,-1.057820251E1,1.295718338E1
1.918036021E1,-7.385042725E0,1.363065491E0,-1.123279129E1,1.351193560E1
1.919036121E1,-7.525151367E0,1.969005432E0,-1.215966385E1,1.443476049E1
1.920036221E1,-7.987988892E0,2.729573822E0,-1.290900558E1,1.542403854E1
1.921036321E1,-8.627908173E0,3.462449799E0,-1.312410828E1,1.608327007E1
1.922036421E1,-9.069489899E0,4.075874176E0,-1.274554550E1,1.616531248E1
1.923036521E1,-9.029822388E0,4.108805695E0,-1.215262848E1,1.568777727E1
1.924036721E1,-8.397836609E0,3.725452881E0,-1.126242966E1,1.453426918E1
1.925036821E1,-7.582182770E0,3.221900024E0,-1.034708313E1,1.322619615E1
1.926036921E1,-6.757098541E0,2.778671722E0,-9.640851746E0,1.209650444E1
1.927037021E1,-6.143823853E0,2.312091980E0,-9.166637878E0,1.127473241E1
1.928037121E1,-5.797444153E0,1.767225037E0,-8.827592926E0,1.070793350E1
1.929037221E1,-5.712271271E0,1.202150116E0,-8.668024750E0,1.045035220E1
1.930037421E1,-5.833070068E0,8.726852417E-1,-8.574918365E0,1.040747380E1
1.931037521E1,-5.831722870E0,6.914122009E-1,-8.452023926E0,1.029192649E1
1.932037621E1,-5.546715546E0,5.140310669E-1,-8.234825592E0,9.941963278E0
1.933037721E1,-5.081333313E0,3.936813354E-1,-8.013435974E0,9.496846284E0
1.934037821E1,-4.454736328E0,4.682263184E-1,-7.818990326E0,9.011133189E0
1.935037921E1,-3.742667084E0,7.789801025E-1,-7.722590790E0,8.617005014E0
1.936038121E1,-3.270399170E0,1.307381287E0,-7.905360718E0,8.654448835E0
1.937038221E1,-3.006947021E0,1.936972046E0,-8.172555084E0,8.921000376E0
1.938038321E1,-2.905757446E0,2.620750122E0,-8.625962219E0,9.472010438E0
1.939038421E1,-3.032543793E0,3.373085632E0,-9.130712585E0,1.019529013E1
1.940038521E1,-3.039130096E0,3.976031799E0,-9.254355469E0,1.052084767E1
1.941038621E1,-3.066373444E0,4.441414032E0,-9.436227264E0,1.087065728E1
1.942038821E1,-3.035687256E0,4.880600739E0,-9.517657928E0,1.111851938E1
1.943038921E1,-2.871778107E0,5.211113434E0,-9.162446594E0,1.092489086E1
1.944039021E1,-2.543959808E0,5.317242737E0,-8.540489960E0,1.037712728E1
1.945039121E1,-2.214794312E0,5.195396118E0,-7.837252350E0,9.660226657E0
1.946039221E1,-1.872605896E0,4.911885681E0,-7.162006531E0,8.884121303E0
1.947039321E1,-1.808988190E0,4.421355743E0,-6.350394287E0,7.946592508E0
1.948039521E1,-1.648072815E0,3.603007507E0,-6.429280243E0,7.552049493E0
1.949039542E1,-1.138532410E0,3.382366333E0,-6.156697083E0,7.116289555E0
1.950039642E1,-1.154549103E0,3.955225067E0,-6.310726776E0,7.536714231E0
1.951039742E1,-1.635199585E0,4.637506256E0,-6.446644135E0,8.107993744E0
1.952039842E1,-2.302362213E0,5.140160980E0,-6.294261017E0,8.446291992E0
1.953039942E1,-2.767894135E0,5.523663483E0,-5.605243835E0,8.342113321E0
1.954040142E1,-2.659070435E0,5.780229950E0,-4.576582947E0,7.837526735E0
1.955040242E1,-2.273621979E0,6.062243500E0,-3.509452057E0,7.364537113E0
1.956040342E1,-1.823208618E0,6.415209503E0,-2.825374603E0,7.243047997E0
1.957040442E1,-1.259480896E0,6.466702423E0,-2.501897278E0,7.047270560E0
1.958040542E1,-7.342231750E-1,6.263724518E0,-2.527344360E0,6.794173829E0
1.959040642E1,-7.649093628E-2,6.144721985E0,-2.990181885E0,6.834079809E0
1.960040842E1,9.407936096E-1,6.094576263E0,-3.272494812E0,6.981273146E0
1.961040942E1,2.018851776E0,6.052813110E0,-3.333418121E0,7.198887790E0
1.962041042E1,2.784509583E0,6.089337158E0,-3.168760529E0,7.407736762E0
1.963041142E1,3.174448700E0,6.228397980E0,-2.792892151E0,7.527968684E0
1.964041242E1,3.276087341E0,6.402186584E0,-2.084565125E0,7.487733508E0
1.965041342E1,3.100053406E0,6.369853821E0,-1.436712341E0,7.228382334E0
1.966041442E1,2.644400940E0,6.455326080E0,-1.271455994E0,7.090887919E0
1.967041642E1,1.919458466E0,6.874304810E0,-1.452579346E0,7.283568780E0
1.968041742E1,1.096020813E0,7.630981293E0,-1.609902191E0,7.875590275E0
1.969041842E1,2.562670898E-1,8.549920349E0,-2.158511353E0,8.821903539E0
1.970041942E1,-4.499642944E-1,9.375453644E0,-2.644550629E0,9.751679185E0
1.971042042E1,-8.252339172E-1,9.696236572E0,-2.037413177E0,9.942286816E0
1.972042142E1,-9.282197571E-1,9.260492706E0,-1.431772614E0,9.416384120E0
1.973042342E1,-7.506889343E-1,8.516240387E0,-9.153465271E-1,8.598124416E0
1.974042442E1,-5.054988098E-1,8.027806091E0,-4.778063965E-1,8.057884253E0
1.975042542E1,-5.507048035E-1,8.022117920E0,-3.180885315E-1,8.047287246E0
1.976042642E1,-8.524772644E-1,8.327782288E0,-2.073188782E-1,8.373867472E0
1.977042742E1,-1.317560120E0,8.599018250E0,-1.853146362E-1,8.701345933E0
1.978042842E1,-1.752705231E0,8.692873077E0,3.832031250E-2,8.867890753E0
1.979043042E1,-1.993404694E0,8.627608795E0,5.400769043E-1,8.871357216E0
1.980043142E1,-2.169588318E0,8.403824158E0,8.375083923E-1,8.719678563E0
1.981043242E1,-2.361938324E0,8.258626099E0,1.100661163E0,8.659971864E0
1.982043342E1,-2.515518951E0,8.279732208E0,1.356329498E0,8.759077049E0
1.983043442E1,-2.709515533E0,8.427774353E0,1.366508331E0,8.957466159E0
1.984043542E1,-2.929857330E0,8.677006073E0,1.139580231E0,9.228929595E0
1.985043742E1,-3.140169983E0,8.891510010E0,7.839198303E-1,9.462248574E0
1.986043842E1,-3.246299286E0,8.906478882E0,5.822891235E-1,9.497519979E0
1.987043942E1,-3.236719208E0,8.753047943E0,4.899311829E-1,9.345171592E0
1.988044042E1,-3.084785156E0,8.590785370E0,4.055067444E-1,9.136844557E0
1.989044142E1,-2.915786591E0,8.554261322E0,2.811154175E-1,9.041914846E0
1.990044242E1,-2.810256042E0,8.649463348E0,1.540296936E-1,9.095849624E0
1.991044442E1,-2.736609192E0,8.680149536E0,1.176553345E-1,9.102080455E0
1.992044542E1,-2.658172302E0,8.560997314E0,1.252894592E-1,8.965057304E0
1.993044642E1,-2.501448212E0,8.339458008E0,6.107299805E-2,8.706752146E0
1.994044742E1,-2.380200348E0,8.139473877E0,-3.457809448E-1,8.487399670E0
1.995044842E1,-2.267185364E0,8.114924927E0,-7.345225525E-1,8.457639116E0
1.996044942E1,-1.865271149E0,8.137827301E0,-9.360035706E-1,8.401164938E0
1.997045142E1,-1.206341400E0,8.107889557E0,-1.339564362E0,8.305875349E0
1.998045242E1,-4.712200928E-1,7.971223755E0,-1.613345032E0,8.146492418E0
1.999045342E1,9.984237671E-2,7.711364136E0,-1.787882080E0,7.916541395E0
2.000045442E1,4.242178345E-1,7.393425293E0,-1.890119476E0,7.642986979E0
2.001045542E1,5.480104065E-1,7.009324036E0,-1.833237762E0,7.265789671E0
2.002045642E1,4.938230896E-1,6.532116394E0,-1.840273132E0,6.804337663E0
2.003045842E1,2.564167786E-1,6.020180969E0,-2.030826874E0,6.358662301E0
2.004045942E1,-1.142124939E-1,5.541775818E0,-2.060764618E0,5.913634629E0
2.005046042E1,-5.522016907E-1,5.123545532E0,-2.003134460E0,5.528850983E0
2.006046142E1,-1.021326141E0,4.768932953E0,-1.922452240E0,5.242294461E0
2.007046242E1,-1.515149231E0,4.469256134E0,-1.794917450E0,5.048926246E0
2.008046342E1,-2.028880920E0,4.154760132E0,-1.549278259E0,4.876335988E0
2.009046542E1,-2.567610626E0,3.784430237E0,-1.423689423E0,4.789721090E0
2.010046642E1,-3.144061890E0,3.318748627E0,-1.319655762E0,4.758225398E0
2.011046742E1,-3.792663116E0,2.760709076E0,-1.055305481E0,4.808271808E0
2.012046842E1,-4.494553528E0,2.140997772E0,-8.056246948E-1,5.043204737E0
2.013046942E1,-5.030738525E0,1.438807983E0,-5.216651917E-1,5.258386929E0
2.014047042E1,-5.206922150E0,8.202941895E-1,-6.325845337E-1,5.308962613E0
2.015047242E1,-5.091212769E0,3.707789612E-1,-1.112785950E0,5.224578171E0
2.016047342E1,-4.750820618E0,2.754272461E-2,-1.369502106E0,4.944349417E0
2.017047442E1,-4.481231232E0,-2.588117981E-1,-1.654659119E0,4.783964224E0
2.018047542E1,-4.619842987E0,-5.038522339E-1,-1.804048462E0,4.985118569E0
2.019047642E1,-5.205425262E0,-7.235952759E-1,-1.798809357E0,5.554795891E0
2.020047742E1,-5.909261627E0,-9.487271118E-1,-2.200723572E0,6.376726460E0
2.021047942E1,-6.406677246E0,-1.244062958E0,-2.681523743E0,7.055761870E0
2.022048042E1,-6.455176392E0,-1.682351532E0,-3.334615631E0,7.457832817E0
2.023048142E1,-6.305787048E0,-2.387086029E0,-3.836372223E0,7.757504872E0
2.024048242E1,-6.567592621E0,-3.342549133E0,-3.700454865E0,8.246167216E0
2.025048342E1,-7.632029114E0,-4.372706909E0,-3.928879852E0,9.633510835E0
2.026048442E1,-8.692873077E0,-5.237458649E0,-4.442910919E0,1.107864942E1
2.027048642E1,-9.042396240E0,-5.954467621E0,-4.643942871E0,1.178078180E1
2.028048742E1,-8.848100281E0,-6.459667053E0,-5.283712463E0,1.216280372E1
2.029048842E1,-8.723110199E0,-6.918013916E0,-5.795647888E0,1.255153786E1
2.030048942E1,-9.380543060E0,-7.664062500E0,-6.018384705E0,1.352602664E1
2.031049042E1,-1.079390396E1,-8.618028717E0,-6.863377533E0,1.542351234E1
2.032049142E1,-1.199934723E1,-9.473350067E0,-7.068451080E0,1.684314983E1
2.033049342E1,-1.328217957E1,-1.049287994E1,-6.729855194E0,1.821559152E1
2.034049442E1,-1.426578415E1,-1.144849274E1,-6.185736694E0,1.930916678E1
2.035049542E1,-1.474239304E1,-1.251173172E1,-6.004164276E0,2.024676694E1
2.036049642E1,-1.476933701E1,-1.349982697E1,-6.288423157E0,2.097433931E1
2.037049742E1,-1.511107635E1,-1.408690613E1,-6.981631622E0,2.180662131E1
2.038049842E1,-1.608554993E1,-1.367705841E1,-7.284302216E0,2.233535095E1
2.039050042E1,-1.728994537E1,-1.171089706E1,-7.605384521E0,2.222451788E1
2.040050142E1,-1.785936127E1,-9.403146057E0,-8.025560760E0,2.172062536E1
2.041050242E1,-1.745729736E1,-7.981701965E0,-8.055797882E0,2.081731676E1
2.042050342E1,-1.703143295E1,-6.810986481E0,-7.969726868E0,1.999939478E1
2.043050442E1,-1.697425186E1,-5.933960266E0,-7.841892700E0,1.961714535E1
2.044050542E1,-1.628673157E1,-5.803282013E0,-6.995552673E0,1.865136629E1
2.045050742E1,-1.550311111E1,-5.857169952E0,-6.430627441E0,1.777655375E1
2.046050842E1,-1.476649292E1,-5.979016571E0,-6.170618134E0,1.708433436E1
2.047050942E1,-1.408735519E1,-6.235433350E0,-6.114035797E0,1.657454793E1
2.048051042E1,-1.323397980E1,-6.168672180E0,-6.186036072E0,1.585742035E1
2.049051208E1,-1.202209991E1,-5.867199097E0,-6.019731903E0,1.466942684E1
2.050051308E1,-1.067624863E1,-5.683081970E0,-5.780080261E0,1.340481381E1
2.051051508E1,-9.625733185E0,-5.547014923E0,-5.474116516E0,1.238507430E1
2.052051608E1,-8.753197632E0,-5.587580566E0,-5.103786621E0,1.157100528E1
2.053051708E1,-7.860454102E0,-5.656587067E0,-4.682861938E0,1.075699363E1
2.054051808E1,-7.131170654E0,-5.833070068E0,-4.342469788E0,1.018505499E1
2.055051908E1,-6.596931610E0,-6.125262451E0,-3.837120667E0,9.785797963E0
2.056052008E1,-6.273304596E0,-6.324647827E0,-3.304378510E0,9.501286125E0
2.057052208E1,-6.214027863E0,-6.602619781E0,-2.908451843E0,9.521965258E0
2.058052308E1,-6.302194519E0,-6.771318970E0,-2.586770782E0,9.605196480E0
2.059052408E1,-6.247707825E0,-6.718478851E0,-2.324665833E0,9.464453622E0
2.060052508E1,-6.187982025E0,-6.739135895E0,-2.185754700E0,9.406625206E0
2.061052608E1,-6.264173584E0,-6.735992432E0,-1.995949402E0,9.412612748E0
2.062052708E1,-6.214925995E0,-6.873406677E0,-1.811233521E0,9.441906128E0
2.063052908E1,-6.095025330E0,-6.876101074E0,-1.598525848E0,9.326595555E0
2.064053008E1,-6.021079102E0,-7.081923065E0,-1.639241180E0,9.438969197E0
2.065053108E1,-5.910459137E0,-7.290140076E0,-1.719624023E0,9.541319422E0
2.066053208E1,-5.726641388E0,-7.350015564E0,-1.706301727E0,9.472518987E0
2.067053308E1,-5.548661499E0,-7.191944275E0,-1.661395111E0,9.234280730E0
2.068053408E1,-5.577401733E0,-6.954537964E0,-1.574575653E0,9.052750790E0
2.069053608E1,-5.686075745E0,-6.646328888E0,-1.566043396E0,8.885810992E0
2.070053708E1,-5.888903961E0,-6.314768372E0,-1.547182617E0,8.772072931E0
2.071053808E1,-6.159241791E0,-6.104605408E0,-1.730251923E0,8.842863695E0
2.072053908E1,-6.414011993E0,-5.826483765E0,-1.951641541E0,8.882362727E0
2.073054008E1,-6.707401886E0,-5.462889862E0,-2.178719330E0,8.920718784E0
2.074054108E1,-7.082671509E0,-5.137765961E0,-2.479144592E0,9.094340695E0
2.075054308E1,-7.669002228E0,-4.873715057E0,-2.806364136E0,9.510119520E0
2.076054408E1,-8.413703613E0,-4.748275909E0,-3.080893250E0,1.014043568E1
2.077054508E1,-9.176217957E0,-4.944068756E0,-3.350482635E0,1.094863123E1
2.078054608E1,-9.761351166E0,-5.468128967E0,-3.873045959E0,1.183997027E1
2.079054708E1,-9.913883972E0,-6.262377319E0,-4.490062866E0,1.255639796E1
2.080054808E1,-9.751172333E0,-7.116950226E0,-4.788691864E0,1.298722111E1
2.081055008E1,-9.664951630E0,-7.801327057E0,-4.787793732E0,1.331145982E1
2.082055108E1,-1.003617966E1,-8.082592163E0,-4.615502014E0,1.368780687E1
2.083055208E1,-1.049347870E1,-8.100704498E0,-4.441563721E0,1.398077240E1
2.084055308E1,-1.063164139E1,-7.962691498E0,-4.473746796E0,1.401608593E1
2.085055408E1,-1.054766602E1,-7.759414215E0,-4.459825745E0,1.383299725E1
2.086055508E1,-1.023242157E1,-7.605085144E0,-4.137545929E0,1.340369567E1
2.087055708E1,-9.740245056E0,-7.456144867E0,-3.889511719E0,1.286836320E1
2.088055808E1,-9.347461853E0,-7.167545013E0,-3.866609344E0,1.239755671E1
2.089055908E1,-9.066196747E0,-6.755152588E0,-3.917503510E0,1.196556909E1
2.090056008E1,-8.694220276E0,-6.338718567E0,-3.853137360E0,1.142871326E1
2.091056108E1,-8.094118195E0,-6.011798401E0,-3.873045959E0,1.080078490E1
2.092056308E1,-7.501949615E0,-5.727988586E0,-4.060156860E0,1.027491971E1
2.093056408E1,-7.101831665E0,-5.453010406E0,-4.264032898E0,9.917323835E0
2.094056508E1,-6.699618073E0,-5.417683868E0,-4.343966675E0,9.649156817E0
2.095056608E1,-6.214776306E0,-5.719156952E0,-4.392615509E0,9.519835702E0
2.096056708E1,-5.922583923E0,-6.107000427E0,-4.461023254E0,9.605893140E0
2.097056808E1,-5.860463104E0,-6.357579346E0,-4.424499207E0,9.712879911E0
2.098057008E1,-5.719156952E0,-6.479575653E0,-4.218527527E0,9.617152977E0
2.099057108E1,-5.436095581E0,-6.542893982E0,-4.033811646E0,9.414469354E0
2.100057208E1,-5.194048920E0,-6.562203827E0,-4.000880127E0,9.276190222E0
2.101057308E1,-4.926255798E0,-6.526577911E0,-3.869453430E0,9.046374151E0
2.102057408E1,-4.618346100E0,-6.431824951E0,-3.574416962E0,8.687574432E0
2.103057508E1,-4.596192169E0,-6.150559845E0,-3.625311127E0,8.491009930E0
2.104057708E1,-5.037923584E0,-5.688470764E0,-3.683540039E0,8.444397012E0
2.105057808E1,-5.586832123E0,-5.147495728E0,-3.508703613E0,8.367819697E0
2.106057908E1,-5.924080811E0,-4.640649719E0,-3.339555359E0,8.233042771E0
2.107058008E1,-6.124963074E0,-4.224964142E0,-3.251837769E0,8.120341343E0
2.108058108E1,-6.276148682E0,-3.828738098E0,-3.330723724E0,8.071121250E0
2.109058208E1,-6.536756744E0,-3.413651276E0,-3.519181824E0,8.171098119E0
2.110058408E1,-6.885531464E0,-3.030448151E0,-3.651955719E0,8.362472129E0
2.111058508E1,-7.437433777E0,-2.645149384E0,-3.722908173E0,8.727673327E0
2.112058608E1,-7.965834961E0,-2.205363922E0,-3.713777161E0,9.061473250E0
2.113058708E1,-8.323890381E0,-1.635049896E0,-3.456911316E0,9.160282478E0
2.114058808E1,-8.505612488E0,-9.518705750E-1,-3.286116486E0,9.167882140E0
2.115058908E1,-8.482859802E0,-2.112107849E-1,-3.074157257E0,9.025184943E0
2.116059108E1,-8.158035278E0,4.887336731E-1,-2.826572113E0,8.647653446E0
2.117059208E1,-7.572902069E0,1.101559296E0,-2.667453003E0,8.104170787E0
2.118059308E1,-6.914720764E0,1.547332306E0,-2.555485840E0,7.532470271E0
2.119059408E1,-6.207740936E0,1.704206085E0,-2.329904938E0,6.846080845E0
2.120059508E1,-5.510790253E0,1.498683472E0,-2.337389374E0,6.170757688E0
2.121059608E1,-4.959037628E0,8.807684326E-1,-2.688259735E0,5.709163479E0
2.122059808E1,-4.575535126E0,-2.320175171E-2,-2.898572388E0,5.416436273E0
2.123059908E1,-4.437222748E0,-1.150208130E0,-2.924468536E0,5.437319255E0
2.124060008E1,-4.528682556E0,-2.323168945E0,-3.071612549E0,5.944819871E0
2.125060108E1,-4.593497772E0,-3.386258240E0,-3.061284027E0,6.475988461E0
2.126060208E1,-4.319567413E0,-4.400549011E0,-2.938239899E0,6.830574496E0
2.127060308E1,-3.746558990E0,-5.096002808E0,-2.926713867E0,6.969333034E0
2.128060508E1,-3.304827576E0,-5.170398102E0,-3.059936829E0,6.856975662E0
2.129060608E1,-3.407214661E0,-4.509372711E0,-3.519630890E0,6.658179601E0
2.130060708E1,-4.024081879E0,-3.396586761E0,-3.998634796E0,6.612043317E0
2.131060808E1,-4.893024902E0,-2.372266846E0,-4.267924805E0,6.912635157E0
2.132060908E1,-5.766458588E0,-1.675615540E0,-4.499942322E0,7.503946494E0
2.133061108E1,-6.603368225E0,-1.404678955E0,-4.794230347E0,8.280231851E0
2.134061208E1,-7.377707977E0,-1.571731567E0,-5.278473358E0,9.206693006E0
2.135061308E1,-7.965236206E0,-2.179617462E0,-5.820645905E0,1.010324893E1
2.136061408E1,-8.373587036E0,-3.147504730E0,-6.124514008E0,1.084128303E1
2.137061508E1,-8.733738098E0,-4.271667023E0,-6.318809967E0,1.159537320E1
2.138061608E1,-9.073381805E0,-5.247936859E0,-6.596931610E0,1.238493461E1
2.139061808E1,-9.450298004E0,-5.807473297E0,-7.012916565E0,1.312310471E1
2.140061908E1,-9.783954163E0,-5.802832947E0,-7.011868744E0,1.336281903E1
2.141062008E1,-9.731563110E0,-5.434449005E0,-6.819967804E0,1.306707762E1
2.142062108E1,-9.194629669E0,-4.948409729E0,-6.931186523E0,1.253272996E1
2.143062208E1,-8.671617279E0,-4.365671539E0,-7.425907745E0,1.222293500E1
2.144062308E1,-8.544082489E0,-3.726949768E0,-7.885152740E0,1.220930522E1
2.145062508E1,-8.581354980E0,-3.181633759E0,-8.134534149E0,1.224471692E1
2.146062608E1,-8.539142761E0,-2.878963165E0,-8.314160614E0,1.226094021E1
2.147062708E1,-8.372988281E0,-2.756817169E0,-8.619076538E0,1.232864364E1
2.148062808E1,-8.110733643E0,-2.845133514E0,-8.972790985E0,1.242536772E1
2.149062917E1,-7.673642578E0,-3.166515198E0,-9.215586090E0,1.240317040E1
2.150063017E1,-7.146588593E0,-3.629801788E0,-9.217681732E0,1.221535288E1
2.151063217E1,-6.720574493E0,-4.021088104E0,-9.307345276E0,1.216396100E1
2.152063317E1,-6.518345032E0,-4.281696167E0,-9.530980225E0,1.231508539E1
2.153063417E1,-6.533762970E0,-4.400549011E0,-9.739047546E0,1.252613018E1
2.154063517E1,-6.749464417E0,-4.335584106E0,-9.798773346E0,1.266366924E1
2.155063617E1,-7.075336761E0,-4.120481415E0,-9.837692413E0,1.279917768E1
2.156063717E1,-7.393125916E0,-3.833677826E0,-9.898765411E0,1.293603313E1
2.157063917E1,-7.534731445E0,-3.580105133E0,-9.822873230E0,1.288713192E1
2.158064017E1,-7.484436035E0,-3.451672211E0,-9.530082092E0,1.259973367E1
2.159064117E1,-7.355853424E0,-3.396437073E0,-9.123377838E0,1.220165512E1
2.160064217E1,-7.269033966E0,-3.362757111E0,-8.677604828E0,1.180880247E1
2.161064317E1,-7.225175171E0,-3.333118744E0,-8.310418396E0,1.150547221E1
2.162064417E1,-7.207362213E0,-3.292702789E0,-8.033793640E0,1.128405078E1
2.163064617E1,-7.109465790E0,-3.292553101E0,-7.822882233E0,1.107171604E1
2.164064717E1,-6.860982513E0,-3.332519989E0,-7.666906586E0,1.081481517E1
2.165064817E1,-6.550079041E0,-3.391647034E0,-7.569010162E0,1.056866689E1
2.166064917E1,-6.271807709E0,-3.459905090E0,-7.582931213E0,1.043107669E1
2.167065017E1,-5.988596649E0,-3.544928284E0,-7.702382813E0,1.038058319E1
2.168065217E1,-5.687872009E0,-3.698957977E0,-7.852670288E0,1.037779402E1
2.169065317E1,-5.456004181E0,-3.916605377E0,-7.970026245E0,1.042252837E1
2.170065417E1,-5.307213593E0,-4.103566589E0,-8.014483795E0,1.045168529E1
2.171065517E1,-5.205574951E0,-4.204606476E0,-8.243806915E0,1.061777183E1
2.172065617E1,-5.081033936E0,-4.133204956E0,-9.044491882E0,1.116705523E1
2.173065717E1,-4.893773346E0,-3.804638214E0,-9.436077576E0,1.128998891E1
2.174065917E1,-4.703069916E0,-3.486998749E0,-9.654623108E0,1.129113698E1
2.175066017E1,-4.588707733E0,-3.288810883E0,-1.012419662E1,1.159188824E1
2.176066117E1,-4.521048431E0,-3.140169983E0,-1.062176193E1,1.196337632E1
2.177066217E1,-4.484823761E0,-3.094514923E0,-1.116617981E1,1.242470275E1
2.178066317E1,-4.585863647E0,-3.069816284E0,-1.153920410E1,1.279090101E1
2.179066417E1,-4.817282410E0,-2.998115387E0,-1.162976578E1,1.294010656E1
2.180066617E1,-4.913681946E0,-2.882705383E0,-1.122635468E1,1.258909448E1
2.181066717E1,-4.856650543E0,-2.897823944E0,-1.050246002E1,1.192837393E1
2.182066817E1,-4.965773621E0,-3.081941071E0,-9.799222412E0,1.140973393E1
2.183066917E1,-5.520969086E0,-3.322939911E0,-9.092991028E0,1.114475281E1
2.184067017E1,-6.332581329E0,-3.433559875E0,-8.525970154E0,1.116167939E1
2.185067217E1,-7.256609802E0,-3.392096100E0,-8.027806091E0,1.134065132E1
2.186067317E1,-8.018525391E0,-3.237617340E0,-7.857759705E0,1.168431868E1
2.187067417E1,-8.440198517E0,-2.880310364E0,-7.994575195E0,1.197690992E1
2.188067517E1,-8.305478668E0,-2.993475037E0,-7.073690186E0,1.131277868E1
2.189067617E1,-7.501799927E0,-3.395688629E0,-6.757996674E0,1.065261576E1
2.190067717E1,-7.099286957E0,-2.985541534E0,-7.765252075E0,1.093674876E1
2.191067917E1,-7.341333618E0,-2.537972260E0,-8.072263641E0,1.120258554E1
2.192068017E1,-7.738158417E0,-2.592458954E0,-8.082592163E0,1.148600171E1
2.193068117E1,-7.964787140E0,-2.709665222E0,-8.013435974E0,1.161874674E1
2.194068217E1,-7.694299622E0,-2.859653320E0,-8.022566986E0,1.147786761E1
2.195068317E1,-6.969806213E0,-3.079995117E0,-7.918533325E0,1.098943759E1
2.196068417E1,-6.106251984E0,-3.013683014E0,-7.961793365E0,1.047658113E1
2.197068617E1,-5.416935425E0,-2.647843781E0,-8.497678986E0,1.041944405E1
2.198068717E1,-4.803960114E0,-2.232756958E0,-9.585017853E0,1.095152061E1
2.199068817E1,-4.227957916E0,-1.766626282E0,-1.096993790E1,1.188848746E1
2.200068917E1,-3.805386658E0,-1.312620392E0,-1.208661575E1,1.273931789E1
2.201069017E1,-3.483555908E0,-1.058748322E0,-1.243988113E1,1.296174187E1
2.202069217E1,-3.238216095E0,-1.094673615E0,-1.191327621E1,1.239397047E1
2.203069317E1,-3.043321381E0,-1.316512299E0,-1.079644867E1,1.129417166E1
2.204069417E1,-2.945874023E0,-1.507365417E0,-9.859996033E0,1.040047336E1
2.205069517E1,-3.161575470E0,-1.420845337E0,-9.413773956E0,1.003162504E1
2.206069617E1,-3.562591553E0,-1.141825562E0,-9.228010254E0,9.957509600E0
2.207069717E1,-3.885919189E0,-1.059945831E0,-9.175768890E0,1.002090754E1
2.208069917E1,-4.022285614E0,-1.144819336E0,-9.065448303E0,9.983573800E0
2.209070017E1,-4.034260712E0,-1.220412140E0,-8.855884094E0,9.807718816E0
2.210070117E1,-4.126319275E0,-1.178349609E0,-8.591084747E0,9.603215904E0
2.211070217E1,-4.382885742E0,-1.036744080E0,-8.558751984E0,9.671440494E0
2.212070317E1,-4.780908051E0,-7.270381165E-1,-8.606652374E0,9.872189793E0
2.213070517E1,-5.167104950E0,-3.772155762E-1,-8.617729340E0,1.005517400E1
2.214070617E1,-5.440436554E0,-1.862127686E-1,-8.589887238E0,1.016952250E1
2.215070717E1,-5.603896637E0,-8.322692871E-2,-8.450227661E0,1.013986843E1
2.216070817E1,-5.593568115E0,-3.203338623E-2,-8.195756836E0,9.922674061E0
2.217070917E1,-5.358556824E0,2.080673218E-2,-8.083789673E0,9.698567916E0
2.218071017E1,-4.937332764E0,1.474433899E-1,-8.287665710E0,9.648025565E0
2.219071217E1,-4.391567688E0,3.526666260E-1,-8.637039185E0,9.695807670E0
2.220071317E1,-3.905229034E0,5.813909912E-1,-8.849597168E0,9.690417913E0
2.221071417E1,-3.562591553E0,8.499325562E-1,-8.973539429E0,9.692205827E0
2.222071517E1,-3.402723999E0,1.059945831E0,-9.064400482E0,9.739885619E0
2.223071617E1,-3.418740692E0,1.255439301E0,-8.969497833E0,9.680692493E0
2.224071717E1,-3.546125793E0,1.493444366E0,-8.621022491E0,9.440731593E0
2.225071917E1,-3.701652374E0,1.622326355E0,-8.292006683E0,9.224508005E0
2.226072017E1,-3.757935333E0,1.629212036E0,-7.979756012E0,8.969554941E0
2.227072117E1,-3.636986847E0,1.666484528E0,-7.774532776E0,8.743466354E0
2.228072217E1,-3.428769836E0,1.710942078E0,-7.941735077E0,8.817876242E0
2.229072317E1,-3.201392670E0,1.844165039E0,-8.330626373E0,9.113133132E0
2.230072517E1,-2.926115112E0,2.098186798E0,-8.750652924E0,9.462476636E0
2.231072617E1,-2.717449036E0,2.490520935E0,-9.096583557E0,9.815042343E0
2.232072717E1,-2.509232025E0,2.946023712E0,-9.300459595E0,1.007342294E1
2.233072817E1,-2.169438629E0,3.448379059E0,-9.260492706E0,1.011704044E1
2.234072917E1,-1.821112976E0,4.060306549E0,-9.114995270E0,1.014325788E1
2.235073017E1,-1.566492462E0,4.637955322E0,-9.033714294E0,1.027484901E1
2.236073217E1,-1.506616974E0,5.213508453E0,-8.873397675E0,1.040133412E1
2.237073317E1,-1.535057831E0,5.800737305E0,-8.674311676E0,1.054744703E1
2.238073417E1,-1.660796356E0,6.193071442E0,-8.310568085E0,1.049656707E1
2.239073517E1,-1.749711456E0,6.324647827E0,-7.825876007E0,1.021307963E1
2.240073617E1,-1.691033478E0,6.256539459E0,-7.014563141E0,9.550286712E0
2.241073817E1,-1.544488220E0,5.940546570E0,-6.218219147E0,8.737378713E0
2.242073917E1,-1.444196777E0,5.559888153E0,-5.648653564E0,8.056385523E0
2.243074017E1,-1.599124603E0,5.237758026E0,-5.343138885E0,7.651172576E0
2.244074117E1,-2.054477692E0,4.974754944E0,-5.303022308E0,7.555865995E0
2.245074217E1,-2.752925262E0,4.830455017E0,-5.272485809E0,7.662310342E0
2.246074317E1,-3.579356689E0,4.801714783E0,-5.171595612E0,7.912879396E0
2.247074517E1,-4.320016479E0,4.859494629E0,-4.986280975E0,8.193914107E0
2.248074617E1,-4.843927002E0,5.038971405E0,-4.807552643E0,8.483361600E0
2.249074746E1,-5.218298492E0,5.327571259E0,-4.916825409E0,8.932459167E0
2.250074846E1,-5.540428619E0,5.800587616E0,-5.358107758E0,9.646371583E0
2.251074946E1,-5.804180145E0,6.456224213E0,-5.816155243E0,1.044983254E1
2.252075146E1,-6.058052216E0,7.082222443E0,-6.179300079E0,1.118220107E1
2.253075246E1,-6.323001251E0,7.471113739E0,-6.451284485E0,1.172249789E1
2.254075346E1,-6.436016235E0,7.520660706E0,-6.435866547E0,1.180690563E1
2.255075446E1,-6.333180084E0,7.280260620E0,-6.344406738E0,1.154828392E1
2.256075546E1,-5.970334625E0,6.967261505E0,-6.300997009E0,1.113059710E1
2.257075646E1,-5.357059937E0,6.768624573E0,-6.465055847E0,1.078467973E1
2.258075846E1,-4.564907227E0,6.684798889E0,-6.605164490E0,1.044763668E1
2.259075946E1,-3.737278290E0,6.666237488E0,-6.497987366E0,1.003144113E1
2.260076046E1,-2.863245850E0,6.714437256E0,-6.310427399E0,9.649007121E0
2.261076146E1,-2.077529755E0,6.788084106E0,-6.162834320E0,9.400784147E0
2.262076246E1,-1.627415771E0,6.934479675E0,-6.278693390E0,9.495129338E0
2.263076446E1,-1.524878998E0,7.203919373E0,-6.753206635E0,9.991371784E0
2.264076546E1,-1.569037170E0,7.532037048E0,-7.204667816E0,1.054043159E1
2.265076646E1,-1.722468109E0,7.820187836E0,-7.440128174E0,1.093058742E1
2.266076746E1,-1.763333130E0,7.854017487E0,-7.645950165E0,1.110204883E1
2.267076846E1,-1.727557526E0,7.717651062E0,-7.486232300E0,1.088991584E1
2.268076946E1,-1.673070831E0,7.517816620E0,-7.316634979E0,1.062308242E1
2.269077146E1,-1.740281067E0,7.283553772E0,-7.376211090E0,1.051129030E1
2.270077246E1,-2.122586060E0,7.016808472E0,-7.624245300E0,1.057686575E1
2.271077346E1,-2.767145691E0,6.767876129E0,-7.483986969E0,1.046285351E1
2.272077446E1,-3.292253723E0,6.553970947E0,-7.024741974E0,1.015580965E1
2.273077546E1,-3.577111359E0,6.482719116E0,-6.256090393E0,9.693298707E0
2.274077746E1,-3.674409027E0,6.692582703E0,-5.591322784E0,9.463341662E0
2.275077846E1,-3.897894287E0,7.298672333E0,-5.216202850E0,9.781256048E0
2.276077946E1,-4.185446320E0,8.010591888E0,-4.579127655E0,1.013192743E1
2.277078046E1,-3.579057312E0,8.172106018E0,-3.843557281E0,9.714211270E0
2.278078146E1,-2.666704559E0,8.314909058E0,-2.542612610E0,9.094718507E0
2.279078246E1,-2.389331360E0,8.471333771E0,-2.479443970E0,9.144399521E0
2.280078446E1,-2.374362488E0,8.239915009E0,-2.051334229E0,8.817129277E0
2.281078546E1,-2.368674316E0,7.922125854E0,-2.780168610E0,8.723533319E0
2.282078646E1,-1.966610413E0,7.796237640E0,-3.794758759E0,8.890954499E0
2.283078746E1,-1.106349335E0,7.565567322E0,-4.061953125E0,8.658018303E0
2.284078846E1,-2.103126526E-1,7.113208008E0,-4.470603333E0,8.404061740E0
2.285079046E1,4.465214539E-1,6.549180908E0,-4.756209412E0,8.106335790E0
2.286079146E1,6.027964783E-1,6.033503265E0,-4.628973999E0,7.628494316E0
2.287079246E1,2.341131592E-1,5.655539246E0,-4.557422791E0,7.267051371E0
2.288079346E1,-1.505868530E-1,5.520520020E0,-4.327500916E0,7.016130120E0
2.289079446E1,-3.400927734E-1,5.779331818E0,-3.734733582E0,6.889453845E0
2.290079546E1,-6.396199036E-1,6.607709198E0,-3.235671387E0,7.385154283E0
2.291079746E1,-1.035696259E0,7.790848846E0,-2.758314056E0,8.329363056E0
2.292079846E1,-1.210532684E0,8.886420593E0,-2.153421936E0,9.223398852E0
2.293079946E1,-1.311422882E0,9.637558594E0,-2.232756958E0,9.979357157E0
2.294080046E1,-1.453627167E0,9.870174866E0,-2.790646820E0,1.035958945E1
2.295080146E1,-1.535207520E0,9.614656219E0,-3.462150421E0,1.033368095E1
2.296080346E1,-1.320104828E0,9.135053558E0,-3.866309967E0,1.000700920E1
2.297080446E1,-1.042132874E0,8.715326385E0,-3.915707245E0,9.611228754E0
2.298080546E1,-9.138496399E-1,8.432714081E0,-3.557651825E0,9.197971213E0
2.299080646E1,-8.837622070E-1,8.247998199E0,-2.847378845E0,8.770295105E0
2.300080746E1,-7.003935242E-1,8.089627533E0,-2.007176056E0,8.364291986E0
2.301080946E1,-4.451742554E-1,8.067174225E0,-1.285526733E0,8.181079334E0
2.302081046E1,-2.453398132E-1,8.186326447E0,-1.146166534E0,8.269814390E0
2.303081146E1,-2.787203979E-1,8.321046295E0,-1.621128845E0,8.482072579E0
2.304081246E1,-4.810995483E-1,8.550070038E0,-2.206711121E0,8.843343734E0
2.305081346E1,-5.502557373E-1,9.016649780E0,-2.476450195E0,9.366726227E0
2.306081446E1,-5.824388123E-1,9.540111237E0,-2.421963501E0,9.859962707E0
2.307081646E1,-7.204518127E-1,9.779164124E0,-2.295326843E0,1.007073121E1
2.308081746E1,-7.788304138E-1,9.492210846E0,-1.945653992E0,9.720813393E0
2.309081846E1,-5.231620789E-1,9.044641571E0,-1.500030670E0,9.183100333E0
2.310081946E1,-2.630030823E-1,8.868907013E0,-1.701212311E0,9.034423366E0
2.311082046E1,-9.669891357E-2,9.050629120E0,-1.889071655E0,9.246179204E0
2.312082246E1,6.810836792E-2,9.438921661E0,-1.848506012E0,9.618464293E0
2.313082346E1,2.770738220E-1,9.964029694E0,-1.785037994E0,1.012645142E1
2.314082446E1,5.056484985E-1,1.034453842E1,-1.721270599E0,1.049894890E1
2.315082546E1,6.857240295E-1,1.063837738E1,-1.686842194E0,1.079308702E1
2.316082646E1,5.478607178E-1,1.064735870E1,-2.052681427E0,1.085725102E1
2.317082746E1,1.145118713E-1,1.023376877E1,-1.929487610E0,1.041470396E1
2.318082946E1,-2.219883728E-1,9.570647736E0,-1.526824951E0,9.694213292E0
2.319083046E1,-1.737886047E-1,9.320218506E0,-1.263522491E0,9.407080555E0
2.320083146E1,2.993774414E-4,9.585466919E0,-1.069076843E0,9.644900282E0
2.321083246E1,-6.810836792E-2,9.706565094E0,-9.529183960E-1,9.753465955E0
2.322083346E1,-4.218228149E-1,9.300010529E0,-6.578819275E-1,9.332788380E0
2.323083546E1,-8.295748901E-1,8.537346497E0,-1.372645569E-1,8.578654980E0
2.324083646E1,-1.085841980E0,7.884104919E0,3.752696228E-1,7.967370361E0
2.325083746E1,-1.190474396E0,7.701484680E0,7.478448486E-1,7.828752614E0
2.326083846E1,-1.233584747E0,8.255183258E0,1.023421783E0,8.409350397E0
2.327083946E1,-1.282982025E0,9.266330566E0,1.272054749E0,9.440818202E0
2.328084146E1,-1.441352692E0,1.032837204E1,1.242416382E0,1.050220763E1
2.329084246E1,-1.774260406E0,1.096275284E1,1.040635986E0,1.115405187E1
2.330084346E1,-2.181563416E0,1.069570816E1,8.030799866E-1,1.094542505E1
2.331084446E1,-2.455344086E0,9.523196411E0,4.432283020E-1,9.844614558E0
2.332084546E1,-2.379900970E0,8.279133453E0,3.222798157E-1,8.620431755E0
2.333084646E1,-2.008373566E0,7.533533936E0,4.333488464E-1,7.808680373E0
2.334084846E1,-1.666634216E0,7.460785217E0,4.617897034E-1,7.658605317E0
2.335084946E1,-1.604363708E0,8.051606598E0,4.206253052E-1,8.220661614E0
2.336085046E1,-1.844015350E0,8.929081879E0,3.517684937E-1,9.124288295E0
2.337085146E1,-2.362986145E0,9.682315521E0,-5.688171387E-3,9.966492348E0
2.338085246E1,-2.950514374E0,1.013497421E1,-3.245251465E-1,1.056070802E1
2.339085446E1,-3.178789673E0,1.007060806E1,-2.040257263E-1,1.056236134E1
2.340085546E1,-3.032244415E0,9.607770538E0,-1.622625732E-1,1.007621407E1
2.341085646E1,-2.770738220E0,9.187294922E0,-1.649569702E-1,9.597426169E0
2.342085746E1,-2.611469421E0,9.135053558E0,-1.321751404E-1,9.501918034E0
2.343085846E1,-2.697989502E0,9.500892792E0,-2.787203979E-1,9.880475507E0
2.344086046E1,-2.960543518E0,1.010189301E1,-6.580316162E-1,1.054732506E1
2.345086146E1,-3.133733368E0,1.063523392E1,-8.782237244E-1,1.112203948E1
2.346086246E1,-3.154839478E0,1.080123871E1,-1.064137115E0,1.130275000E1
2.347086346E1,-3.230432281E0,1.039228912E1,-1.181642761E0,1.094676416E1
2.348086446E1,-3.221900024E0,9.366322632E0,-1.042881317E0,9.959730963E0
2.349086479E1,-2.999761963E0,8.326135712E0,-7.776329041E-1,8.884133084E0
2.350086679E1,-2.650538177E0,7.706574097E0,-4.379891968E-1,8.161401318E0
2.351086779E1,-2.284399567E0,7.618706818E0,-2.356100464E-1,7.957304006E0
2.352086879E1,-2.147733765E0,8.005502472E0,-7.020401001E-2,8.288893699E0
2.353086979E1,-2.282154236E0,8.583300934E0,1.273851013E-1,8.882427024E0
2.354087079E1,-2.459086304E0,9.119635620E0,3.713777161E-1,9.452659980E0
2.355087279E1,-2.733166351E0,9.665101318E0,2.619552612E-2,1.004415591E1
2.356087379E1,-2.941982117E0,1.021865021E1,-3.348536682E-1,1.063899421E1
2.357087479E1,-2.851270752E0,1.043779449E1,-5.421725464E-1,1.083380127E1
2.358087579E1,-2.634521484E0,1.025068359E1,-8.382568359E-1,1.061696247E1
2.359087679E1,-2.479443970E0,9.846374359E0,-1.018032990E0,1.020466176E1
2.360087879E1,-2.397115173E0,9.321865082E0,-1.117126923E0,9.689752438E0
2.361087979E1,-2.427202606E0,8.672066345E0,-1.113384705E0,9.073900632E0
2.362088079E1,-2.606829071E0,8.049211578E0,-9.671388245E-1,8.515909954E0
2.363088179E1,-2.784359894E0,7.486531677E0,-7.346722412E-1,8.021256752E0
2.364088279E1,-2.851121063E0,7.214996338E0,-5.822891235E-1,7.779725194E0
2.365088479E1,-2.872825928E0,7.465575256E0,-4.436773682E-1,8.011541195E0
2.366088579E1,-2.899470520E0,8.115673370E0,-3.773652649E-1,8.626325295E0
2.367088679E1,-2.940634918E0,8.834179230E0,-2.667453003E-1,9.314569740E0
2.368088779E1,-3.050057373E0,9.411678314E0,-2.094145203E-1,9.895776529E0
2.369088879E1,-3.230132904E0,9.779912567E0,-2.201921082E-1,1.030188978E1
2.370088979E1,-3.358715515E0,9.829160156E0,-9.535171509E-2,1.038761047E1
2.371089179E1,-3.376827850E0,9.546248474E0,1.151106262E-1,1.012655305E1
2.372089279E1,-3.477867737E0,9.095835114E0,4.040098572E-1,9.746435470E0
2.373089379E1,-3.752396851E0,8.671168213E0,7.553292847E-1,9.478405068E0
2.374089479E1,-4.368216248E0,8.421188049E0,8.714877319E-1,9.526657977E0
2.375089579E1,-5.068609772E0,8.374485168E0,7.349716187E-1,9.816465257E0
2.376089779E1,-5.485642548E0,8.407865753E0,2.490820312E-1,1.004223693E1
2.377089879E1,-5.501210175E0,8.531658325E0,-1.700463867E-1,1.015290219E1
2.378089979E1,-5.236710205E0,8.556207275E0,-3.809577942E-1,1.003877211E1
2.379090079E1,-4.955894165E0,8.353678436E0,-4.215234375E-1,9.722268892E0
2.380090179E1,-4.711602173E0,7.965535583E0,-6.921606445E-1,9.280519303E0
2.381090379E1,-4.450844421E0,7.501350861E0,-9.997709656E-1,8.779511534E0
2.382090479E1,-4.267775116E0,7.077432404E0,-1.167871399E0,8.346728549E0
2.383090579E1,-4.251159668E0,6.815177765E0,-1.419647827E0,8.156862537E0
2.384090679E1,-4.440066833E0,6.769971771E0,-1.950593719E0,8.327756428E0
2.385090779E1,-4.736899567E0,6.966213684E0,-2.589165802E0,8.813065877E0
2.386090979E1,-4.962630157E0,7.258406067E0,-2.960992584E0,9.277911069E0
2.387091079E1,-5.058430939E0,7.545509033E0,-3.352129211E0,9.682933460E0
2.388091179E1,-5.017715607E0,7.824229431E0,-3.833378448E0,1.005439339E1
2.389091279E1,-4.817432098E0,7.947423248E0,-4.185146942E0,1.019238163E1
2.390091379E1,-4.570445709E0,7.938142548E0,-4.617597656E0,1.025793786E1
2.391091479E1,-4.346960449E0,7.852520599E0,-5.000501404E0,1.027439337E1
2.392091679E1,-4.122726746E0,7.808661804E0,-5.316344604E0,1.030706529E1
2.393091779E1,-3.960164795E0,7.924221497E0,-5.519472198E0,1.043746928E1
2.394091879E1,-3.818259888E0,8.186775513E0,-5.640720062E0,1.064988848E1
2.395091979E1,-3.648812256E0,8.456215210E0,-5.562133484E0,1.075912336E1
2.396092079E1,-3.555406494E0,8.542136536E0,-5.390590210E0,1.070829000E1
2.397092279E1,-3.609593811E0,8.421487427E0,-5.172344055E0,1.052158548E1
2.398092379E1,-3.709286499E0,8.177943878E0,-5.008434906E0,1.028212004E1
2.399092479E1,-3.853885803E0,7.883955231E0,-4.794230347E0,9.999691519E0
2.400092579E1,-4.129762115E0,7.623646545E0,-4.536017303E0,9.785212045E0
2.401092679E1,-4.436623993E0,7.465275879E0,-4.381239166E0,9.726727766E0
2.402092879E1,-4.503085785E0,7.424560547E0,-4.117936707E0,9.610373750E0
2.403092979E1,-4.357438660E0,7.335346069E0,-3.801644440E0,9.340614224E0
2.404093079E1,-4.270469513E0,7.178921356E0,-3.477867737E0,9.048170295E0
2.405093179E1,-4.312981110E0,6.943311310E0,-3.128494263E0,8.752077145E0
2.406093279E1,-4.365372162E0,6.683451691E0,-2.782264252E0,8.453756264E0
2.407093479E1,-4.504732361E0,6.515500946E0,-2.606230316E0,8.338872986E0
2.408093579E1,-4.700674896E0,6.451583862E0,-2.655178528E0,8.412446245E0
2.409093679E1,-4.814138947E0,6.552024994E0,-2.914888458E0,8.637218305E0
2.410093779E1,-4.902455292E0,6.778054962E0,-3.177891541E0,8.948468674E0
2.411093879E1,-4.966522064E0,7.029532013E0,-3.437601471E0,9.268104747E0
2.412094079E1,-5.033133545E0,7.175179138E0,-3.602708130E0,9.476029486E0
2.413094179E1,-5.188360748E0,7.276967468E0,-3.816763000E0,9.718077104E0
2.414094279E1,-5.407954102E0,7.382498016E0,-4.178410950E0,1.006013730E1
2.415094379E1,-5.620212708E0,7.464078369E0,-4.541106720E0,1.038849879E1
2.416094479E1,-5.767656097E0,7.447163544E0,-4.793182526E0,1.056885521E1
2.417094579E1,-5.747448120E0,7.301666107E0,-4.905449066E0,1.050765999E1
2.418094779E1,-5.602100372E0,7.055278473E0,-4.917873230E0,1.026381800E1
2.419094879E1,-5.469925232E0,6.760391693E0,-4.928052063E0,9.995432708E0
2.420094979E1,-5.417234802E0,6.423891449E0,-5.006638641E0,9.781576802E0
2.421095079E1,-5.455255737E0,6.104605408E0,-5.079986115E0,9.634951026E0
2.422095179E1,-5.586383057E0,5.853427734E0,-5.372028809E0,9.712311024E0
2.423095379E1,-5.777834930E0,5.703439636E0,-5.836363220E0,9.998786717E0
2.424095479E1,-5.936355286E0,5.659880219E0,-6.271957397E0,1.032530909E1
2.425095579E1,-5.928122406E0,5.651946716E0,-6.599027252E0,1.051828397E1
2.426095679E1,-5.839506683E0,5.623805237E0,-6.728807373E0,1.053583752E1
2.427095779E1,-5.793402557E0,5.607040100E0,-6.624324646E0,1.043475390E1
2.428095979E1,-5.790259094E0,5.662724304E0,-6.351442108E0,1.029244207E1
2.429096079E1,-5.893244934E0,5.798791351E0,-6.202950897E0,1.033600101E1
2.430096179E1,-6.151308289E0,5.950126648E0,-6.342909851E0,1.065246949E1
2.431096279E1,-6.529122620E0,5.817053375E0,-6.473438416E0,1.087993369E1
2.432096379E1,-6.787185974E0,5.249882812E0,-6.581813049E0,1.081422332E1
2.433096579E1,-6.896758118E0,4.562661896E0,-6.687343597E0,1.063502330E1
2.434096679E1,-6.935078430E0,4.058061218E0,-6.719676361E0,1.047459899E1
2.435096779E1,-6.850653992E0,3.738475800E0,-6.767427063E0,1.032984659E1
2.436096879E1,-6.735393677E0,3.699407043E0,-6.840175781E0,1.028781537E1
2.437096979E1,-6.746171265E0,3.828887787E0,-6.587950287E0,1.017704758E1
2.438097079E1,-6.930587769E0,4.161795502E0,-6.280639343E0,1.023718805E1
2.439097279E1,-7.239245911E0,4.735252991E0,-6.168672180E0,1.062458558E1
2.440097379E1,-7.549550629E0,5.451962585E0,-5.976621552E0,1.106524360E1
2.441097479E1,-7.960895233E0,6.106251984E0,-5.604645081E0,1.149235453E1
2.442097579E1,-8.426576843E0,6.747069397E0,-5.276228027E0,1.201535372E1
2.443097679E1,-9.037456512E0,7.447612610E0,-5.356012115E0,1.287747722E1
2.444097879E1,-9.660161591E0,7.856562195E0,-5.353168030E0,1.355362311E1
2.445097979E1,-9.909093933E0,7.520511017E0,-4.962779846E0,1.339318529E1
2.446098079E1,-9.149273987E0,6.749314728E0,-5.140160980E0,1.247732819E1
2.447098179E1,-7.942333832E0,6.311624908E0,-5.897885284E0,1.173466346E1
2.448098279E1,-7.001989288E0,5.955515442E0,-5.946833496E0,1.094809786E1
2.449098504E1,-6.611152039E0,5.367687836E0,-5.732329559E0,1.026542771E1
2.450098604E1,-6.575077057E0,4.626728668E0,-5.387297058E0,9.677873014E0
2.451098704E1,-6.532715149E0,3.686833191E0,-5.203329620E0,9.129279563E0
2.452098804E1,-6.306834869E0,2.687660980E0,-5.681435394E0,8.903841629E0
2.453098904E1,-5.906267853E0,1.868115234E0,-6.521338806E0,8.994538026E0
2.454099104E1,-5.389542389E0,1.134191437E0,-7.089706879E0,8.977611097E0
2.455099204E1,-4.909490662E0,6.017486572E-1,-7.616910553E0,9.081989120E0
2.456099304E1,-4.472998352E0,4.034111023E-1,-7.718549194E0,8.930087146E0
2.457099404E1,-4.050726471E0,6.237528992E-1,-7.264243927E0,8.340664989E0
2.458099504E1,-3.786825256E0,1.217418365E0,-6.698270874E0,7.790313582E0
2.459099704E1,-3.902983704E0,2.155966644E0,-6.332581329E0,7.744873159E0
2.460099804E1,-4.373904419E0,3.155288544E0,-6.099066925E0,8.141590939E0
2.461099904E1,-4.907245331E0,3.922592926E0,-5.799689484E0,8.550098836E0
2.462100004E1,-5.352419586E0,4.313729553E0,-5.811963959E0,9.001976624E0
2.463100104E1,-5.674549713E0,4.345463562E0,-5.709876251E0,9.148019175E0
2.464100304E1,-5.919739838E0,4.096830597E0,-5.352718964E0,8.971005573E0
2.465100404E1,-6.250851288E0,3.747906189E0,-4.906496887E0,8.785991938E0
2.466100504E1,-6.753655701E0,3.334615631E0,-4.404291229E0,8.725211055E0
2.467100604E1,-7.337741089E0,2.845732269E0,-4.123624878E0,8.885095304E0
2.468100704E1,-7.915988617E0,2.303709412E0,-4.032015381E0,9.177532395E0
2.469100804E1,-8.428522797E0,1.759141846E0,-4.053271179E0,9.516490100E0
2.470101004E1,-8.738977203E0,1.269659729E0,-4.016447754E0,9.701216983E0
2.471101104E1,-8.782835999E0,8.937913513E-1,-3.943549347E0,9.668953025E0
2.472101204E1,-8.634793854E0,6.935078430E-1,-3.878734131E0,9.491322167E0
2.473101304E1,-8.553512878E0,7.806266785E-1,-3.936813354E0,9.448304608E0
2.474101404E1,-8.769364014E0,1.136586456E0,-4.144132233E0,9.765623684E0
2.475101604E1,-9.113648071E0,1.551523590E0,-4.339925079E0,1.021277417E1
2.476101704E1,-9.289083252E0,1.950444031E0,-4.308640137E0,1.042380350E1
2.477101804E1,-9.368268585E0,2.257605286E0,-4.194727020E0,1.050985122E1
2.478101904E1,-9.299711151E0,2.383643188E0,-4.177512817E0,1.046986130E1
2.479102004E1,-9.099577332E0,2.352657623E0,-4.220323792E0,1.030283643E1
2.480102204E1,-8.882079620E0,2.240840149E0,-4.373155975E0,1.015072392E1
2.481102304E1,-8.848848724E0,2.179467773E0,-4.603227539E0,1.020989262E1
2.482102404E1,-9.103469238E0,2.132016449E0,-4.808001709E0,1.051358772E1
2.483102504E1,-9.403295746E0,2.027982788E0,-4.817731476E0,1.075849532E1
2.484102604E1,-9.429491272E0,1.768422546E0,-4.776118011E0,1.071699245E1
2.485102804E1,-9.110953674E0,1.485061798E0,-4.694088593E0,1.035612636E1
2.486102904E1,-8.739126892E0,1.303190002E0,-4.666845245E0,9.992501567E0
2.487103004E1,-8.518785095E0,1.218615875E0,-4.722978516E0,9.816376633E0
2.488103104E1,-8.676407318E0,1.260678406E0,-4.821473694E0,1.000579645E1
2.489103204E1,-9.145531769E0,1.148262177E0,-4.617597656E0,1.030929025E1
2.490103404E1,-9.489815826E0,7.155120850E-1,-4.542753296E0,1.054538617E1
2.491103504E1,-9.591304779E0,3.567082214E-1,-4.763544159E0,1.071502315E1
2.492103604E1,-9.752369843E0,3.885919189E-1,-5.032235413E0,1.098103431E1
2.493103704E1,-9.924811249E0,6.468049622E-1,-5.244943085E0,1.124409458E1
2.494103804E1,-1.008632538E1,1.039588165E0,-5.328619080E0,1.145464467E1
2.495104004E1,-1.023676254E1,1.451681213E0,-5.348677368E0,1.164074891E1
2.496104104E1,-1.029858398E1,1.780098267E0,-5.458848267E0,1.179103924E1
2.497104204E1,-1.023182281E1,1.933678894E0,-5.664370880E0,1.185387741E1
2.498104304E1,-9.952952728E0,1.852846985E0,-5.854325867E0,1.169476128E1
2.499104404E1,-9.559121704E0,1.615440674E0,-6.085445251E0,1.144635751E1
2.500104604E1,-9.155411224E0,1.326990509E0,-6.192921753E0,1.113259800E1
2.501104704E1,-8.843609619E0,1.018032990E0,-6.216123505E0,1.085753258E1
2.502104804E1,-8.673263855E0,7.801776123E-1,-6.242618408E0,1.071468467E1
2.503104904E1,-8.630452881E0,5.673202515E-1,-6.213878174E0,1.064982869E1
2.504105004E1,-8.479716339E0,3.987707520E-1,-6.162085876E0,1.048980027E1
2.505105204E1,-8.246800690E0,3.427871704E-1,-6.227350159E0,1.033958968E1
2.506105304E1,-8.130193176E0,4.962181091E-1,-6.383774872E0,1.034885767E1
2.507105404E1,-8.030350800E0,7.008425903E-1,-6.339317322E0,1.025498213E1
2.508105504E1,-8.007448425E0,8.366102600E-1,-6.061195679E0,1.007756122E1
2.509105604E1,-8.040679321E0,8.366102600E-1,-5.610033875E0,9.839965485E0
2.510105704E1,-8.049810333E0,7.241940308E-1,-5.434299316E0,9.739379470E0
2.511105904E1,-8.063132629E0,5.996530151E-1,-5.102289734E0,9.560703534E0
2.512106004E1,-7.959398346E0,4.537065125E-1,-4.584067383E0,9.196278889E0
2.513106104E1,-7.967780914E0,3.882925415E-1,-4.369563446E0,9.095569719E0
2.514106204E1,-8.144114227E0,5.236111450E-1,-4.237687683E0,9.195583836E0
2.515106304E1,-8.605305176E0,6.905140686E-1,-4.093537445E0,9.554325495E0
2.516106504E1,-9.295370178E0,7.744894409E-1,-3.942202148E0,1.012643562E1
2.517106604E1,-9.767488403E0,6.812333679E-1,-3.879033508E0,1.053161002E1
2.518106704E1,-9.919123077E0,7.134164429E-1,-4.052373047E0,1.073870071E1
2.519106804E1,-9.929451599E0,1.022224274E0,-4.332141266E0,1.088147046E1
2.520106904E1,-9.865085449E0,1.427581329E0,-4.578379211E0,1.096902254E1
2.521107104E1,-9.877359924E0,1.686842194E0,-4.812342682E0,1.111603876E1
2.522107204E1,-9.770631866E0,1.708846436E0,-5.147495728E0,1.117506669E1
2.523107304E1,-9.389674072E0,1.550475769E0,-5.186863861E0,1.083851978E1
2.524107404E1,-8.873846741E0,1.226549377E0,-4.932842102E0,1.022655908E1
2.525107504E1,-8.535849609E0,8.656498718E-1,-4.470753021E0,9.674590990E0
2.526107704E1,-8.605155487E0,4.843927002E-1,-3.937711487E0,9.475700977E0
2.527107804E1,-8.963809662E0,1.044827271E-1,-3.227438507E0,9.527704845E0
2.528107904E1,-9.349557495E0,-2.389031982E-1,-2.852917328E0,9.778058978E0
2.529108004E1,-9.585915985E0,-4.031117249E-1,-2.936593323E0,1.003373633E1
2.530108104E1,-9.442663879E0,-3.879931641E-1,-3.131188660E0,9.955841615E0
2.531108304E1,-8.863518219E0,-2.615061951E-1,-3.151995392E0,9.410920022E0
2.532108404E1,-8.153394928E0,-9.340576172E-2,-2.930007019E0,8.664381953E0
2.533108504E1,-7.696095886E0,6.631210327E-2,-2.684667206E0,8.151179497E0
2.534108604E1,-7.640860748E0,9.415420532E-2,-2.547252960E0,8.054819404E0
2.535108704E1,-8.086334381E0,-4.191284180E-3,-2.489173737E0,8.460780530E0
2.536108904E1,-8.679101715E0,-2.583627319E-1,-2.503244476E0,9.036580702E0
2.537109004E1,-9.045988770E0,-5.801934814E-1,-2.705024872E0,9.459582277E0
2.538109104E1,-9.121581573E0,-8.610095215E-1,-3.143313446E0,9.686330947E0
2.539109204E1,-8.928632812E0,-1.085093536E0,-3.426374817E0,9.624861364E0
2.540109304E1,-8.602311401E0,-1.295406189E0,-3.827390900E0,9.504039128E0
2.541109504E1,-8.386011200E0,-1.422042847E0,-4.486470337E0,9.616434151E0
2.542109604E1,-8.267158356E0,-1.506467285E0,-5.002746735E0,9.779715019E0
2.543109704E1,-8.224497070E0,-1.547182617E0,-5.494773560E0,1.001142660E1
2.544109804E1,-8.310568085E0,-1.477727051E0,-5.861510925E0,1.027650376E1
2.545109904E1,-8.726103973E0,-1.293460236E0,-6.030359802E0,1.068565250E1
2.546110104E1,-9.189839630E0,-1.083297272E0,-6.229445801E0,1.115493973E1
2.547110204E1,-9.382788391E0,-8.147557068E-1,-6.452931061E0,1.141669235E1
2.548110304E1,-9.213789825E0,-6.195616150E-1,-6.535858612E0,1.131349757E1
2.549110392E1,-8.693322144E0,-5.125341797E-1,-6.346951447E0,1.077591452E1
2.550110492E1,-8.095764771E0,-4.505630493E-1,-6.286327515E0,1.025974307E1
2.551110692E1,-7.768694916E0,-4.212240601E-1,-6.274502106E0,9.994970089E0
2.552110792E1,-7.893834686E0,-3.727249146E-1,-6.185437317E0,1.003549624E1
2.553110892E1,-8.345894623E0,-2.709365845E-1,-6.132746887E0,1.036040289E1
2.554110992E1,-8.842262421E0,-1.267863464E-1,-6.085594940E0,1.073480998E1
2.555111092E1,-9.060957642E0,8.292755127E-2,-5.964197388E0,1.084801737E1
2.556111292E1,-9.046288147E0,3.372486877E-1,-5.709576874E0,1.070272554E1
2.557111392E1,-9.050629120E0,6.418652344E-1,-5.474864960E0,1.059717060E1
2.558111492E1,-9.193581848E0,9.548643494E-1,-5.392236786E0,1.070093130E1
2.559111592E1,-9.429042206E0,1.199755096E0,-5.435496826E0,1.094946916E1
2.560111692E1,-9.654772797E0,1.253343658E0,-5.526806946E0,1.119513748E1
2.561111892E1,-9.749076691E0,1.082099762E0,-5.636828156E0,1.131323419E1
2.562111992E1,-9.695488129E0,7.940986633E-1,-5.846242676E0,1.134952141E1
2.563112092E1,-9.699978790E0,4.981640625E-1,-6.022126923E0,1.142820059E1
2.564112192E1,-9.767937469E0,1.704954529E-1,-6.083499298E0,1.150871995E1
2.565112292E1,-9.699380035E0,-1.892065430E-1,-6.190526733E0,1.150810121E1
2.566112492E1,-9.477691040E0,-4.257147217E-1,-6.292315063E0,1.138424742E1
2.567112592E1,-9.128766632E0,-4.797523499E-1,-6.425088959E0,1.117346458E1
2.568112692E1,-8.601413269E0,-4.559518433E-1,-6.548582153E0,1.082017239E1
2.569112792E1,-7.970625000E0,-4.463717651E-1,-6.652316437E0,1.039150733E1
2.570112892E1,-7.314090271E0,-4.206253052E-1,-6.863976288E0,1.003927351E1
2.571113092E1,-6.741979980E0,-4.017645264E-1,-7.200925598E0,9.872640896E0
2.572113192E1,-6.372697906E0,-4.001179504E-1,-7.662715302E0,9.974396161E0
2.573113292E1,-6.267616425E0,-3.721261597E-1,-8.083490295E0,1.023544376E1
2.574113392E1,-6.443051605E0,-3.926335144E-1,-7.979456635E0,1.026346936E1
2.575113492E1,-6.716532898E0,-3.737727356E-1,-7.745493164E0,1.025885883E1
2.576113692E1,-6.941365356E0,-1.052311707E-1,-7.633825378E0,1.031837761E1
2.577113792E1,-6.972350922E0,3.595523071E-1,-7.730973358E0,1.041685674E1
2.578113892E1,-6.908134460E0,7.837701416E-1,-7.955057373E0,1.056501563E1
2.579113992E1,-6.889573059E0,1.139729919E0,-8.126301270E0,1.071456829E1
2.580114092E1,-7.089706879E0,1.373094635E0,-8.259374542E0,1.097117133E1
2.581114292E1,-7.498057709E0,1.573527832E0,-8.504414978E0,1.144648127E1
2.582114392E1,-7.889344025E0,1.721719666E0,-8.679251404E0,1.185476582E1
2.583114492E1,-8.251441040E0,1.828597412E0,-8.876840515E0,1.225676733E1
2.584114592E1,-8.552914124E0,1.910028076E0,-9.007967834E0,1.256757860E1
2.585114692E1,-8.766220551E0,1.960024109E0,-9.046437836E0,1.274858246E1
2.586114892E1,-9.006620636E0,1.993105316E0,-9.087153168E0,1.294866931E1
2.587114992E1,-9.139544220E0,2.039808197E0,-9.152866516E0,1.309454281E1
2.588115092E1,-9.080267487E0,2.183359680E0,-9.276509399E0,1.316328013E1
2.589115192E1,-8.933273163E0,2.346520386E0,-9.473948822E0,1.323122192E1
2.590115292E1,-8.802744598E0,2.518063660E0,-9.511221313E0,1.320198045E1
2.591115492E1,-8.758436737E0,2.628384247E0,-9.523944855E0,1.320318687E1
2.592115592E1,-8.949140167E0,2.726879425E0,-9.422006836E0,1.327769536E1
2.593115692E1,-9.224118347E0,2.793041840E0,-8.844956818E0,1.308123477E1
2.594115792E1,-8.729995880E0,2.164349213E0,-7.999065857E0,1.203670595E1
2.595115892E1,-7.448810120E0,1.502874756E0,-7.763904877E0,1.086377576E1
2.596116092E1,-6.694977722E0,1.414109344E0,-7.472610626E0,1.013224267E1
2.597116192E1,-6.281836853E0,9.708810425E-1,-6.686894531E0,9.225976518E0
2.598116292E1,-5.733676758E0,3.891906738E-2,-5.908812561E0,8.233506527E0
2.599116392E1,-5.062173157E0,-7.939489746E-1,-5.611381073E0,7.598917659E0
2.600116492E1,-4.204756165E0,-1.445244598E0,-5.656587067E0,7.194837288E0
2.601116692E1,-3.185525665E0,-1.954485626E0,-5.731431427E0,6.842287193E0
2.602116792E1,-2.123633881E0,-2.412084045E0,-5.436993713E0,6.315763686E0
2.603116892E1,-1.507964172E0,-2.650238800E0,-5.227728882E0,6.052013789E0
2.604116992E1,-1.461410980E0,-2.318079529E0,-5.600753174E0,6.235194533E0
2.605117092E1,-1.478774872E0,-1.274749146E0,-6.368057556E0,6.660624411E0
2.606117292E1,-1.372795258E0,1.791773987E-1,-7.014114075E0,7.149438273E0
2.607117392E1,-1.121467896E0,1.738185425E0,-7.581134949E0,7.858281359E0
2.608117492E1,-8.068222046E-1,3.031196594E0,-8.250393219E0,8.826556697E0
2.609117592E1,-5.180726624E-1,3.982019348E0,-8.605305176E0,9.496112602E0
2.610117692E1,-1.200503540E-1,4.546495514E0,-8.612639923E0,9.739743323E0
2.611117892E1,2.248324585E-1,4.244573364E0,-8.908275146E0,9.870375817E0
2.612117992E1,3.411405945E-1,3.992198181E0,-9.302555237E0,1.012874904E1
2.613118092E1,4.248165894E-1,3.865860901E0,-9.933792572E0,1.066797003E1
2.614118192E1,5.525010681E-1,3.797303467E0,-1.039004379E1,1.107600023E1
2.615118292E1,4.598437500E-1,3.911515961E0,-1.013198044E1,1.087053085E1
2.616118492E1,-7.484436035E-2,4.094285889E0,-9.630523224E0,1.046497760E1
2.617118592E1,-9.006770325E-1,4.091441803E0,-9.180558929E0,1.009127234E1
2.618118692E1,-1.748214569E0,4.127965851E0,-8.836125183E0,9.908252343E0
2.619118792E1,-2.503244476E0,4.240232391E0,-8.817114716E0,1.009887694E1
2.620118892E1,-3.088078308E0,4.473896484E0,-9.032816162E0,1.054247339E1
2.621119092E1,-3.487747192E0,4.776866455E0,-9.114695892E0,1.086556555E1
2.622119192E1,-3.712280273E0,4.954397278E0,-9.029972076E0,1.094840047E1
2.623119292E1,-3.928879852E0,4.981790314E0,-8.842711487E0,1.088337623E1
2.624119392E1,-4.160597992E0,4.950205994E0,-8.733588409E0,1.086695365E1
2.625119492E1,-4.430486755E0,4.915927277E0,-8.645122375E0,1.088731807E1
2.626119692E1,-4.606071625E0,4.857698364E0,-8.466244354E0,1.079307290E1
2.627119792E1,-4.653522949E0,4.768034821E0,-8.246651001E0,1.060173027E1
2.628119892E1,-4.589605865E0,4.788691864E0,-8.145611115E0,1.050461956E1
2.629119992E1,-4.383933563E0,4.806055756E0,-8.036937103E0,1.033970035E1
2.630120092E1,-4.042194214E0,4.715194702E0,-7.907755737E0,1.005509801E1
2.631120292E1,-3.707190857E0,4.459975433E0,-7.914641418E0,9.812043299E0
2.632120392E1,-3.484304352E0,4.160448303E0,-8.015681305E0,9.679920128E0
2.633120492E1,-3.475472717E0,3.952231293E0,-8.013435974E0,9.587189312E0
2.634120592E1,-3.505260773E0,3.901486816E0,-7.852520599E0,9.443014997E0
2.635120692E1,-3.562890930E0,4.005670166E0,-7.728728027E0,9.405999265E0
2.636120892E1,-3.707639923E0,4.136498108E0,-7.707771606E0,9.500892249E0
2.637120992E1,-3.806883545E0,4.223616943E0,-7.726333008E0,9.593097735E0
2.638121092E1,-3.838168488E0,4.220772858E0,-7.789501648E0,9.655195326E0
2.639121192E1,-3.781586151E0,4.118385773E0,-7.904612274E0,9.682168682E0
2.640121292E1,-3.754492493E0,3.926933899E0,-8.005801849E0,9.675220255E0
2.641121492E1,-3.844904480E0,3.652255096E0,-7.999365234E0,9.597504983E0
2.642121592E1,-4.025728455E0,3.219355316E0,-7.804470520E0,9.353101001E0
2.643121692E1,-4.352199554E0,2.857258301E0,-7.652536469E0,9.255640462E0
2.644121792E1,-4.876858521E0,2.703977051E0,-7.514822845E0,9.357767005E0
2.645121992E1,-5.429060211E0,2.733166351E0,-7.471562805E0,9.631673989E0
2.646122092E1,-5.823190613E0,2.854414215E0,-7.420968018E0,9.855353659E0
2.647122192E1,-6.020480347E0,3.043620758E0,-7.390880585E0,1.000674406E1
2.648122292E1,-6.095324707E0,3.238814850E0,-7.374414825E0,1.010073754E1
2.649122354E1,-6.146518250E0,3.350782013E0,-7.347021790E0,1.014820949E1
2.650122554E1,-6.328240356E0,3.310066681E0,-7.232360229E0,1.016416263E1
2.651122654E1,-6.719975739E0,3.168910217E0,-7.067852325E0,1.025449182E1
2.652122754E1,-7.295678558E0,3.042123871E0,-6.904392242E0,1.049533589E1
2.653122854E1,-7.776778107E0,2.987786865E0,-6.794969788E0,1.075066335E1
2.654122954E1,-7.920628967E0,2.942131805E0,-6.700965271E0,1.078403627E1
2.655123154E1,-7.912994843E0,2.972219238E0,-6.568939819E0,1.070516440E1
2.656123254E1,-7.964487762E0,3.031645660E0,-6.283633118E0,1.058810587E1
2.657123354E1,-8.208779755E0,3.003953247E0,-5.809868317E0,1.049582631E1
2.658123454E1,-8.496930542E0,2.869682465E0,-5.277575226E0,1.040604182E1
2.659123554E1,-8.649762726E0,2.731370087E0,-4.899012451E0,1.030917556E1
2.660123754E1,-8.533155212E0,2.716251526E0,-4.768184509E0,1.014536070E1
2.661123854E1,-8.248746643E0,2.783761139E0,-4.846471710E0,9.963906628E0
2.662123954E1,-7.989186401E0,2.839295654E0,-4.979994049E0,9.833058522E0
2.663124054E1,-7.883955231E0,2.763104095E0,-5.036426697E0,9.754849471E0
2.664124154E1,-7.884104919E0,2.576891327E0,-5.178331604E0,9.778271703E0
2.665124354E1,-7.957452393E0,2.439926147E0,-5.582341461E0,1.002181742E1
2.666124454E1,-8.115074615E0,2.365830231E0,-6.048172760E0,1.039384349E1
2.667124554E1,-8.233179016E0,2.188748474E0,-6.275100861E0,1.058077253E1
2.668124654E1,-8.029752045E0,1.917362823E0,-6.272256775E0,1.036795077E1
2.669124754E1,-7.597900085E0,1.710193634E0,-6.129154358E0,9.910569162E0
2.670124954E1,-7.097490692E0,1.623673553E0,-6.087091827E0,9.490172646E0
2.671125054E1,-6.733896790E0,1.800755310E0,-6.375991058E0,9.446763871E0
2.672125154E1,-6.654262390E0,2.263293457E0,-6.682703247E0,9.698465235E0
2.673125254E1,-6.853049011E0,2.759810944E0,-7.008126526E0,1.018305821E1
2.674125354E1,-7.011868744E0,3.185525665E0,-7.499554596E0,1.074975331E1
2.675125554E1,-6.989565125E0,3.469634857E0,-7.853718109E0,1.107128153E1
2.676125654E1,-6.947203217E0,3.547772369E0,-7.812404022E0,1.104010770E1
2.677125754E1,-7.098987579E0,3.557951202E0,-7.530689850E0,1.094376220E1
2.678125854E1,-7.665110321E0,3.669918365E0,-7.144343262E0,1.110242576E1
2.679125954E1,-8.332871704E0,3.691174164E0,-6.808591461E0,1.137622236E1
2.680126154E1,-8.634195099E0,3.434607697E0,-6.643784180E0,1.142303477E1
2.681126254E1,-8.647816772E0,3.068918152E0,-6.528224487E0,1.126147009E1
2.682126354E1,-8.509803772E0,2.807262268E0,-6.557264099E0,1.110383691E1
2.683126454E1,-8.265661469E0,2.702180786E0,-6.613097992E0,1.092501742E1
2.684126554E1,-8.076305237E0,2.638712769E0,-6.195017395E0,1.051512016E1
2.685126754E1,-8.112529907E0,2.661914520E0,-5.833519135E0,1.034064195E1
2.686126854E1,-8.313412170E0,2.800675964E0,-5.818400574E0,1.052665156E1
2.687126954E1,-8.531658325E0,2.972817993E0,-5.967789917E0,1.082780481E1
2.688127054E1,-8.674311676E0,3.109334106E0,-6.107449493E0,1.105497992E1
2.689127254E1,-8.583300934E0,3.200793915E0,-6.080804901E0,1.099519553E1
2.690127354E1,-8.253087616E0,3.264561310E0,-5.863756256E0,1.063740820E1
2.691127454E1,-7.824977875E0,3.384761353E0,-5.676795044E0,1.024269936E1
2.692127554E1,-7.513325958E0,3.612587585E0,-5.714516602E0,1.010725264E1
2.693127654E1,-7.401059418E0,3.758384399E0,-5.906567230E0,1.018767246E1
2.694127854E1,-7.362739105E0,3.649261322E0,-6.049070892E0,1.020383722E1
2.695127954E1,-7.208260345E0,3.289259949E0,-6.239175568E0,1.008491745E1
2.696128054E1,-6.958729248E0,2.976260834E0,-6.358178101E0,9.884759484E0
2.697128154E1,-6.647227020E0,2.812351685E0,-6.361321564E0,9.620881513E0
2.698128254E1,-6.330335999E0,2.796035614E0,-6.213429108E0,9.300412372E0
2.699128454E1,-6.046526184E0,2.921325073E0,-6.094127197E0,9.068241581E0
2.700128554E1,-5.915249176E0,3.096610565E0,-6.093678131E0,9.039473600E0
2.701128654E1,-5.922134857E0,3.170706482E0,-6.172115021E0,9.122503203E0
2.702128754E1,-6.079457703E0,3.169658661E0,-6.508764954E0,9.453600542E0
2.703128854E1,-6.370602264E0,3.187321930E0,-6.879094849E0,9.902804665E0
2.704129054E1,-6.550228729E0,3.231629791E0,-7.076534271E0,1.016987044E1
2.705129154E1,-6.638545074E0,3.336112518E0,-7.250472565E0,1.038119838E1
2.706129254E1,-6.701564026E0,3.500620422E0,-7.362739105E0,1.055344640E1
2.707129354E1,-6.880741425E0,3.714824982E0,-7.372468872E0,1.074699141E1
2.708129454E1,-7.247179413E0,4.055516510E0,-7.247478790E0,1.102246671E1
2.709129654E1,-7.783514099E0,4.459975433E0,-7.108567657E0,1.144579428E1
2.710129754E1,-8.360115051E0,4.813989258E0,-7.089108124E0,1.197169454E1
2.711129854E1,-8.754993896E0,5.091512146E0,-7.263345795E0,1.246312987E1
2.712129954E1,-8.891510010E0,5.404660950E0,-8.051307220E0,1.315647590E1
2.713130154E1,-8.893455963E0,5.860163727E0,-9.088650055E0,1.400137985E1
2.714130254E1,-8.986113281E0,6.508914642E0,-1.018272491E1,1.506001622E1
2.715130354E1,-9.165140991E0,7.235054626E0,-1.098520615E1,1.603186137E1
2.716130454E1,-9.281000061E0,7.801476746E0,-1.102786743E1,1.638944360E1
2.717130554E1,-8.987460480E0,7.839347992E0,-1.009575577E1,1.562543143E1
2.718130754E1,-8.176746368E0,7.138954468E0,-8.505762177E0,1.379028072E1
2.719130854E1,-7.181166687E0,6.111042023E0,-6.997498627E0,1.174218790E1
2.720130954E1,-6.503226471E0,5.120551758E0,-6.045178986E0,1.024969238E1
2.721131054E1,-6.244115295E0,4.136797485E0,-5.281916199E0,9.165190014E0
2.722131154E1,-6.106251984E0,3.176694031E0,-4.564907227E0,8.259302406E0
2.723131354E1,-5.804629211E0,2.345023499E0,-4.214186554E0,7.546669716E0
2.724131454E1,-5.372178497E0,2.040556641E0,-4.312082977E0,7.184582995E0
2.725131554E1,-5.030439148E0,2.425406342E0,-4.566703491E0,7.214062290E0
2.726131654E1,-5.097948761E0,3.260519714E0,-4.799319763E0,7.723570455E0
2.727131754E1,-5.566624146E0,4.031566315E0,-5.077890472E0,8.545513617E0
2.728131954E1,-6.130950623E0,4.719086609E0,-5.403912506E0,9.437192609E0
2.729132054E1,-6.529272308E0,5.563031616E0,-5.960455170E0,1.044536948E1
2.730132154E1,-6.628066864E0,6.587201843E0,-6.384822693E0,1.131761721E1
2.731132254E1,-6.259982300E0,7.372468872E0,-6.600524139E0,1.170929522E1
2.732132354E1,-5.704637146E0,7.724836121E0,-6.801556091E0,1.176763117E1
2.733132554E1,-5.308560791E0,7.783065033E0,-7.123686218E0,1.181117371E1
2.734132654E1,-4.823569336E0,7.676336975E0,-7.191644897E0,1.157206666E1
2.735132754E1,-4.130660248E0,7.495213623E0,-6.969207458E0,1.103677643E1
2.736132854E1,-3.522025909E0,7.353308716E0,-7.254813538E0,1.091366735E1
2.737132954E1,-3.014281769E0,7.251370697E0,-7.630681915E0,1.094968393E1
2.738133154E1,-2.718945923E0,7.204368439E0,-7.603139191E0,1.082142861E1
2.739133254E1,-2.895578613E0,6.995402985E0,-7.064708862E0,1.035519916E1
2.740133354E1,-3.215912476E0,6.206543427E0,-5.554798737E0,8.928553262E0
2.741133454E1,-3.525618439E0,5.247936859E0,-5.184169464E0,8.175967202E0
2.742133654E1,-3.850293274E0,4.668342133E0,-5.001698914E0,7.850806875E0
2.743133754E1,-4.725373535E0,5.122198334E0,-4.528981934E0,8.311302435E0
2.744133854E1,-5.603746948E0,6.156996460E0,-3.074756012E0,8.874948439E0
2.745133954E1,-5.708079987E0,6.782545624E0,-1.843865662E0,9.054553708E0
2.746134054E1,-4.632566528E0,7.083869019E0,-1.553619232E0,8.605556672E0
2.747134254E1,-2.468666382E0,6.837481384E0,6.279441833E-1,7.296559414E0
2.748134354E1,-5.441184998E-1,6.008804626E0,7.295828247E-1,6.077342271E0
2.749134529E1,9.421408081E-1,5.184169464E0,2.727328491E-1,5.276137370E0
2.750134629E1,1.648671570E0,5.191354523E0,-1.957928467E-1,5.450377470E0
2.751134729E1,1.555116119E0,5.988446960E0,-8.532257080E-1,6.245628651E0
2.752134929E1,9.821076965E-1,6.908882904E0,-1.675765228E0,7.176725410E0
2.753135029E1,5.647755432E-1,7.655081177E0,-1.560205536E0,7.832846261E0
2.754135129E1,7.340734863E-1,8.028105469E0,-9.903405762E-1,8.122198948E0
2.755135229E1,1.166224823E0,7.939938812E0,-8.640032959E-1,8.071506079E0
2.756135329E1,1.516047363E0,7.596253510E0,-9.154962158E-1,7.799974379E0
2.757135529E1,1.580114136E0,7.401059418E0,-1.085991669E0,7.645378937E0
2.758135629E1,1.168619843E0,7.700736237E0,-1.390308838E0,7.912014256E0
2.759135729E1,4.239184570E-1,8.427474976E0,-1.745220795E0,8.616718456E0
2.760135829E1,-1.565744019E-1,9.200766907E0,-2.156266022E0,9.451354949E0
2.761136029E1,-2.568658447E-1,9.614207153E0,-2.137255554E0,9.852249517E0
2.762136129E1,-1.466949463E-2,9.489516449E0,-1.673220520E0,9.635912232E0
2.763136229E1,5.942642212E-2,8.818312225E0,-1.386716309E0,8.926877625E0
2.764136329E1,-8.412506104E-2,8.105494537E0,-1.117276611E0,8.182568408E0
2.765136429E1,-4.312532043E-1,7.722291412E0,-1.079854431E0,7.809343735E0
2.766136629E1,-6.852749634E-1,7.886200562E0,-1.130449219E0,7.996228893E0
2.767136729E1,-6.294410706E-1,8.299341431E0,-1.271905060E0,8.419798497E0
2.768136829E1,-1.038839722E-1,8.593030701E0,-1.407073975E0,8.708089668E0
2.769136929E1,8.105644226E-1,8.660390625E0,-1.448537750E0,8.818029376E0
2.770137029E1,1.625769196E0,8.661588135E0,-1.382375336E0,8.920605140E0
2.771137229E1,1.980830841E0,8.645421753E0,-1.202150116E0,8.950540375E0
2.772137329E1,1.769919434E0,8.480614471E0,-9.767189026E-1,8.718223238E0
2.773137429E1,1.033899994E0,8.208330688E0,-8.666976929E-1,8.318461804E0
2.774137529E1,9.879455566E-2,7.829318848E0,-7.222480774E-1,7.863182324E0
2.775137629E1,-8.641529846E-1,7.559130707E0,-7.674540710E-1,7.646973465E0
2.776137829E1,-1.550176392E0,7.534282379E0,-6.551875305E-1,7.719956510E0
2.777137929E1,-1.766027527E0,7.657925262E0,-6.866221619E-1,7.888860662E0
2.778138029E1,-1.562750244E0,7.804171143E0,-8.292755127E-1,8.002185540E0
2.779138129E1,-1.147214355E0,8.078400879E0,-9.773176575E-1,8.217774111E0
2.780138329E1,-7.955955505E-1,8.318202209E0,-1.161135406E0,8.436450421E0
2.781138429E1,-6.489006042E-1,8.145910492E0,-1.241967316E0,8.265555792E0
2.782138529E1,-6.780899048E-1,7.648494873E0,-1.259331207E0,7.781079284E0
2.783138629E1,-8.111631775E-1,7.053482208E0,-1.231040039E0,7.205904283E0
2.784138729E1,-1.001267853E0,6.511908417E0,-1.352886658E0,6.725904463E0
2.785138929E1,-1.251397705E0,6.099815369E0,-1.452729034E0,6.394072677E0
2.786139029E1,-1.477727051E0,5.821993103E0,-1.462458801E0,6.182076243E0
2.787139129E1,-1.736089783E0,5.631888428E0,-1.515598297E0,6.085163366E0
2.788139229E1,-2.004032593E0,5.489085388E0,-1.459465027E0,6.022976274E0
2.789139329E1,-2.311642914E0,5.406008148E0,-1.288520508E0,6.019044954E0
2.790139529E1,-2.650538177E0,5.326673126E0,-1.321452026E0,6.094672648E0
2.791139629E1,-3.060535583E0,5.256768494E0,-1.555265808E0,6.278482682E0
2.792139729E1,-3.416046295E0,5.121150513E0,-1.715582428E0,6.390522508E0
2.793139829E1,-3.652853851E0,4.883744202E0,-1.906734924E0,6.389830730E0
2.794139929E1,-3.809428253E0,4.617597656E0,-2.241588593E0,6.392078782E0
2.795140129E1,-3.952380981E0,4.348157959E0,-2.429298248E0,6.358402554E0
2.796140229E1,-4.066294098E0,4.008065186E0,-2.536625061E0,6.247703652E0
2.797140329E1,-4.225113831E0,3.557801514E0,-2.631976776E0,6.118565211E0
2.798140429E1,-4.461172943E0,2.996169434E0,-2.584525452E0,5.963125616E0
2.799140529E1,-4.569996643E0,2.287992096E0,-2.612217865E0,5.739639303E0
2.800140729E1,-4.421355743E0,1.548230438E0,-2.581381989E0,5.348732286E0
2.801140829E1,-4.170028381E0,8.617579651E-1,-2.705773315E0,5.045093926E0
2.802140929E1,-4.033661957E0,2.032772827E-1,-2.638563080E0,4.824289125E0
2.803141029E1,-4.164040833E0,-5.128335571E-1,-2.475102997E0,4.871177389E0
2.804141229E1,-4.581971741E0,-1.278790741E0,-2.273621979E0,5.272487809E0
2.805141329E1,-5.287604370E0,-2.071093140E0,-2.347268829E0,6.144742283E0
2.806141429E1,-6.105204163E0,-2.676584015E0,-2.261048126E0,7.039173139E0
2.807141529E1,-6.905290375E0,-3.116668854E0,-2.117346954E0,7.866372609E0
2.808141629E1,-7.520061951E0,-3.313060455E0,-2.349364471E0,8.546766333E0
2.809141829E1,-7.960745544E0,-3.319497070E0,-2.916984100E0,9.105016566E0
2.810141929E1,-8.297245789E0,-3.273842010E0,-3.639681244E0,9.633774377E0
2.811142029E1,-8.234226837E0,-3.671714630E0,-3.870950317E0,9.811637799E0
2.812142129E1,-8.062833252E0,-4.901706848E0,-4.082310791E0,1.028111237E1
2.813142229E1,-8.466394043E0,-6.516997833E0,-4.803660736E0,1.171436064E1
2.814142429E1,-9.917925568E0,-7.749983826E0,-6.276298370E0,1.406482912E1
2.815142529E1,-1.173514664E1,-8.115673370E0,-7.788453827E0,1.625539399E1
2.816142629E1,-1.286799088E1,-7.790100403E0,-7.999215546E0,1.703696871E1
2.817142729E1,-1.291499313E1,-7.109016724E0,-7.603887634E0,1.658777482E1
2.818142829E1,-1.202973404E1,-6.961723022E0,-7.379953308E0,1.573670230E1
2.819143029E1,-1.105047043E1,-7.087461548E0,-7.508086853E0,1.512337185E1
2.820143129E1,-1.088521408E1,-7.048243103E0,-7.902217255E0,1.518587021E1
2.821143229E1,-1.140298737E1,-6.885830841E0,-7.994126129E0,1.553540601E1
2.822143329E1,-1.257594818E1,-6.711144104E0,-8.048163757E0,1.636969357E1
2.823143529E1,-1.405113052E1,-6.585405579E0,-7.774383087E0,1.735634950E1
2.824143629E1,-1.522513916E1,-6.838080139E0,-7.680677948E0,1.837272479E1
2.825143729E1,-1.576027634E1,-7.638765106E0,-7.720345459E0,1.914003074E1
2.826143829E1,-1.534010010E1,-8.820258179E0,-7.076683960E0,1.905767775E1
2.827143929E1,-1.439496552E1,-9.971364441E0,-6.322252808E0,1.861757292E1
2.828144129E1,-1.409004959E1,-1.034768188E1,-5.734874268E0,1.839817384E1
2.829144229E1,-1.504506363E1,-9.432035980E0,-5.523663483E0,1.859645398E1
2.830144329E1,-1.584125793E1,-7.353458405E0,-4.880600739E0,1.813392034E1
2.831144429E1,-1.558888275E1,-5.280868378E0,-4.556225281E0,1.707805683E1
2.832144529E1,-1.505314682E1,-3.899690552E0,-4.418361969E0,1.616560355E1
2.833144729E1,-1.462189362E1,-3.310964813E0,-4.287384338E0,1.559307299E1
2.834144829E1,-1.420141800E1,-3.618575134E0,-4.749922485E0,1.540571721E1
2.835144929E1,-1.363020584E1,-4.357139282E0,-5.346731415E0,1.527595204E1
2.836145029E1,-1.269330414E1,-5.206323395E0,-5.685776367E0,1.485105471E1
2.837145129E1,-1.154773636E1,-6.266718292E0,-5.733377380E0,1.433504759E1
2.838145329E1,-1.041713745E1,-7.171137543E0,-5.614374847E0,1.383702176E1
2.839145429E1,-9.255852356E0,-7.525301056E0,-5.639223175E0,1.319476399E1
2.840145529E1,-8.150850220E0,-7.337292023E0,-5.674998779E0,1.234819115E1
2.841145629E1,-7.392078094E0,-6.890321503E0,-5.673052826E0,1.158891183E1
2.842145729E1,-7.033872986E0,-6.444548492E0,-5.491330719E0,1.100737423E1
2.843145929E1,-6.921456757E0,-6.178701324E0,-5.227878571E0,1.064958347E1
2.844146029E1,-6.808142395E0,-6.061644745E0,-4.860392761E0,1.033042873E1
2.845146129E1,-6.553821259E0,-6.070177002E0,-4.696782990E0,1.009254142E1
2.846146229E1,-6.145021362E0,-6.079906769E0,-4.695136414E0,9.837218093E0
2.847146429E1,-5.710325317E0,-6.095025330E0,-4.731510773E0,9.599184507E0
2.848146529E1,-5.313350830E0,-6.115832062E0,-4.527185669E0,9.280652398E0
2.849146579E1,-5.094954987E0,-6.122867432E0,-4.453838196E0,9.126047697E0
2.850146679E1,-5.059927826E0,-6.023174744E0,-4.498744812E0,9.062020110E0
2.851146779E1,-5.247936859E0,-5.900130615E0,-4.489015045E0,9.083151360E0
2.852146979E1,-5.472320251E0,-5.956263885E0,-4.556225281E0,9.283456103E0
2.853147079E1,-5.608387299E0,-6.344855804E0,-4.816234589E0,9.742038744E0
2.854147179E1,-5.710025940E0,-7.176825714E0,-5.195096741E0,1.054041051E1
2.855147279E1,-5.746999054E0,-8.309669952E0,-5.328319702E0,1.142232917E1
2.856147379E1,-5.572012939E0,-9.409432983E0,-5.158423004E0,1.209107461E1
2.857147579E1,-5.128335571E0,-1.016296600E1,-4.979844360E0,1.242515809E1
2.858147679E1,-4.843627625E0,-1.021400986E1,-4.944966888E0,1.233853409E1
2.859147779E1,-4.932542725E0,-9.611512756E0,-4.905748444E0,1.186497042E1
2.860147879E1,-5.090913391E0,-8.895252228E0,-4.928052063E0,1.137227367E1
2.861147979E1,-5.179379425E0,-8.503067780E0,-5.007387085E0,1.114459772E1
2.862148179E1,-5.269641724E0,-8.598419495E0,-4.988077240E0,1.125090469E1
2.863148279E1,-5.338947601E0,-9.124425659E0,-4.845274200E0,1.162910947E1
2.864148379E1,-5.351521454E0,-9.954748993E0,-4.358636169E0,1.211336116E1
2.865148479E1,-5.220693512E0,-1.071007828E1,-3.748954010E0,1.249063944E1
2.866148579E1,-4.900958405E0,-1.110016708E1,-3.126847687E0,1.253037426E1
2.867148779E1,-4.527485046E0,-1.088311844E1,-2.796933746E0,1.211458733E1
2.868148879E1,-4.386328583E0,-9.949509888E0,-2.668650513E0,1.119617439E1
2.869148979E1,-4.805906067E0,-8.706943817E0,-2.544259186E0,1.026551794E1
2.870149079E1,-5.621260529E0,-7.512577515E0,-2.332000580E0,9.668278934E0
2.871149279E1,-6.665938110E0,-6.657555542E0,-2.073039093E0,9.646515836E0
2.872149379E1,-7.371870117E0,-6.184389496E0,-1.773511963E0,9.784502396E0
2.873149479E1,-7.187603302E0,-6.097420349E0,-1.576970673E0,9.556516763E0
2.874149579E1,-6.404431915E0,-6.192173309E0,-1.530567169E0,9.038937676E0
2.875149679E1,-5.736071777E0,-6.230194244E0,-1.659149780E0,8.629636015E0
2.876149879E1,-5.478008423E0,-6.263425140E0,-2.036365356E0,8.566554420E0
2.877149979E1,-5.673950958E0,-6.226152649E0,-2.726580048E0,8.853978487E0
2.878150079E1,-6.084247742E0,-6.232289886E0,-3.417243805E0,9.356124360E0
2.879150179E1,-6.441255341E0,-6.213279419E0,-3.813769226E0,9.728280794E0
2.880150279E1,-6.789431305E0,-5.994284821E0,-3.983366547E0,9.894192084E0
2.881150479E1,-7.286697235E0,-5.563780060E0,-4.634961548E0,1.027299731E1
2.882150579E1,-7.706274719E0,-4.906646576E0,-5.532944183E0,1.068060495E1
2.883150679E1,-7.641758881E0,-4.165986786E0,-5.808371429E0,1.046370409E1
2.884150779E1,-7.263794861E0,-3.384761353E0,-6.265371094E0,1.017222690E1
2.885150879E1,-6.921456757E0,-2.708168335E0,-6.610553284E0,9.946866546E0
2.886151079E1,-6.845414886E0,-2.353555756E0,-7.009174347E0,1.007608330E1
2.887151179E1,-6.994205475E0,-2.367177429E0,-7.395670624E0,1.045075993E1
2.888151279E1,-6.859036560E0,-2.882855072E0,-7.228917389E0,1.037374004E1
2.889151379E1,-6.472540283E0,-3.798800354E0,-6.844217377E0,1.015716365E1
2.890151579E1,-6.054759064E0,-4.903353424E0,-6.451434174E0,1.011553187E1
2.891151679E1,-5.526208191E0,-6.173761597E0,-5.693260803E0,1.005323469E1
2.892151779E1,-5.018763428E0,-7.382348328E0,-5.182672577E0,1.032216781E1
2.893151879E1,-4.799319763E0,-8.452023926E0,-4.896767120E0,1.088340511E1
2.894151979E1,-4.784949646E0,-8.984317017E0,-4.453538818E0,1.111070220E1
2.895152179E1,-4.951702881E0,-9.202413483E0,-3.700005798E0,1.108574843E1
2.896152279E1,-5.453309784E0,-9.040150909E0,-2.885100403E0,1.094471198E1
2.897152379E1,-6.235133972E0,-8.666827240E0,-2.233505402E0,1.090776496E1
2.898152479E1,-6.962172089E0,-8.063581696E0,-1.870809631E0,1.081633573E1
2.899152579E1,-7.206613770E0,-7.497159576E0,-1.455273743E0,1.050050025E1
2.900152779E1,-6.904691620E0,-7.036717072E0,-9.702822876E-1,9.906139572E0
2.901152879E1,-6.443949738E0,-6.616690521E0,-5.795947266E-1,9.254242904E0
2.902152979E1,-6.176605682E0,-6.260730743E0,-4.619393921E-1,8.806849334E0
2.903153079E1,-6.151757355E0,-6.016289062E0,-5.465135193E-1,8.621979451E0
2.904153179E1,-6.479575653E0,-5.949078827E0,-8.740324402E-1,8.839704307E0
2.905153379E1,-7.268884277E0,-5.999374237E0,-1.732497253E0,9.582834477E0
2.906153479E1,-8.153544617E0,-6.124364319E0,-2.610870667E0,1.052638465E1
2.907153579E1,-8.686885529E0,-6.313421173E0,-3.263513489E0,1.122371540E1
2.908153679E1,-8.662037201E0,-6.437064056E0,-3.706442413E0,1.141071415E1
2.909153879E1,-8.049211578E0,-6.324647827E0,-3.992796936E0,1.098787534E1
2.910153979E1,-7.275021515E0,-5.863307190E0,-4.411326599E0,1.033267205E1
2.911154079E1,-6.741979980E0,-5.173691254E0,-4.999752960E0,9.859964752E0
2.912154179E1,-6.561455383E0,-4.478536835E0,-5.766608276E0,9.816504466E0
2.913154279E1,-6.695576477E0,-3.887416077E0,-6.349047089E0,1.001264935E1
2.914154479E1,-7.033274231E0,-3.548371124E0,-6.528074799E0,1.023101386E1
2.915154579E1,-7.209906921E0,-3.588487701E0,-6.586453400E0,1.040391129E1
2.916154679E1,-7.059918823E0,-3.979624329E0,-6.760541382E0,1.055389896E1
2.917154779E1,-6.800358582E0,-4.579726410E0,-6.774612122E0,1.063551316E1
2.918154879E1,-6.727011108E0,-5.178630981E0,-6.654561768E0,1.078675529E1
2.919155079E1,-6.961273956E0,-5.523513794E0,-6.691534882E0,1.112408103E1
2.920155179E1,-7.462132416E0,-5.471122742E0,-6.847211151E0,1.151090373E1
2.921155279E1,-7.957302704E0,-5.203479309E0,-6.778204651E0,1.167642589E1
2.922155379E1,-8.292455750E0,-4.867278442E0,-6.514303436E0,1.161427445E1
2.923155579E1,-8.516988831E0,-4.602329407E0,-6.205495605E0,1.149907433E1
2.924155679E1,-8.794511719E0,-4.420756989E0,-6.026916962E0,1.154167478E1
2.925155779E1,-9.070837097E0,-4.330195312E0,-5.697751465E0,1.155400575E1
2.926155879E1,-9.328451385E0,-4.237238617E0,-5.456902313E0,1.160827202E1
2.927155979E1,-9.669741669E0,-4.019441528E0,-5.289700012E0,1.173203905E1
2.928156179E1,-1.010039612E1,-3.783681793E0,-5.110821991E0,1.193544097E1
2.929156279E1,-1.048988617E1,-3.532504120E0,-5.285209351E0,1.226579533E1
2.930156379E1,-1.069181625E1,-3.369343414E0,-5.564827881E0,1.251537931E1
2.931156479E1,-1.064735870E1,-3.504512329E0,-5.659281464E0,1.255688340E1
2.932156579E1,-1.045545776E1,-3.755240936E0,-5.658982086E0,1.246765855E1
2.933156779E1,-1.019814285E1,-3.974085846E0,-5.736371155E0,1.235724201E1
2.934156879E1,-9.863289185E0,-3.962709503E0,-5.842949524E0,1.212961662E1
2.935156979E1,-9.500743103E0,-3.676205292E0,-6.201004944E0,1.192606671E1
2.936157079E1,-9.098978577E0,-3.283422089E0,-7.040758667E0,1.196430334E1
2.937157179E1,-8.737031250E0,-2.942131805E0,-7.729775848E0,1.203084741E1
2.938157379E1,-8.549022217E0,-2.761756897E0,-8.184230804E0,1.215297148E1
2.939157479E1,-8.517437897E0,-2.701731720E0,-8.381370850E0,1.225126442E1
2.940157579E1,-8.709787903E0,-2.578687592E0,-8.301137695E0,1.230523962E1
2.941157679E1,-8.978778534E0,-2.318827972E0,-8.176746368E0,1.236343837E1
2.942157879E1,-8.981772308E0,-2.026635590E0,-7.959697723E0,1.217112458E1
2.943157979E1,-8.722361755E0,-1.862876129E0,-8.095166016E0,1.204498298E1
2.944158079E1,-8.402027893E0,-1.801054688E0,-8.710686035E0,1.223576405E1
2.945158179E1,-8.101303253E0,-1.841320953E0,-9.483678589E0,1.260800289E1
2.946158279E1,-7.840096436E0,-1.968107300E0,-1.019904099E1,1.301387703E1
2.947158479E1,-7.715106354E0,-2.017504578E0,-1.086799988E1,1.347985950E1
2.948158579E1,-7.717501373E0,-1.841470642E0,-1.132769394E1,1.382994908E1
2.949158721E1,-7.768694916E0,-1.410516815E0,-1.177092224E1,1.417380643E1
2.950158821E1,-7.926017761E0,-8.086184692E-1,-1.219978043E1,1.457087039E1
2.951158921E1,-8.115373993E0,-8.607101440E-2,-1.253837631E1,1.493578200E1
2.952159121E1,-8.305628357E0,6.396199036E-1,-1.274554550E1,1.522634251E1
2.953159221E1,-8.296796722E0,1.203647003E0,-1.249406845E1,1.504617388E1
2.954159321E1,-8.114176483E0,1.500479736E0,-1.172377029E1,1.433659964E1
2.955159421E1,-7.920928345E0,1.470991058E0,-1.058089691E1,1.329888341E1
2.956159521E1,-7.780670013E0,1.146465912E0,-9.227261810E0,1.212417298E1
2.957159721E1,-7.692653046E0,7.679031372E-1,-7.817493439E0,1.099453454E1
2.958159821E1,-7.618257751E0,3.847000122E-1,-6.712042236E0,1.016057854E1
2.959159921E1,-7.529492340E0,-3.562591553E-2,-6.061644745E0,9.666336489E0
2.960160021E1,-7.357799377E0,-3.611988831E-1,-5.870192871E0,9.419492590E0
2.961160221E1,-7.232958984E0,-5.134323120E-1,-5.800437927E0,9.285708834E0
2.962160321E1,-7.165599060E0,-5.120851135E-1,-5.720953217E0,9.183536724E0
2.963160421E1,-7.024442596E0,-4.921765137E-1,-5.253475342E0,8.785444478E0
2.964160521E1,-6.957232361E0,-3.249742126E-1,-4.686454468E0,8.394733220E0
2.965160621E1,-7.004983063E0,8.098159790E-2,-4.152365112E0,8.143616012E0
2.966160821E1,-7.019053802E0,6.459068298E-1,-3.149899750E0,7.720503892E0
2.967160921E1,-6.950346680E0,1.253493347E0,-2.164648590E0,7.386763030E0
2.968161021E1,-7.161407776E0,2.078727264E0,-2.377505951E0,7.826838629E0
2.969161121E1,-7.345524902E0,3.072211304E0,-2.802771606E0,8.441015760E0
2.970161221E1,-7.426805878E0,4.052522736E0,-3.628454590E0,9.205762803E0
2.971161421E1,-7.425308990E0,4.744234314E0,-4.420457611E0,9.858165059E0
2.972161521E1,-7.115752716E0,4.938230896E0,-5.327571259E0,1.016873033E1
2.973161621E1,-6.974895630E0,5.092709656E0,-6.009403381E0,1.052130171E1
2.974161721E1,-7.080426178E0,5.372926941E0,-6.713239746E0,1.113859806E1
2.975161921E1,-6.886279907E0,5.454058228E0,-6.771318970E0,1.109136433E1
2.976162021E1,-6.382727051E0,5.356760559E0,-7.122339020E0,1.096183385E1
2.977162121E1,-5.910908203E0,5.398823090E0,-7.597301331E0,1.103653542E1
2.978162221E1,-5.228177948E0,5.312452698E0,-7.212601318E0,1.037196298E1
2.979162321E1,-4.443958740E0,4.781955872E0,-6.316714325E0,9.083873134E0
2.980162521E1,-3.650907898E0,3.849544830E0,-4.956492920E0,7.260505901E0
2.981162621E1,-2.947819977E0,2.773133240E0,-3.623514862E0,5.432289622E0
2.982162721E1,-2.513722687E0,2.023941193E0,-3.305126953E0,4.619415967E0
2.983162821E1,-2.133363647E0,1.921853485E0,-3.190166016E0,4.292076476E0
2.984162921E1,-1.667831726E0,2.348616028E0,-2.987637177E0,4.150136842E0
2.985163121E1,-1.664688263E0,3.388204193E0,-2.797382812E0,4.698559914E0
2.986163221E1,-1.961520996E0,4.551285553E0,-2.687361603E0,5.637701410E0
2.987163321E1,-2.369123383E0,5.648803253E0,-2.619552612E0,6.662115256E0
2.988163421E1,-2.762505341E0,6.530170441E0,-2.286495209E0,7.450008193E0
2.989163621E1,-3.060984650E0,7.017856293E0,-1.968706055E0,7.905424562E0
2.990163721E1,-3.283721466E0,7.123835907E0,-1.799707489E0,8.048031545E0
2.991163821E1,-3.388802948E0,6.972949677E0,-1.752854919E0,7.948491239E0
2.992163921E1,-3.240910492E0,6.730903015E0,-1.691033478E0,7.659513721E0
2.993164021E1,-2.976859589E0,6.567442932E0,-1.572030945E0,7.379991936E0
2.994164221E1,-2.793790283E0,6.542594604E0,-1.500779114E0,7.270704660E0
2.995164321E1,-2.612367554E0,6.569837952E0,-1.325493622E0,7.193341942E0
2.996164421E1,-2.401456146E0,6.625522156E0,-1.188378754E0,7.146802049E0
2.997164521E1,-2.239792328E0,6.698121185E0,-1.042731628E0,7.139242700E0
2.998164721E1,-2.214195557E0,6.817123718E0,-1.032552795E0,7.241685096E0
2.999164821E1,-2.307751007E0,7.103927307E0,-1.183888092E0,7.562611249E0
3.000164921E1,-2.351759491E0,7.566465454E0,-1.183139648E0,8.011366400E0
3.001165021E1,-2.179318085E0,7.872578888E0,-1.098864899E0,8.242234511E0
3.002165121E1,-1.894460449E0,8.256081390E0,-1.035696259E0,8.533728790E0
3.003165321E1,-1.636546783E0,8.525970154E0,-1.109193420E0,8.752186154E0
3.004165421E1,-1.403481445E0,8.915759583E0,-9.147477722E-1,9.071785524E0
3.005165521E1,-1.328936462E0,8.883726196E0,-9.892927551E-1,9.036889034E0
3.006165621E1,-1.459614716E0,8.708291016E0,-1.176104279E0,8.907751052E0
3.007165721E1,-1.602417755E0,8.507558441E0,-1.134939880E0,8.731230258E0
3.008165921E1,-1.707199860E0,8.272696838E0,-9.765692139E-1,8.503277707E0
3.009166021E1,-1.880689087E0,8.134833527E0,-8.660989380E-1,8.394202483E0
3.010166121E1,-2.122885437E0,8.213869171E0,-6.218069458E-1,8.506522980E0
3.011166221E1,-2.380649414E0,8.529712372E0,-4.691244507E-1,8.868120575E0
3.012166421E1,-2.909799042E0,9.105564880E0,-8.361611938E-1,9.595697359E0
3.013166521E1,-3.327430573E0,9.768386536E0,-9.556127930E-1,1.036370424E1
3.014166621E1,-3.376827850E0,1.018407211E1,-9.057664490E-1,1.076748364E1
3.015166721E1,-3.208877106E0,1.022104523E1,-8.372090149E-1,1.074558406E1
3.016166821E1,-3.039728851E0,9.489366760E0,-8.265811157E-1,9.998563364E0
3.017167021E1,-2.988235931E0,8.590785370E0,-6.988966370E-1,9.122477940E0
3.018167121E1,-3.006947021E0,7.870632935E0,-6.125262451E-1,8.447708659E0
3.019167221E1,-3.143163757E0,7.530390472E0,-7.914042664E-1,8.198327865E0
3.020167321E1,-3.343447266E0,7.543263702E0,-9.783654785E-1,8.308830598E0
3.021167521E1,-3.425476685E0,7.716603241E0,-1.195563812E0,8.526970677E0
3.022167621E1,-3.368894348E0,7.901169434E0,-1.402134247E0,8.703097609E0
3.023167721E1,-3.293900299E0,8.003855896E0,-1.580114136E0,8.798195785E0
3.024167821E1,-3.204236755E0,7.977211304E0,-1.588347015E0,8.742189635E0
3.025167921E1,-3.140169983E0,7.906857605E0,-1.491049347E0,8.637261885E0
3.026168121E1,-3.127147064E0,7.831713867E0,-1.516047363E0,8.568149769E0
3.027168221E1,-3.228186951E0,7.825876007E0,-1.543290710E0,8.605072486E0
3.028168321E1,-3.386108551E0,7.910749512E0,-1.630858612E0,8.758161266E0
3.029168421E1,-3.501219177E0,7.965236206E0,-1.848056946E0,8.894877066E0
3.030168521E1,-3.563489685E0,7.998616791E0,-1.907633057E0,8.961885582E0
3.031168721E1,-3.617377625E0,7.967032471E0,-2.071242828E0,8.991611320E0
3.032168821E1,-3.785178680E0,7.877219238E0,-2.185904388E0,9.008681289E0
3.033168921E1,-3.969295807E0,7.678133240E0,-2.027683411E0,8.878093222E0
3.034169021E1,-4.028722229E0,7.425608368E0,-2.050735474E0,8.693433063E0
3.035169221E1,-4.042194214E0,7.271129608E0,-2.374212799E0,8.651332051E0
3.036169321E1,-3.968247986E0,7.212451630E0,-2.627935181E0,8.641324777E0
3.037169421E1,-3.937711487E0,7.270979919E0,-3.145858154E0,8.846985038E0
3.038169521E1,-4.057911530E0,7.458090820E0,-3.396287384E0,9.144645026E0
3.039169621E1,-4.064198456E0,7.643854523E0,-3.429218903E0,9.311592954E0
3.040169821E1,-3.941304016E0,7.773634644E0,-3.535348206E0,9.405421833E0
3.041169921E1,-3.858376465E0,7.795489197E0,-3.671415253E0,9.441186934E0
3.042170021E1,-3.834276581E0,7.668702850E0,-3.844904480E0,9.396487150E0
3.043170121E1,-4.024381256E0,7.491172028E0,-3.946094055E0,9.374697922E0
3.044170321E1,-4.459825745E0,7.359296265E0,-3.687282257E0,9.361908867E0
3.045170421E1,-4.828059998E0,7.254514160E0,-3.218157806E0,9.289492920E0
3.046170521E1,-4.854255524E0,7.171137543E0,-2.765948181E0,9.090625924E0
3.047170621E1,-4.806055756E0,7.057972870E0,-2.365231476E0,8.860444283E0
3.048170721E1,-4.853956146E0,6.786138153E0,-1.589843903E0,8.493536657E0
3.049170921E1,-4.956492920E0,6.278244324E0,-9.274713135E-1,8.052538537E0
3.050171017E1,-5.345084839E0,6.054908752E0,-9.669891357E-1,8.134305129E0
3.051171117E1,-5.907016296E0,6.503226471E0,-1.423090668E0,8.899999051E0
3.052171217E1,-6.141129456E0,7.388635254E0,-2.094743958E0,9.833277895E0
3.053171317E1,-6.155499573E0,8.219257965E0,-2.842738495E0,1.065493025E1
3.054171517E1,-6.092929688E0,8.700806580E0,-3.661835175E0,1.123551797E1
3.055171617E1,-5.937852173E0,8.736432495E0,-4.477788391E0,1.147318308E1
3.056171717E1,-5.706882477E0,8.461304626E0,-5.035678253E0,1.138069590E1
3.057171817E1,-5.490731964E0,8.062533875E0,-5.256768494E0,1.108089369E1
3.058172017E1,-5.364544373E0,7.672894135E0,-5.316793671E0,1.076661208E1
3.059172117E1,-5.282365265E0,7.403155060E0,-5.317991180E0,1.053523222E1
3.060172217E1,-5.264701996E0,7.382498016E0,-5.407954102E0,1.055766696E1
3.061172317E1,-5.307662659E0,7.571554871E0,-5.687273254E0,1.085563463E1
3.062172417E1,-5.434149628E0,7.779771881E0,-6.105204163E0,1.128398647E1
3.063172617E1,-5.703589325E0,7.976013794E0,-6.570885773E0,1.180357010E1
3.064172717E1,-6.078709259E0,8.092172241E0,-6.928492126E0,1.226531536E1
3.065172817E1,-6.436614990E0,8.122559052E0,-6.985673218E0,1.249822421E1
3.066172917E1,-6.482419739E0,8.145012360E0,-6.612648926E0,1.233248222E1
3.067173117E1,-6.215075684E0,8.071964264E0,-6.105054474E0,1.187667727E1
3.068173217E1,-5.955365753E0,7.915838928E0,-5.649701385E0,1.140377187E1
3.069173317E1,-5.891298981E0,7.744744720E0,-5.275778961E0,1.106897999E1
3.070173417E1,-5.991889801E0,7.643854523E0,-5.179678802E0,1.100728522E1
3.071173517E1,-6.153703308E0,7.599097595E0,-5.350922699E0,1.114660138E1
3.072173717E1,-6.220913544E0,7.486531677E0,-5.431904297E0,1.114690568E1
3.073173817E1,-6.055357819E0,7.235054626E0,-5.218747559E0,1.078186903E1
3.074173917E1,-5.629194031E0,6.899452515E0,-4.982538757E0,1.020372299E1
3.075174017E1,-5.091362457E0,6.552923126E0,-5.032085724E0,9.704878150E0
3.076174217E1,-4.649631042E0,6.307733002E0,-5.231171722E0,9.421874656E0
3.077174317E1,-4.370760956E0,6.104455719E0,-5.293292542E0,9.186233009E0
3.078174417E1,-4.142485657E0,5.897885284E0,-5.242098999E0,8.912061499E0
3.079174517E1,-3.966302032E0,5.688470764E0,-5.193899231E0,8.664112226E0
3.080174617E1,-3.734583893E0,5.535339203E0,-5.230572968E0,8.482098238E0
3.081174817E1,-3.537892914E0,5.491181030E0,-5.298531647E0,8.410956723E0
3.082174917E1,-3.492836609E0,5.594017181E0,-5.365143127E0,8.501629054E0
3.083175017E1,-3.706592102E0,5.788013763E0,-5.553451538E0,8.836331384E0
3.084175117E1,-4.092339935E0,6.029311981E0,-5.714815979E0,9.260613953E0
3.085175317E1,-4.482129364E0,6.272556152E0,-5.854924622E0,9.680629455E0
3.086175417E1,-4.796775055E0,6.424639893E0,-6.245013428E0,1.016293468E1
3.087175517E1,-4.944218445E0,6.581813049E0,-6.677913208E0,1.060000396E1
3.088175617E1,-5.010081482E0,6.665938110E0,-6.771318970E0,1.074180655E1
3.089175717E1,-4.891228638E0,6.364764404E0,-6.067781982E0,1.006242126E1
3.090175917E1,-4.360731812E0,5.481451263E0,-5.385949860E0,8.835765149E0
3.091176017E1,-4.130360870E0,5.080435181E0,-5.625751190E0,8.632483941E0
3.092176117E1,-4.683161316E0,5.324727173E0,-5.302573242E0,8.854490520E0
3.093176217E1,-5.636678467E0,5.276377716E0,-5.143154755E0,9.277087192E0
3.094176317E1,-6.286177826E0,5.009632416E0,-5.814508667E0,9.920733826E0
3.095176517E1,-5.954617310E0,4.663552094E0,-6.516997833E0,9.983859283E0
3.096176617E1,-4.948110352E0,4.141437836E0,-6.631360016E0,9.252580130E0
3.097176717E1,-4.082310791E0,3.381318512E0,-6.595135345E0,8.461346613E0
3.098176817E1,-3.449277191E0,2.534679108E0,-6.813082123E0,8.046129463E0
3.099177017E1,-2.589465179E0,1.983076172E0,-7.557484131E0,8.231250659E0
3.100177117E1,-1.392254791E0,2.242786102E0,-9.174421692E0,9.546647385E0
3.101177217E1,-4.117936707E-1,3.354823608E0,-1.067804489E1,1.120022581E1
3.102177317E1,-9.400451660E-2,4.606820068E0,-1.158800262E1,1.247050251E1
3.103177517E1,-4.143383789E-1,5.604196014E0,-1.217433334E1,1.340869425E1
3.104177617E1,-8.449928284E-1,6.010151825E0,-1.230456253E1,1.371999260E1
3.105177717E1,-1.037043457E0,6.193370819E0,-1.190788742E1,1.346220948E1
3.106177817E1,-9.922865295E-1,5.824537811E0,-1.143666733E1,1.287273214E1
3.107177917E1,-8.647517395E-1,5.249733124E0,-1.083536774E1,1.207115104E1
3.108178117E1,-8.156538391E-1,4.907993774E0,-1.043689636E1,1.156211485E1
3.109178217E1,-7.731422424E-1,4.902904358E0,-1.013871643E1,1.128848045E1
3.110178317E1,-8.964857483E-1,5.257067871E0,-9.890083466E0,1.123628943E1
3.111178417E1,-1.387165375E0,5.776787109E0,-9.439071350E0,1.115309666E1
3.112178617E1,-2.120041351E0,6.035598907E0,-8.751101990E0,1.083996382E1
3.113178717E1,-2.887645111E0,5.967939606E0,-7.972421265E0,1.036891018E1
3.114178817E1,-3.500021667E0,5.638474731E0,-7.136260071E0,9.745191469E0
3.115178917E1,-3.914659424E0,5.132077789E0,-6.542744293E0,9.190771661E0
3.116179017E1,-4.142785034E0,4.754562836E0,-6.276897125E0,8.897638626E0
3.117179217E1,-4.168232117E0,4.567901001E0,-6.030808868E0,8.637738948E0
3.118179317E1,-3.919599152E0,4.545148315E0,-5.700296173E0,8.277379246E0
3.119179417E1,-3.625161438E0,4.502037964E0,-5.332810364E0,7.864414006E0
3.120179517E1,-3.398532715E0,4.352349243E0,-4.988226929E0,7.441463327E0
3.121179717E1,-3.277883606E0,4.054169312E0,-4.762196960E0,7.061113909E0
3.122179817E1,-3.369044037E0,3.757037201E0,-4.799768829E0,6.964450234E0
3.123179917E1,-3.616329803E0,3.695515137E0,-5.102289734E0,7.264160922E0
3.124180017E1,-3.839515686E0,3.883973236E0,-5.310506744E0,7.617651258E0
3.125180117E1,-3.978277130E0,4.194277954E0,-5.179828491E0,7.762040948E0
3.126180317E1,-4.155658264E0,4.312681732E0,-4.951403503E0,7.770786060E0
3.127180417E1,-4.426894226E0,4.127067719E0,-4.700525208E0,7.663225017E0
3.128180517E1,-4.685855713E0,3.750151520E0,-4.503983917E0,7.503782467E0
3.129180617E1,-4.825814667E0,3.376378784E0,-4.421655121E0,7.364744048E0
3.130180817E1,-4.973856812E0,2.985242157E0,-4.522994385E0,7.355841252E0
3.131180917E1,-5.175487518E0,2.687062225E0,-4.814288635E0,7.561967305E0
3.132181017E1,-5.313650208E0,2.461631012E0,-5.029690704E0,7.719604546E0
3.133181117E1,-5.316643982E0,2.239792328E0,-5.089266815E0,7.693114429E0
3.134181217E1,-5.138215027E0,1.867217102E0,-4.976102142E0,7.392519591E0
3.135181417E1,-4.821024628E0,1.407373352E0,-5.119653625E0,7.171738385E0
3.136181517E1,-4.247866516E0,9.184899902E-1,-5.313650208E0,6.864610137E0
3.137181617E1,-3.688180389E0,4.255650330E-1,-5.526507568E0,6.657782370E0
3.138181717E1,-3.578009491E0,6.182144165E-2,-5.765111389E0,6.785461159E0
3.139181917E1,-4.121379547E0,-4.161346436E-2,-6.036047974E0,7.308992830E0
3.140182017E1,-5.149142303E0,7.334747314E-2,-5.854176178E0,7.796821470E0
3.141182117E1,-6.317163391E0,1.960922241E-1,-5.961652679E0,8.688285685E0
3.142182217E1,-6.975943451E0,2.447410583E-1,-6.189179535E0,9.328967174E0
3.143182317E1,-6.765481110E0,1.886077881E-1,-6.422394562E0,9.330297929E0
3.144182517E1,-6.211333466E0,-6.227050781E-2,-6.344855804E0,8.879286920E0
3.145182617E1,-5.589227142E0,-5.614823914E-1,-5.947132874E0,8.180654738E0
3.146182717E1,-5.112767944E0,-1.152303772E0,-5.683381348E0,7.731042852E0
3.147182817E1,-5.162314911E0,-1.604962463E0,-5.642516327E0,7.814306767E0
3.148183017E1,-5.692662048E0,-1.969903564E0,-5.602848816E0,8.226714782E0
3.149183117E1,-6.742129669E0,-2.361788635E0,-5.585784302E0,9.068370543E0
3.150183179E1,-7.818541260E0,-2.832709351E0,-5.569917297E0,1.000888647E1
3.151183279E1,-8.495433655E0,-3.212469635E0,-5.511987762E0,1.062423471E1
3.152183379E1,-8.616232452E0,-3.582200775E0,-5.514233093E0,1.083874488E1
3.153183579E1,-8.270750885E0,-4.155957642E0,-5.435945892E0,1.073437524E1
3.154183679E1,-8.020171967E0,-4.791985016E0,-5.217250671E0,1.070074686E1
3.155183779E1,-8.246950378E0,-5.395979004E0,-5.015769653E0,1.105833284E1
3.156183879E1,-8.678053894E0,-5.914351044E0,-4.746479645E0,1.152463608E1
3.157184079E1,-9.464219055E0,-6.461912384E0,-4.119134216E0,1.217764430E1
3.158184179E1,-1.066127975E1,-6.959328003E0,-3.979923706E0,1.333922505E1
3.159184279E1,-1.131796417E1,-7.115603027E0,-4.098327484E0,1.398300424E1
3.160184379E1,-1.105660767E1,-6.970404968E0,-3.924389191E0,1.364682927E1
3.161184479E1,-1.011805939E1,-6.834038544E0,-3.345991974E0,1.265997120E1
3.162184679E1,-9.192084961E0,-6.719826050E0,-3.020568695E0,1.178025141E1
3.163184779E1,-8.784332886E0,-6.807843018E0,-3.166814575E0,1.155594848E1
3.164184879E1,-9.076076202E0,-7.161707153E0,-3.439397736E0,1.206211695E1
3.165184979E1,-9.873018951E0,-7.673642578E0,-3.720513153E0,1.304620680E1
3.166185179E1,-1.099987564E1,-7.804171143E0,-4.259093170E0,1.414362846E1
3.167185279E1,-1.160371994E1,-7.326963501E0,-4.931943970E0,1.458268775E1
3.168185379E1,-1.122620499E1,-6.264772339E0,-5.545967102E0,1.400117145E1
3.169185479E1,-1.067160828E1,-5.511239319E0,-6.030958557E0,1.343984535E1
3.170185579E1,-1.015697845E1,-5.186564484E0,-6.247857513E0,1.300386043E1
3.171185779E1,-9.825417938E0,-5.375471649E0,-6.435567169E0,1.291708396E1
3.172185879E1,-9.512418823E0,-5.798491974E0,-6.480174408E0,1.288802861E1
3.173185979E1,-8.982969818E0,-6.181844788E0,-6.419101410E0,1.265360876E1
3.174186079E1,-8.470435638E0,-6.445147247E0,-6.240073700E0,1.233801940E1
3.175186279E1,-8.114026794E0,-6.488407288E0,-6.007607117E0,1.200117508E1
3.176186379E1,-8.083190918E0,-6.542594604E0,-6.080954590E0,1.204663971E1
3.177186479E1,-7.930358734E0,-6.462660828E0,-6.054759064E0,1.188766932E1
3.178186579E1,-7.685767365E0,-6.272855530E0,-6.476731567E0,1.184769126E1
3.179186679E1,-7.536527710E0,-5.992937622E0,-6.600374451E0,1.167388085E1
3.180186879E1,-7.642956390E0,-5.563929749E0,-6.254443817E0,1.133535020E1
3.181186979E1,-7.808512115E0,-5.222938843E0,-5.794450378E0,1.103755438E1
3.182187079E1,-7.946974182E0,-5.043162689E0,-5.285508728E0,1.079465104E1
3.183187179E1,-8.021818542E0,-5.116809540E0,-4.746928711E0,1.063318601E1
3.184187379E1,-7.846982117E0,-5.426964569E0,-4.471501465E0,1.053666921E1
3.185187479E1,-7.440726929E0,-5.815107422E0,-4.466412048E0,1.044646965E1
3.186187579E1,-6.784491577E0,-6.224506073E0,-4.397405548E0,1.020347869E1
3.187187679E1,-6.220015411E0,-6.558611298E0,-4.493505707E0,1.009433343E1
3.188187779E1,-6.005511475E0,-6.828350372E0,-4.722828827E0,1.024683605E1
3.189187979E1,-5.938899994E0,-7.112010498E0,-4.806504822E0,1.043808963E1
3.190188079E1,-5.795797577E0,-7.655979309E0,-4.840933228E0,1.075360048E1
3.191188179E1,-5.559289398E0,-8.337661743E0,-4.983137512E0,1.119169162E1
3.192188279E1,-5.241799622E0,-8.850345612E0,-5.086422729E0,1.147505019E1
3.193188479E1,-4.878654785E0,-9.186097412E0,-5.122198334E0,1.159407495E1
3.194188579E1,-4.501588898E0,-9.547296295E0,-5.247338104E0,1.178769385E1
3.195188679E1,-4.215833130E0,-9.973160706E0,-5.475164337E0,1.213320271E1
3.196188779E1,-4.030069427E0,-1.031579819E1,-5.670059052E0,1.244213492E1
3.197188879E1,-3.892804871E0,-1.052236862E1,-5.746849365E0,1.260557213E1
3.198189079E1,-3.818708954E0,-1.053823563E1,-5.784720612E0,1.261348250E1
3.199189179E1,-3.759731598E0,-1.041908340E1,-5.866450653E0,1.253427796E1
3.200189279E1,-3.631598053E0,-1.033241364E1,-5.968837738E0,1.247294271E1
3.201189379E1,-3.432512054E0,-1.041040146E1,-6.187682648E0,1.258753407E1
3.202189579E1,-3.169359283E0,-1.059930862E1,-6.549779663E0,1.285650789E1
3.203189679E1,-2.947071533E0,-1.079135925E1,-6.924151154E0,1.315608355E1
3.204189779E1,-2.902613983E0,-1.097397949E1,-7.058272247E0,1.336684708E1
3.205189879E1,-2.896776123E0,-1.123967697E1,-6.974446564E0,1.354121690E1
3.206189979E1,-2.734663239E0,-1.162422729E1,-6.877298584E0,1.378035845E1
3.207190179E1,-2.229912872E0,-1.215726883E1,-6.411616974E0,1.392409886E1
3.208190279E1,-1.434467010E0,-1.269435196E1,-5.627098389E0,1.395953092E1
3.209190379E1,-7.485932922E-1,-1.280033157E1,-4.868775330E0,1.371546038E1
3.210190479E1,-5.090913391E-1,-1.215532288E1,-4.542603607E0,1.298638886E1
3.211190679E1,-7.770341492E-1,-1.103116058E1,-4.183500366E0,1.182336505E1
3.212190779E1,-1.453028412E0,-9.829010468E0,-3.802841949E0,1.063871915E1
3.213190879E1,-2.314636688E0,-8.688981171E0,-3.944447479E0,9.819093782E0
3.214190979E1,-2.811004486E0,-7.864046631E0,-4.107907562E0,9.306980185E0
3.215191179E1,-2.885549469E0,-7.539222107E0,-4.263883209E0,9.129455939E0
3.216191279E1,-2.863994293E0,-7.663164368E0,-4.698279877E0,9.434001550E0
3.217191379E1,-2.695444794E0,-8.146060181E0,-5.069807281E0,9.966276385E0
3.218191479E1,-2.411335602E0,-8.910969543E0,-5.023104401E0,1.050959064E1
3.219191579E1,-2.267035675E0,-9.739047546E0,-4.892426147E0,1.113213059E1
3.220191779E1,-2.276466064E0,-1.032837204E1,-4.918022919E0,1.166381225E1
3.221191879E1,-2.450104980E0,-1.070439011E1,-4.923411713E0,1.203440754E1
3.222191979E1,-2.659519501E0,-1.070873108E1,-5.055137787E0,1.213690172E1
3.223192079E1,-2.878364410E0,-1.027538223E1,-5.108127594E0,1.183052954E1
3.224192279E1,-3.247945862E0,-9.606573029E0,-4.917723541E0,1.127028848E1
3.225192379E1,-3.824247437E0,-9.014853516E0,-4.841531982E0,1.092395919E1
3.226192479E1,-4.322860565E0,-8.480464783E0,-4.703968048E0,1.061756666E1
3.227192579E1,-4.972808990E0,-8.036787415E0,-4.444707184E0,1.044385959E1
3.228192679E1,-5.860313416E0,-7.620503082E0,-4.194128265E0,1.048837702E1
3.229192879E1,-6.665489044E0,-7.183561707E0,-3.828438721E0,1.052089569E1
3.230192979E1,-7.178322601E0,-6.917864227E0,-3.606450348E0,1.060149258E1
3.231193079E1,-7.464826813E0,-6.481521606E0,-3.543132019E0,1.050178776E1
3.232193179E1,-7.562274170E0,-6.264173584E0,-3.474125519E0,1.041620898E1
3.233193379E1,-7.403155060E0,-6.243516541E0,-3.634442139E0,1.034395347E1
3.234193479E1,-6.922354889E0,-6.126310272E0,-3.529210968E0,9.894746324E0
3.235193579E1,-6.233487396E0,-6.411018219E0,-3.617377625E0,9.645876871E0
3.236193679E1,-5.794899445E0,-6.474336548E0,-3.811823273E0,9.488302797E0
3.237193779E1,-5.766308899E0,-6.366410980E0,-4.090843048E0,9.514016183E0
3.238193979E1,-6.001619568E0,-6.207142181E0,-4.462370453E0,9.719094688E0
3.239194079E1,-6.330335999E0,-6.018235016E0,-4.548591156E0,9.847943342E0
3.240194179E1,-6.453679504E0,-6.277944946E0,-4.432133331E0,1.003525674E1
3.241194279E1,-6.171216888E0,-6.729705505E0,-4.674479370E0,1.025785608E1
3.242194479E1,-5.801934814E0,-6.659651184E0,-4.926106110E0,1.011335369E1
3.243194579E1,-5.290598145E0,-6.510411530E0,-4.812342682E0,9.671325095E0
3.244194679E1,-4.812192993E0,-6.314169617E0,-4.503235474E0,9.127161064E0
3.245194779E1,-4.610412598E0,-5.882916412E0,-4.190386047E0,8.568777338E0
3.246194979E1,-4.849315796E0,-5.633085938E0,-4.331542511E0,8.602893780E0
3.247195079E1,-5.364095306E0,-5.491779785E0,-4.473746796E0,8.885244738E0
3.248195179E1,-5.788313141E0,-5.420228577E0,-4.440964966E0,9.088763209E0
3.249195279E1,-5.984854431E0,-5.369334412E0,-4.453089752E0,9.191204650E0
3.250195429E1,-5.936205597E0,-5.180427246E0,-4.605772247E0,9.126253412E0
3.251195629E1,-5.685776367E0,-4.921016693E0,-5.037025452E0,9.050750444E0
3.252195729E1,-5.262905731E0,-4.761448517E0,-5.549859009E0,9.009467450E0
3.253195829E1,-4.709057465E0,-4.688101044E0,-6.195316772E0,9.084903055E0
3.254195929E1,-4.139940948E0,-4.603377228E0,-6.751260681E0,9.160224547E0
3.255196129E1,-3.769910431E0,-4.367617493E0,-7.395970001E0,9.380228114E0
3.256196229E1,-3.723656616E0,-3.932472382E0,-8.154293060E0,9.788894368E0
3.257196329E1,-4.045786743E0,-3.372786255E0,-8.816965027E0,1.027048927E1
3.258196429E1,-4.567751312E0,-2.951562195E0,-9.267827454E0,1.074563619E1
3.259196529E1,-5.176385651E0,-2.731370087E0,-9.588610382E0,1.123373491E1
3.260196729E1,-5.928122406E0,-2.769840088E0,-9.673184509E0,1.167840520E1
3.261196829E1,-6.640041962E0,-2.933898926E0,-9.542057190E0,1.198952775E1
3.262196929E1,-7.152576141E0,-3.107238464E0,-9.302555237E0,1.213885539E1
3.263197029E1,-7.494016113E0,-3.289259949E0,-8.992100830E0,1.215883982E1
3.264197229E1,-7.737709351E0,-3.442092133E0,-8.839118958E0,1.224133033E1
3.265197329E1,-7.840545502E0,-3.539838867E0,-8.762029266E0,1.227915998E1
3.266197429E1,-7.784262543E0,-3.632795563E0,-8.622070312E0,1.217095080E1
3.267197529E1,-7.627388763E0,-3.835474091E0,-8.088879089E0,1.176086246E1
3.268197629E1,-7.294930115E0,-4.198918304E0,-7.090605011E0,1.100561674E1
3.269197829E1,-6.803801422E0,-4.541555786E0,-6.137237549E0,1.022658924E1
3.270197929E1,-6.483916626E0,-4.719086609E0,-5.972879333E0,9.999312015E0
3.271198029E1,-6.363267517E0,-4.721631317E0,-6.169720001E0,1.004243101E1
3.272198129E1,-6.202501831E0,-4.624782715E0,-6.323749695E0,9.992469881E0
3.273198329E1,-5.972280579E0,-4.508773956E0,-6.467301178E0,9.890559257E0
3.274198429E1,-5.627697144E0,-4.369114380E0,-6.567742310E0,9.689962572E0
3.275198529E1,-5.127886505E0,-4.198319550E0,-6.563850403E0,9.327659897E0
3.276198629E1,-4.552782440E0,-3.985462189E0,-6.557563477E0,8.922632770E0
3.277198829E1,-3.947740631E0,-3.736080780E0,-6.484216003E0,8.460969972E0
3.278198929E1,-3.527863770E0,-3.486100616E0,-6.369105377E0,8.072436038E0
3.279199029E1,-3.340004425E0,-3.331172791E0,-6.231092377E0,7.815296151E0
3.280199129E1,-3.433110809E0,-3.279230804E0,-6.168522491E0,7.783975477E0
3.281199229E1,-3.651057587E0,-3.340603180E0,-6.335126038E0,8.038885061E0
3.282199429E1,-3.847000122E0,-3.561693420E0,-6.689588928E0,8.499157016E0
3.283199529E1,-3.865112457E0,-3.925437012E0,-7.059320068E0,8.954448608E0
3.284199629E1,-3.765270081E0,-4.311334534E0,-7.537725220E0,9.464785562E0
3.285199729E1,-3.687581635E0,-4.646786957E0,-7.952812042E0,9.921597992E0
3.286199929E1,-3.851341095E0,-4.837640076E0,-8.208480377E0,1.027690322E1
3.287200029E1,-4.316873016E0,-4.796026611E0,-8.309520264E0,1.052071247E1
3.288200129E1,-4.910688171E0,-4.473297729E0,-8.314909058E0,1.064250739E1
3.289200229E1,-5.352120209E0,-4.057462463E0,-8.380472717E0,1.073967017E1
3.290200429E1,-5.562582550E0,-3.698059845E0,-8.639583893E0,1.092064014E1
3.291200529E1,-5.585484924E0,-3.537892914E0,-8.762927399E0,1.097739608E1
3.292200629E1,-5.368585968E0,-3.581003265E0,-8.747509460E0,1.087033677E1
3.293200729E1,-5.017565918E0,-3.677702179E0,-8.736582184E0,1.072517269E1
3.294200829E1,-4.730612640E0,-3.763174438E0,-8.657995605E0,1.055940650E1
3.295201029E1,-4.620292053E0,-3.744463348E0,-8.637039185E0,1.048649371E1
3.296201129E1,-4.674179993E0,-3.565285950E0,-8.548124084E0,1.037447097E1
3.297201229E1,-4.868326263E0,-3.280578003E0,-8.573122101E0,1.039043864E1
3.298201329E1,-5.023703156E0,-2.933449860E0,-8.740324402E0,1.049933294E1
3.299201529E1,-5.246889038E0,-2.522704010E0,-8.853189697E0,1.059588826E1
3.300201629E1,-5.588329010E0,-2.207309875E0,-8.754694519E0,1.061820673E1
3.301201729E1,-6.008505249E0,-1.953886871E0,-8.601562958E0,1.067270793E1
3.302201829E1,-6.317762146E0,-1.836530914E0,-8.532556458E0,1.077457582E1
3.303201929E1,-6.442003784E0,-1.917063446E0,-8.506360931E0,1.084125091E1
3.304202129E1,-6.365063782E0,-2.264640656E0,-8.363707581E0,1.075147612E1
3.305202229E1,-6.311774597E0,-2.824626160E0,-8.037835236E0,1.060300933E1
3.306202329E1,-6.409521332E0,-3.427722015E0,-7.593708801E0,1.051169136E1
3.307202429E1,-6.604266357E0,-3.928730164E0,-7.326364746E0,1.061729133E1
3.308202629E1,-6.752009125E0,-4.182901611E0,-7.215894470E0,1.073104963E1
3.309202729E1,-6.780000916E0,-4.138593750E0,-7.081773376E0,1.064179895E1
3.310202829E1,-6.669081573E0,-3.849245453E0,-7.077432404E0,1.045865140E1
3.311202929E1,-6.519692230E0,-3.447331238E0,-7.016808472E0,1.017968961E1
3.312203029E1,-6.183042297E0,-3.423381042E0,-6.554719391E0,9.639185448E0
3.313203229E1,-5.847440186E0,-3.560196533E0,-5.981710968E0,9.091117763E0
3.314203329E1,-5.214855652E0,-3.770359497E0,-5.854924622E0,8.700027157E0
3.315203429E1,-4.586911469E0,-3.602259064E0,-6.302493896E0,8.587051677E0
3.316203529E1,-4.500241699E0,-3.136876831E0,-6.582411804E0,8.568565619E0
3.317203729E1,-4.894072723E0,-2.715203705E0,-6.944209442E0,8.918874579E0
3.318203829E1,-5.251080322E0,-2.445165253E0,-7.494764557E0,9.472284488E0
3.319203929E1,-5.311255188E0,-2.232307892E0,-7.777077484E0,9.678613764E0
3.320204029E1,-5.209915924E0,-2.139051819E0,-7.912695465E0,9.712338346E0
3.321204229E1,-5.129233704E0,-2.131567383E0,-8.024662628E0,9.759499382E0
3.322204329E1,-5.198988647E0,-2.209106140E0,-8.037535858E0,9.824032551E0
3.323204429E1,-5.338049469E0,-2.355052643E0,-8.056396637E0,9.947189143E0
3.324204529E1,-5.373974762E0,-2.487078094E0,-8.071664886E0,1.001084094E1
3.325204729E1,-5.328768768E0,-2.590513000E0,-8.154891815E0,1.008011878E1
3.326204829E1,-5.404960327E0,-2.672243042E0,-8.199648743E0,1.017785432E1
3.327204929E1,-5.676495667E0,-2.687211914E0,-8.134534149E0,1.027688458E1
3.328205029E1,-5.974226532E0,-2.574795685E0,-7.924820251E0,1.025298647E1
3.329205129E1,-6.191873932E0,-2.409090271E0,-7.676786041E0,1.015263821E1
3.330205329E1,-6.312523041E0,-2.315834198E0,-7.280859375E0,9.910698684E0
3.331205429E1,-6.227799225E0,-2.325114899E0,-6.884034576E0,9.569826254E0
3.332205529E1,-6.064937897E0,-2.314487000E0,-6.790628815E0,9.394304735E0
3.333205629E1,-5.947282562E0,-2.261197815E0,-6.847061462E0,9.346947957E0
3.334205829E1,-6.000122681E0,-2.115550690E0,-6.942862244E0,9.417025169E0
3.335205929E1,-6.212231598E0,-1.925446014E0,-7.029831390E0,9.576935478E0
3.336206029E1,-6.492448883E0,-1.721569977E0,-7.052733765E0,9.739442963E0
3.337206129E1,-6.693480835E0,-1.641187134E0,-7.079228668E0,9.879861306E0
3.338206229E1,-6.699618073E0,-1.717977448E0,-7.088659058E0,9.903808160E0
3.339206429E1,-6.546037445E0,-1.923949127E0,-7.258705444E0,9.961977274E0
3.340206529E1,-6.295608215E0,-2.136656799E0,-7.665709076E0,1.014707252E1
3.341206629E1,-6.065536652E0,-2.251468048E0,-8.023914185E0,1.030742655E1
3.342206729E1,-5.913003845E0,-2.285597076E0,-8.398585052E0,1.052253769E1
3.343206929E1,-5.896089020E0,-2.185455322E0,-8.746461639E0,1.077221759E1
3.344207029E1,-6.028862915E0,-2.065404968E0,-8.871302032E0,1.092305294E1
3.345207129E1,-6.300997009E0,-1.982178040E0,-8.842561798E0,1.103732269E1
3.346207229E1,-6.417604523E0,-1.930535431E0,-8.617130585E0,1.091638926E1
3.347207429E1,-6.347250824E0,-1.843117218E0,-8.355923767E0,1.065392585E1
3.348207529E1,-6.136788483E0,-1.722917175E0,-8.196654968E0,1.038334094E1
3.349207629E1,-5.934708710E0,-1.569486237E0,-8.170160065E0,1.021937229E1
3.350207696E1,-5.884712677E0,-1.390458527E0,-8.166717224E0,1.016161840E1
3.351207796E1,-6.008954315E0,-1.292412415E0,-7.974666595E0,1.006842436E1
3.352207996E1,-6.144721985E0,-1.266516266E0,-7.784112854E0,9.997703969E0
3.353208096E1,-6.270310822E0,-1.194815369E0,-7.631430359E0,9.949025625E0
3.354208196E1,-6.372548218E0,-1.140178986E0,-7.331903229E0,9.780909153E0
3.355208296E1,-6.428831177E0,-1.159039764E0,-7.076983337E0,9.631040267E0
3.356208496E1,-6.509812775E0,-1.198258209E0,-6.738836517E0,9.445919897E0
3.357208596E1,-6.559509430E0,-1.247655487E0,-6.397546234E0,9.247291819E0
3.358208696E1,-6.564748535E0,-1.274449768E0,-6.186634827E0,9.110136992E0
3.359208796E1,-6.663243713E0,-1.182540894E0,-5.980663147E0,9.031364871E0
3.360208996E1,-6.841373291E0,-9.592053223E-1,-5.912405090E0,9.092909177E0
3.361209096E1,-7.104376373E0,-6.503974915E-1,-6.024222565E0,9.337367834E0
3.362209196E1,-7.366780701E0,-2.856060791E-1,-6.482120361E0,9.816766937E0
3.363209296E1,-7.545509033E0,1.573228455E-1,-7.324269104E0,1.051686146E1
3.364209396E1,-7.552843781E0,6.303392029E-1,-7.867639160E0,1.092440033E1
3.365209596E1,-7.465874634E0,8.388555908E-1,-8.382568359E0,1.125657208E1
3.366209696E1,-7.287445679E0,7.442523193E-1,-8.396788788E0,1.114301745E1
3.367209796E1,-7.065756683E0,3.679348755E-1,-8.101752319E0,1.075633228E1
3.368209896E1,-6.764882355E0,-1.347198486E-3,-7.910899200E0,1.040893661E1
3.369210096E1,-6.579268341E0,4.909790039E-2,-7.696844330E0,1.012573924E1
3.370210196E1,-6.752907257E0,4.791535950E-1,-7.614216156E0,1.018860306E1
3.371210296E1,-7.099885712E0,9.289682007E-1,-7.600594482E0,1.044224092E1
3.372210396E1,-7.350464630E0,1.256337433E0,-7.426207123E0,1.052408030E1
3.373210596E1,-7.658823395E0,1.296004944E0,-7.199279022E0,1.059088396E1
3.374210696E1,-7.936346283E0,9.008267212E-1,-7.119045868E0,1.069943434E1
3.375210796E1,-8.081244965E0,4.317022705E-1,-7.139253845E0,1.079174835E1
3.376210896E1,-8.048912201E0,2.564167786E-1,-7.239245911E0,1.082854646E1
3.377210996E1,-7.924670563E0,5.222639465E-1,-7.412286072E0,1.086347771E1
3.378211196E1,-7.775430908E0,1.024768982E0,-7.601941681E0,1.092231636E1
3.379211296E1,-7.551346893E0,1.505868530E0,-7.844736786E0,1.099228708E1
3.380211396E1,-7.251520386E0,1.947599945E0,-7.785759430E0,1.081645706E1
3.381211496E1,-6.904691620E0,2.244282990E0,-7.618856506E0,1.052418866E1
3.382211696E1,-6.428681488E0,2.390977936E0,-7.333250427E0,1.004098018E1
3.383211796E1,-6.048023071E0,2.363135834E0,-7.120692444E0,9.636765791E0
3.384211896E1,-5.716761932E0,2.151026917E0,-7.011719055E0,9.299058441E0
3.385211996E1,-5.580245819E0,1.706601105E0,-7.292834473E0,9.340078446E0
3.386212196E1,-5.738766174E0,1.289568329E0,-7.908504181E0,9.856006395E0
3.387212296E1,-5.896538086E0,1.062191162E0,-8.529113617E0,1.042320443E1
3.388212396E1,-5.969137115E0,1.112037506E0,-8.822204132E0,1.070973908E1
3.389212496E1,-5.819897461E0,1.294508057E0,-8.822353821E0,1.064804604E1
3.390212596E1,-5.387746124E0,1.586550751E0,-8.452922058E0,1.014873602E1
3.391212796E1,-4.961582336E0,1.919159088E0,-8.111332397E0,9.700215675E0
3.392212896E1,-4.705464935E0,2.271975403E0,-7.872429199E0,9.448725522E0
3.393212996E1,-4.680766296E0,2.604883118E0,-7.729027405E0,9.403874404E0
3.394213096E1,-4.789290619E0,2.872975616E0,-7.685018921E0,9.500042597E0
3.395213296E1,-4.827311554E0,2.985691223E0,-7.602390747E0,9.487551528E0
3.396213396E1,-4.743485870E0,2.937790833E0,-7.540120239E0,9.380015267E0
3.397213496E1,-4.614304504E0,2.758613434E0,-7.542215881E0,9.262115014E0
3.398213596E1,-4.494852905E0,2.539020081E0,-7.591164093E0,9.180201408E0
3.399213796E1,-4.368964691E0,2.271676025E0,-7.378456421E0,8.870737489E0
3.400213896E1,-4.309388580E0,1.929786987E0,-7.161707153E0,8.578167468E0
3.401213996E1,-4.217928772E0,1.590891724E0,-6.912325745E0,8.252400063E0
3.402214096E1,-4.077371063E0,1.445244598E0,-6.879843292E0,8.126864738E0
3.403214196E1,-4.054917755E0,1.697769470E0,-7.070397034E0,8.325580664E0
3.404214396E1,-3.977977753E0,2.138303375E0,-7.153324585E0,8.459710453E0
3.405214496E1,-3.811823273E0,2.561772766E0,-7.376510468E0,8.689394861E0
3.406214596E1,-3.895349579E0,2.958597565E0,-7.801327057E0,9.208026485E0
3.407214696E1,-4.095483398E0,3.222049713E0,-8.298143921E0,9.798662212E0
3.408214896E1,-4.218078461E0,3.335813141E0,-8.751551056E0,1.027178081E1
3.409214996E1,-4.355043640E0,3.349584503E0,-9.216184845E0,1.072959387E1
3.410215096E1,-4.062252502E0,3.239862671E0,-9.486822052E0,1.081657978E1
3.411215196E1,-3.634142761E0,3.272345123E0,-9.101672974E0,1.033226438E1
3.412215396E1,-3.412154388E0,3.357068939E0,-9.683812408E0,1.080226514E1
3.413215496E1,-2.769989777E0,3.404370575E0,-9.374854889E0,1.035135192E1
3.414215596E1,-2.514171753E0,3.871698761E0,-8.757837982E0,9.900042274E0
3.415215696E1,-2.967578888E0,4.483925629E0,-8.624914398E0,1.016372284E1
3.416215796E1,-3.406615906E0,4.574636993E0,-8.545729065E0,1.027432824E1
3.417215996E1,-3.539240112E0,4.479584656E0,-8.359216919E0,1.012271736E1
3.418216096E1,-3.521726532E0,4.272116089E0,-8.334667969E0,1.000600938E1
3.419216196E1,-3.425776062E0,3.979774017E0,-8.189170532E0,9.728157938E0
3.420216296E1,-3.442241821E0,3.674558716E0,-7.896978149E0,9.365557880E0
3.421216496E1,-3.586092682E0,3.426524506E0,-7.592960358E0,9.069408906E0
3.422216596E1,-3.705095215E0,3.259621582E0,-7.275919647E0,8.791579501E0
3.423216696E1,-3.789070587E0,3.242257690E0,-7.007827148E0,8.601100638E0
3.424216796E1,-3.882476349E0,3.429667969E0,-7.037016449E0,8.738183191E0
3.425216996E1,-3.923790436E0,3.882925415E0,-7.170538788E0,9.049302054E0
3.426217096E1,-3.916755066E0,4.600533142E0,-7.618557129E0,9.723594406E0
3.427217196E1,-3.866908722E0,5.342540131E0,-8.141868896E0,1.047786940E1
3.428217296E1,-3.696862335E0,5.814658356E0,-8.390352173E0,1.085702779E1
3.429217396E1,-3.466341705E0,5.830525360E0,-8.402776337E0,1.079894444E1
3.430217596E1,-3.223097534E0,5.461692352E0,-8.135581970E0,1.031533495E1
3.431217696E1,-3.052751770E0,4.953948212E0,-7.628586273E0,9.594593518E0
3.432217796E1,-3.040776672E0,4.524640961E0,-7.134164429E0,8.978585673E0
3.433217896E1,-3.199895782E0,4.272714844E0,-6.895710297E0,8.720449854E0
3.434218096E1,-3.501668243E0,4.155358887E0,-6.887028351E0,8.772676186E0
3.435218196E1,-3.744762726E0,4.152215424E0,-6.855294342E0,8.846423080E0
3.436218296E1,-3.827390900E0,4.259691925E0,-6.880591736E0,8.951895834E0
3.437218396E1,-3.836372223E0,4.450395355E0,-6.824159088E0,9.005160627E0
3.438218596E1,-3.830983429E0,4.668940887E0,-6.685996399E0,9.009882957E0
3.439218696E1,-3.752546539E0,4.796176300E0,-6.580914917E0,8.966234091E0
3.440218796E1,-3.626808014E0,4.898413696E0,-6.603218536E0,8.986138667E0
3.441218896E1,-3.555705872E0,5.048551483E0,-6.995103607E0,9.330722952E0
3.442219096E1,-3.590283966E0,5.149441681E0,-7.255262604E0,9.594046280E0
3.443219196E1,-3.545976105E0,5.481600952E0,-7.306007080E0,9.797940344E0
3.444219296E1,-3.542533264E0,5.640121307E0,-7.442074127E0,9.987240740E0
3.445219396E1,-3.478017426E0,5.756878510E0,-7.379055176E0,9.984423402E0
3.446219496E1,-3.258723450E0,5.989794159E0,-7.287146301E0,9.979950591E0
3.447219696E1,-3.139720917E0,6.103707275E0,-7.368576965E0,1.007020439E1
3.448219796E1,-3.148702240E0,6.180198212E0,-7.444469147E0,1.017493472E1
3.449219896E1,-3.277284851E0,6.040388947E0,-7.367828522E0,1.007530604E1
3.450220004E1,-3.521726532E0,5.838758240E0,-7.264992371E0,9.963622318E0
3.451220204E1,-3.800297241E0,5.474415894E0,-7.424710236E0,9.976863765E0
3.452220304E1,-4.002377014E0,5.068310394E0,-7.419770508E0,9.836655245E0
3.453220404E1,-3.933520203E0,4.916675720E0,-7.366032257E0,9.690444393E0
3.454220504E1,-3.676804047E0,5.086273041E0,-7.317832489E0,9.640525597E0
3.455220704E1,-3.365152130E0,5.441933441E0,-7.157665558E0,9.600576268E0
3.456220804E1,-3.083887024E0,5.638774109E0,-7.181615753E0,9.637517183E0
3.457220904E1,-2.842738495E0,6.206992493E0,-7.223378906E0,9.939070418E0
3.458221004E1,-2.764002228E0,6.434818726E0,-7.261250153E0,1.008822849E1
3.459221104E1,-2.858455811E0,6.540798340E0,-7.142546997E0,1.009795970E1
3.460221304E1,-2.939287720E0,6.541546783E0,-6.920708313E0,9.966315777E0
3.461221404E1,-2.930007019E0,6.417005768E0,-6.792275391E0,9.792747783E0
3.462221504E1,-2.841990051E0,6.337970123E0,-6.621929626E0,9.596703846E0
3.463221604E1,-2.735411682E0,6.399043121E0,-6.539301453E0,9.549486553E0
3.464221804E1,-2.818339233E0,6.691834259E0,-6.841522980E0,9.976478260E0
3.465221904E1,-3.055595856E0,7.059469757E0,-7.214696960E0,1.054630890E1
3.466222004E1,-3.179687805E0,7.248825989E0,-7.255412292E0,1.073763942E1
3.467222104E1,-3.148402863E0,7.389234009E0,-7.175628204E0,1.077046238E1
3.468222304E1,-3.060236206E0,7.508984985E0,-7.046596527E0,1.074264510E1
3.469222404E1,-2.916235657E0,7.476951599E0,-6.656507721E0,1.042680827E1
3.470222504E1,-2.763253784E0,7.304510193E0,-6.093528442E0,9.905681678E0
3.471222604E1,-2.800975342E0,7.168293457E0,-5.879174194E0,9.684760356E0
3.472222804E1,-3.036884766E0,7.225025482E0,-5.706134033E0,9.694515352E0
3.473222904E1,-3.237168274E0,7.332951050E0,-5.487289124E0,9.713998737E0
3.474223004E1,-3.300785980E0,7.356901245E0,-5.309159546E0,9.654344053E0
3.475223104E1,-3.237767029E0,7.180268555E0,-5.183720398E0,9.429228442E0
3.476223304E1,-3.013533325E0,6.873107300E0,-4.935386810E0,8.982150635E0
3.477223404E1,-2.760409698E0,6.567592621E0,-4.666695557E0,8.516524054E0
3.478223504E1,-2.528691559E0,6.397995300E0,-4.555776215E0,8.251286068E0
3.479223604E1,-2.358944550E0,6.419251099E0,-4.538562012E0,8.207919906E0
3.480223704E1,-2.240391083E0,6.609954529E0,-4.600982208E0,8.359419140E0
3.481223904E1,-2.148482208E0,6.767427063E0,-4.597389679E0,8.458725478E0
3.482224004E1,-2.000889130E0,6.801107025E0,-4.685256958E0,8.497661257E0
3.483224104E1,-1.811532898E0,6.840475159E0,-4.950655060E0,8.636129767E0
3.484224204E1,-1.505569153E0,6.903045044E0,-5.208269348E0,8.777518952E0
3.485224404E1,-1.167422333E0,7.081923065E0,-5.647006989E0,9.132644586E0
3.486224504E1,-9.559121704E-1,7.453749847E0,-5.976322174E0,9.601488509E0
3.487224604E1,-9.927355957E-1,7.987240448E0,-5.992787933E0,1.003469188E1
3.488224704E1,-1.247206421E0,8.353379059E0,-5.778882751E0,1.023376526E1
3.489224904E1,-1.676813049E0,8.360564117E0,-5.386398926E0,1.008583302E1
3.490225004E1,-2.139650574E0,8.162226562E0,-5.115312653E0,9.867444987E0
3.491225104E1,-2.457140350E0,7.866441650E0,-5.093158722E0,9.688070433E0
3.492225204E1,-2.534828796E0,7.465575256E0,-5.250331879E0,9.472389127E0
3.493225304E1,-2.425855408E0,7.046147461E0,-5.521268463E0,9.274555188E0
3.494225504E1,-2.212399292E0,6.683451691E0,-5.782026215E0,9.110162692E0
3.495225604E1,-1.959575043E0,6.434818726E0,-5.954018555E0,8.983159986E0
3.496225704E1,-1.657652893E0,6.303841095E0,-6.047274628E0,8.891330389E0
3.497225804E1,-1.322499847E0,6.297853546E0,-6.180946655E0,8.922783573E0
3.498226004E1,-9.773176575E-1,6.423143005E0,-6.304589539E0,9.053163266E0
3.499226104E1,-6.715036011E-1,6.734944611E0,-6.524482269E0,9.401024672E0
3.500226204E1,-5.263055420E-1,7.187303925E0,-6.813980255E0,9.917896054E0
3.501226304E1,-6.227050781E-1,7.746540985E0,-7.155120850E0,1.056373103E1
3.502226504E1,-1.039887543E0,8.290210419E0,-7.491920471E0,1.122220242E1
3.503226604E1,-1.709744568E0,8.604107666E0,-7.595654755E0,1.160378673E1
3.504226704E1,-2.447111206E0,8.638536072E0,-7.344626770E0,1.159983625E1
3.505226804E1,-3.033441925E0,8.419541473E0,-6.821464691E0,1.125268097E1
3.506227004E1,-3.355871429E0,8.034242706E0,-6.128106537E0,1.064728222E1
3.507227104E1,-3.494932251E0,7.610923004E0,-5.440137177E0,9.986780908E0
3.508227204E1,-3.561543732E0,7.223977661E0,-4.850213928E0,9.401862696E0
3.509227304E1,-3.640130310E0,6.934479675E0,-4.600084076E0,9.082859161E0
3.510227404E1,-3.805985413E0,6.770271149E0,-4.547393646E0,9.000049187E0
3.511227604E1,-3.993395691E0,6.695576477E0,-4.484973450E0,8.994050275E0
3.512227704E1,-4.065395966E0,6.644083557E0,-4.390669556E0,8.941435557E0
3.513227804E1,-4.008813629E0,6.652166748E0,-4.198618927E0,8.828947279E0
3.514227904E1,-3.869752808E0,6.704857178E0,-4.069886627E0,8.746089053E0
3.515228104E1,-3.765419769E0,6.844367065E0,-4.266427917E0,8.900907467E0
3.516228204E1,-3.715124359E0,7.072642365E0,-4.437222748E0,9.138564698E0
3.517228304E1,-3.898642731E0,7.352111206E0,-4.626878357E0,9.521604784E0
3.518228404E1,-4.273612976E0,7.744894409E0,-4.735851746E0,1.003371561E1
3.519228604E1,-4.718188477E0,8.227041779E0,-4.755161591E0,1.060929219E1
3.520228704E1,-5.063819733E0,8.726103973E0,-4.877008209E0,1.120590781E1
3.521228804E1,-5.030139771E0,9.200916595E0,-4.952151947E0,1.159667975E1
3.522228904E1,-4.603826294E0,9.471853180E0,-4.979095917E0,1.164914655E1
3.523229104E1,-3.955674133E0,9.427994385E0,-4.979544983E0,1.137234823E1
3.524229204E1,-3.280428314E0,9.138945465E0,-4.764741669E0,1.081592794E1
3.525229304E1,-2.863844604E0,8.632847900E0,-4.568499756E0,1.017835246E1
3.526229404E1,-2.781815186E0,8.045469360E0,-4.399501190E0,9.582467515E0
3.527229604E1,-2.893632660E0,7.587272186E0,-4.235891418E0,9.158743653E0
3.528229704E1,-3.165766754E0,7.274871826E0,-4.174668732E0,8.965137938E0
3.529229804E1,-3.530408478E0,7.152576141E0,-4.445156250E0,9.131404249E0
3.530229904E1,-3.807332611E0,7.277416534E0,-4.474195862E0,9.352807153E0
3.531230004E1,-3.881578217E0,7.481292572E0,-4.434977417E0,9.523938927E0
3.532230204E1,-3.840264130E0,7.772586823E0,-4.539609833E0,9.786153071E0
3.533230304E1,-3.857927399E0,8.051456909E0,-4.700824585E0,1.008996105E1
3.534230404E1,-3.938010864E0,8.120912476E0,-5.133275299E0,1.038304697E1
3.535230504E1,-3.959566040E0,8.049510956E0,-5.518873444E0,1.053236697E1
3.536230704E1,-3.817661133E0,7.773484955E0,-6.036946106E0,1.055681406E1
3.537230804E1,-3.677103424E0,7.485334167E0,-6.194718018E0,1.038873662E1
3.538230904E1,-3.715723114E0,7.207511902E0,-5.897585907E0,1.002678142E1
3.539231004E1,-4.024381256E0,6.942712555E0,-5.344935150E0,9.641848053E0
3.540231204E1,-4.721331940E0,6.722071381E0,-4.670288086E0,9.449275620E0
3.541231304E1,-5.807024231E0,6.680607605E0,-4.012555847E0,9.718675466E0
3.542231404E1,-6.918013916E0,6.873107300E0,-3.600462799E0,1.039528032E1
3.543231504E1,-7.388036499E0,7.432494049E0,-3.556604004E0,1.106681902E1
3.544231704E1,-6.711892548E0,8.267607422E0,-3.482807465E0,1.120414128E1
3.545231804E1,-5.218148804E0,9.170978851E0,-3.492986298E0,1.111471472E1
3.546231904E1,-3.714675293E0,9.678124237E0,-3.812871094E0,1.104549172E1
3.547232004E1,-2.848127289E0,9.697284393E0,-4.480183411E0,1.105536960E1
3.548232204E1,-2.696791992E0,9.328002319E0,-5.110672302E0,1.097284310E1
3.549232304E1,-2.807112579E0,8.645571442E0,-5.676645355E0,1.071681338E1
3.550232383E1,-2.809806976E0,7.948620758E0,-6.030958557E0,1.036571504E1
3.551232483E1,-2.544857941E0,7.359296265E0,-6.296805725E0,1.001425513E1
3.552232583E1,-2.134561157E0,6.894213409E0,-6.333778839E0,9.602254123E0
3.553232783E1,-1.818867645E0,6.590944061E0,-6.306984558E0,9.301982442E0
3.554232883E1,-1.670077057E0,6.650220795E0,-6.266119537E0,9.288640807E0
3.555232983E1,-1.980381775E0,6.998546448E0,-5.965993652E0,9.407159221E0
3.556233083E1,-1.661844177E0,7.568112030E0,-6.490502930E0,1.010765423E1
3.557233283E1,-9.880952454E-1,8.637338562E0,-7.011120300E0,1.116851635E1
3.558233383E1,-5.894741821E-1,9.239386597E0,-6.626569977E0,1.138530518E1
3.559233483E1,-7.343728638E-1,9.333690491E0,-5.693560181E0,1.095781498E1
3.560233583E1,-1.777403870E0,9.397158508E0,-5.532046051E0,1.104849700E1
3.561233783E1,-2.657274170E0,9.210496674E0,-5.477259979E0,1.104059472E1
3.562233883E1,-2.752476196E0,8.844956818E0,-5.014123077E0,1.053331935E1
3.563233983E1,-2.496209106E0,8.413853302E0,-4.724625092E0,9.967249849E0
3.564234083E1,-2.243833923E0,8.033494263E0,-4.805157623E0,9.626077110E0
3.565234283E1,-1.866618347E0,7.738008728E0,-5.026098175E0,9.413963352E0
3.566234383E1,-1.407523041E0,7.565567322E0,-5.244344330E0,9.312468924E0
3.567234483E1,-1.002465363E0,7.554789734E0,-5.556145935E0,9.431359519E0
3.568234583E1,-6.722520447E-1,7.753276978E0,-5.930218048E0,9.784309521E0
3.569234783E1,-3.204835510E-1,8.110434265E0,-6.177503815E0,1.020016701E1
3.570234883E1,1.110690308E-1,8.512049103E0,-6.338568878E0,1.061342413E1
3.571234983E1,5.665718079E-1,8.836424561E0,-6.394702148E0,1.092225335E1
3.572235083E1,9.677375793E-1,9.009913788E0,-6.437962189E0,1.111586342E1
3.573235283E1,1.278491364E0,9.007518768E0,-6.465355225E0,1.116112686E1
3.574235383E1,1.385518799E0,8.898844757E0,-6.467600555E0,1.108778415E1
3.575235483E1,1.339115295E0,8.721912689E0,-6.399342499E0,1.090030161E1
3.576235583E1,1.213227081E0,8.506809998E0,-6.216871948E0,1.060599986E1
3.577235683E1,1.110989685E0,8.329578552E0,-5.989045715E0,1.031914946E1
3.578235883E1,1.004261627E0,8.215665436E0,-5.836063843E0,1.012745482E1
3.579235983E1,7.776329041E-1,8.192313995E0,-5.700745239E0,1.001085500E1
3.580236083E1,6.033952332E-1,8.250692596E0,-5.483846283E0,9.925249830E0
3.581236183E1,5.248086548E-1,8.379125519E0,-5.199737091E0,9.875344774E0
3.582236383E1,4.715194702E-1,8.572673035E0,-4.980592804E0,9.925691827E0
3.583236483E1,4.242178345E-1,8.708740082E0,-4.885390778E0,9.994456345E0
3.584236583E1,4.031117249E-1,8.709488525E0,-4.895719299E0,9.999287819E0
3.585236683E1,4.635859680E-1,8.598868561E0,-4.734803925E0,9.827198008E0
3.586236883E1,4.923262024E-1,8.452622681E0,-4.537813568E0,9.606298312E0
3.587236983E1,4.330494690E-1,8.351882172E0,-4.377946014E0,9.439696974E0
3.588237083E1,3.767665100E-1,8.331674194E0,-4.183200989E0,9.330483288E0
3.589237183E1,4.102967834E-1,8.332422638E0,-3.893253937E0,9.206249871E0
3.590237383E1,5.501060486E-1,8.232430573E0,-3.688330078E0,9.037660569E0
3.591237483E1,7.445516968E-1,8.055199127E0,-3.529360657E0,8.825926402E0
3.592237583E1,8.340655518E-1,7.912845154E0,-3.255130920E0,8.596782019E0
3.593237683E1,6.911128235E-1,7.730374603E0,-3.070265350E0,8.346427844E0
3.594237883E1,4.207749939E-1,7.482939148E0,-2.890788574E0,8.032937723E0
3.595237983E1,2.245330811E-1,7.128476257E0,-2.510878601E0,7.561091205E0
3.596238083E1,-2.454895020E-2,6.775510254E0,-2.169588318E0,7.114439916E0
3.597238183E1,-2.341131592E-1,6.563251648E0,-1.977986755E0,6.858827361E0
3.598238383E1,-3.468287659E-1,6.476581879E0,-1.886377258E0,6.754614881E0
3.599238483E1,-5.522016907E-1,6.435567169E0,-1.543590088E0,6.641093423E0
3.600238583E1,-9.035211182E-1,6.353687439E0,-1.108744354E0,6.512680595E0
3.601238683E1,-1.303040314E0,6.227350159E0,-5.456153870E-1,6.385569686E0
3.602238783E1,-1.774260406E0,6.107299805E0,-7.858657837E-2,6.360289832E0
3.603238983E1,-2.221979370E0,6.083798676E0,1.592687988E-1,6.478824368E0
3.604239083E1,-2.550246735E0,6.117478638E0,2.189945984E-1,6.631384616E0
3.605239183E1,-2.873274994E0,6.222709808E0,6.002517700E-2,6.854300079E0
3.606239283E1,-3.163820801E0,6.090983734E0,-3.682342529E-1,6.873531943E0
3.607239483E1,-3.368145905E0,5.570815430E0,-7.945477295E-1,6.558177909E0
3.608239583E1,-3.391796722E0,4.709207153E0,-1.196312256E0,5.925544703E0
3.609239683E1,-3.199297028E0,3.671265564E0,-1.434616699E0,5.076595058E0
3.610239783E1,-3.037034454E0,2.602937164E0,-1.616638184E0,4.314206668E0
3.611239983E1,-3.008743286E0,1.695973206E0,-1.776206360E0,3.883782989E0
3.612240083E1,-3.067121887E0,9.855505371E-1,-1.885179749E0,3.732619619E0
3.613240183E1,-3.184777222E0,4.589456177E-1,-2.023791504E0,3.801206267E0
3.614240283E1,-3.297792206E0,6.990463257E-2,-1.948348389E0,3.830976577E0
3.615240483E1,-3.518134003E0,-2.206411743E-1,-1.697170715E0,3.912331508E0
3.616240583E1,-4.223916321E0,-3.396437073E-1,-2.040406952E0,4.703199705E0
3.617240683E1,-5.321284332E0,-1.628613281E-1,-1.992057495E0,5.684266340E0
3.618240783E1,-6.760691071E0,3.694317627E-1,-1.823807373E0,7.012110732E0
3.619240983E1,-8.593030701E0,1.318009186E0,-2.752775574E0,9.118941726E0
3.620241083E1,-1.013063324E1,2.350112915E0,-3.749552765E0,1.105494941E1
3.621241183E1,-1.058912979E1,2.852468262E0,-3.609893188E0,1.154545684E1
3.622241283E1,-1.026819717E1,2.646197205E0,-3.578757935E0,1.119132437E1
3.623241483E1,-1.011431717E1,2.011966095E0,-4.066892853E0,1.108544256E1
3.624241583E1,-1.066681824E1,1.363364868E0,-4.740192719E0,1.175198715E1
3.625241683E1,-1.176418625E1,1.122366028E0,-5.749094696E0,1.314183676E1
3.626241783E1,-1.294807434E1,1.437011719E0,-6.658603363E0,1.463060595E1
3.627241883E1,-1.383872223E1,2.005230103E0,-7.207811279E0,1.573161543E1
3.628242083E1,-1.415172134E1,2.428998871E0,-7.785609741E0,1.633361477E1
3.629242183E1,-1.387315063E1,2.738106079E0,-8.477471008E0,1.648723895E1
3.630242283E1,-1.343067078E1,2.910248108E0,-8.823551331E0,1.633118243E1
3.631242383E1,-1.295735504E1,2.862048340E0,-7.643555145E0,1.531366402E1
3.632242583E1,-1.201596268E1,2.507735138E0,-4.910388794E0,1.322059048E1
3.633242683E1,-1.033061737E1,2.302511902E0,-2.694696350E0,1.092174916E1
3.634242783E1,-8.342751160E0,2.357747040E0,-2.460433502E0,9.011892201E0
3.635242883E1,-7.015760651E0,2.349065094E0,-2.997366943E0,7.982682063E0
3.636243083E1,-6.920858002E0,2.051034851E0,-4.023632812E0,8.264057142E0
3.637243183E1,-7.500752106E0,1.478475494E0,-5.079537048E0,9.178718242E0
3.638243283E1,-7.951315155E0,7.240443420E-1,-5.355263672E0,9.613870287E0
3.639243383E1,-8.319998474E0,-2.146536255E-1,-5.343288574E0,9.890358112E0
3.640243583E1,-8.818761292E0,-1.150357819E0,-5.765261078E0,1.059868431E1
3.641243683E1,-9.135802002E0,-1.975142670E0,-6.161038055E0,1.119475130E1
3.642243783E1,-9.196725311E0,-2.678679657E0,-6.428082733E0,1.153582805E1
3.643243883E1,-9.013356628E0,-3.247796173E0,-6.646777954E0,1.166055037E1
3.644244083E1,-8.382718048E0,-3.710933075E0,-6.783294067E0,1.140412489E1
3.645244183E1,-7.506290588E0,-4.069138184E0,-6.735992432E0,1.087547139E1
3.646244283E1,-6.813381500E0,-4.278852081E0,-6.656956787E0,1.044250048E1
3.647244383E1,-6.627168732E0,-4.194577332E0,-6.827751617E0,1.039865552E1
3.648244583E1,-7.005581818E0,-3.758683777E0,-7.128027191E0,1.067776437E1
3.649244683E1,-7.672295380E0,-3.040776672E0,-8.137378235E0,1.158996824E1
3.650244833E1,-8.067922668E0,-2.502645721E0,-8.928632812E0,1.229126095E1
3.651244933E1,-8.001610565E0,-2.407294006E0,-9.266480255E0,1.247751948E1
3.652245133E1,-7.552993469E0,-2.583926697E0,-9.271869049E0,1.223486588E1
3.653245233E1,-6.873256989E0,-2.798879700E0,-8.823102264E0,1.152920304E1
3.654245333E1,-6.214776306E0,-3.038082275E0,-8.066575470E0,1.062652475E1
3.655245433E1,-5.723647614E0,-3.314557343E0,-7.180118866E0,9.762199512E0
3.656245633E1,-5.591771851E0,-3.566782837E0,-6.745422821E0,9.459946156E0
3.657245733E1,-6.099515991E0,-3.602857819E0,-7.004683685E0,9.962443140E0
3.658245833E1,-6.861880646E0,-3.548520813E0,-7.256909180E0,1.059906302E1
3.659245933E1,-7.299869843E0,-3.689826965E0,-7.474406891E0,1.108014806E1
3.660246033E1,-7.310348053E0,-4.150269470E0,-7.433092804E0,1.122126526E1
3.661246233E1,-7.113507385E0,-4.841681671E0,-7.014413452E0,1.110161541E1
3.662246333E1,-6.972650299E0,-5.583838348E0,-6.296805725E0,1.092917496E1
3.663246433E1,-7.033723297E0,-6.099216614E0,-5.729036407E0,1.093140269E1
3.664246533E1,-7.251969452E0,-6.131100311E0,-5.487438812E0,1.096783646E1
3.665246733E1,-7.591762848E0,-5.773194580E0,-5.735622711E0,1.112933092E1
3.666246833E1,-7.802823944E0,-5.337899780E0,-6.026467896E0,1.121140272E1
3.667246933E1,-7.584428101E0,-5.448220367E0,-6.033054199E0,1.111775147E1
3.668247033E1,-7.227869568E0,-6.152206421E0,-6.116730194E0,1.129186126E1
3.669247233E1,-7.050787811E0,-6.957232361E0,-6.489604797E0,1.184194500E1
3.670247333E1,-6.893015900E0,-7.306007080E0,-6.819967804E0,1.214097889E1
3.671247433E1,-6.709497528E0,-6.996001740E0,-7.028633881E0,1.197343274E1
3.672247533E1,-6.657555542E0,-6.033203888E0,-7.203619995E0,1.151584717E1
3.673247733E1,-6.885531464E0,-5.114564209E0,-7.666158142E0,1.150388157E1
3.674247833E1,-7.115004272E0,-4.619244232E0,-8.018226013E0,1.167273111E1
3.675247933E1,-7.064409485E0,-4.833149414E0,-7.970924377E0,1.169618955E1
3.676248033E1,-6.903494110E0,-5.378166046E0,-7.879314880E0,1.177567425E1
3.677248233E1,-6.654861145E0,-5.855822754E0,-7.567662964E0,1.165535755E1
3.678248333E1,-6.334676971E0,-6.160139923E0,-7.173831940E0,1.138153421E1
3.679248433E1,-5.995632019E0,-6.227200470E0,-6.827901306E0,1.101570993E1
3.680248533E1,-5.812562714E0,-6.103108521E0,-6.669530640E0,1.074785829E1
3.681248733E1,-5.974376221E0,-5.863756256E0,-6.660249939E0,1.069746409E1
3.682248833E1,-6.339017944E0,-5.620661774E0,-6.613547058E0,1.074774358E1
3.683248933E1,-6.623725891E0,-5.548511810E0,-6.335275726E0,1.071426369E1
3.684249033E1,-6.740782471E0,-5.721252594E0,-6.141877899E0,1.076538637E1
3.685249233E1,-6.957531738E0,-5.956563263E0,-6.024821320E0,1.096295424E1
3.686249333E1,-7.444169769E0,-6.004164276E0,-6.478527832E0,1.155149233E1
3.687249433E1,-7.637567596E0,-5.927074585E0,-6.669680328E0,1.174509632E1
3.688249533E1,-7.635022888E0,-5.900879059E0,-6.568041687E0,1.167275117E1
3.689249733E1,-7.790100403E0,-5.896238708E0,-6.483467560E0,1.172547000E1
3.690249833E1,-8.197702789E0,-5.833668823E0,-6.580016785E0,1.202208983E1
3.691249933E1,-8.529712372E0,-5.813610535E0,-6.977140961E0,1.245931606E1
3.692250033E1,-8.431815948E0,-6.052214355E0,-7.029981079E0,1.253576694E1
3.693250233E1,-7.740852814E0,-6.746021576E0,-6.714736633E0,1.226854912E1
3.694250333E1,-6.708300018E0,-7.651039581E0,-5.954168243E0,1.178947901E1
3.695250433E1,-5.628595276E0,-8.474776611E0,-5.496569824E0,1.156352901E1
3.696250533E1,-4.886737976E0,-8.850046234E0,-5.570815430E0,1.154285541E1
3.697250633E1,-4.521198120E0,-8.645870819E0,-5.575306091E0,1.123727514E1
3.698250833E1,-4.466711426E0,-8.222700806E0,-5.498515778E0,1.085347849E1
3.699250933E1,-4.667593689E0,-7.798333282E0,-5.667364655E0,1.071071683E1
3.700251033E1,-5.043162689E0,-7.306755524E0,-5.942642212E0,1.068349955E1
3.701251133E1,-5.413492584E0,-6.831044769E0,-6.023773499E0,1.059504232E1
3.702251333E1,-5.536985779E0,-6.559958496E0,-5.866300964E0,1.039734360E1
3.703251433E1,-5.340893555E0,-6.481970673E0,-5.583838348E0,1.008565013E1
3.704251533E1,-4.986280975E0,-6.436016235E0,-5.321434021E0,9.726405450E0
3.705251633E1,-4.664150848E0,-6.384523315E0,-5.083279266E0,9.399796232E0
3.706251833E1,-4.537214813E0,-6.264622650E0,-4.980443115E0,9.199816783E0
3.707251933E1,-4.814737701E0,-6.014193420E0,-5.110672302E0,9.245063170E0
3.708252033E1,-5.478158112E0,-5.705684967E0,-5.431305542E0,9.595005843E0
3.709252133E1,-6.290219421E0,-5.563330994E0,-5.539380798E0,1.005993299E1
3.710252333E1,-6.877148895E0,-5.731581116E0,-5.407954102E0,1.045907102E1
3.711252433E1,-7.040159912E0,-6.104306030E0,-5.306315460E0,1.072303070E1
3.712252533E1,-6.951394501E0,-6.277495880E0,-5.691614227E0,1.096007813E1
3.713252633E1,-6.643335114E0,-6.301446075E0,-5.776487732E0,1.082635371E1
3.714252833E1,-6.656657410E0,-5.987399139E0,-6.682703247E0,1.117222265E1
3.715252933E1,-6.877448273E0,-5.631439362E0,-6.772815857E0,1.117512589E1
3.716253033E1,-6.894662476E0,-5.446873169E0,-6.722221069E0,1.106313943E1
3.717253133E1,-6.959328003E0,-5.306764526E0,-6.981032867E0,1.119503532E1
3.718253333E1,-7.078629913E0,-5.235812073E0,-6.949598236E0,1.121684649E1
3.719253433E1,-7.158414001E0,-5.070106659E0,-7.243137817E0,1.137593592E1
3.720253533E1,-7.107220459E0,-4.955894165E0,-7.259154510E0,1.130348592E1
3.721253633E1,-6.924899597E0,-4.980443115E0,-6.702462158E0,1.084813565E1
3.722253833E1,-6.476581879E0,-4.859494629E0,-6.585555267E0,1.043696982E1
3.723253933E1,-5.874833221E0,-5.075495453E0,-5.794151001E0,9.687440596E0
3.724254033E1,-5.342989197E0,-5.374723206E0,-4.626578979E0,8.879212586E0
3.725254133E1,-5.291645966E0,-5.409750366E0,-4.505031738E0,8.806941978E0
3.726254333E1,-5.219046936E0,-5.714666290E0,-4.147724762E0,8.780631095E0
3.727254433E1,-4.933291168E0,-6.267616425E0,-3.489543457E0,8.706163962E0
3.728254533E1,-4.992418213E0,-6.541995850E0,-2.748733978E0,8.676260012E0
3.729254633E1,-4.986879730E0,-6.541995850E0,-2.240091705E0,8.525531654E0
3.730254833E1,-4.655169525E0,-6.418203278E0,-2.204615479E0,8.229475441E0
3.731254933E1,-4.972359924E0,-6.523434448E0,-6.897656250E-1,8.231363000E0
3.732255033E1,-6.307283936E0,-6.395151215E0,-1.196162567E0,9.061489645E0
3.733255133E1,-7.118596802E0,-6.104156342E0,-2.035167847E0,9.595678883E0
3.734255333E1,-6.905889130E0,-5.810317383E0,-2.585722961E0,9.388133786E0
3.735255433E1,-6.324947205E0,-5.559588776E0,-3.335663452E0,9.057628562E0
3.736255533E1,-6.013295288E0,-5.329367523E0,-4.300257568E0,9.113401866E0
3.737255633E1,-6.010151825E0,-5.062472534E0,-5.226381683E0,9.437458271E0
3.738255833E1,-5.998176727E0,-4.873715057E0,-5.787415009E0,9.655329875E0
3.739255933E1,-5.937253418E0,-4.792284393E0,-5.977220306E0,9.692478034E0
3.740256033E1,-5.766757965E0,-4.853656769E0,-6.154751129E0,9.731106973E0
3.741256133E1,-5.532195740E0,-5.084776154E0,-6.149661713E0,9.709710470E0
3.742256333E1,-5.539081421E0,-5.289400635E0,-6.375242615E0,9.965084067E0
3.743256433E1,-5.847440186E0,-5.306914215E0,-6.590794373E0,1.028564367E1
3.744256533E1,-6.195616150E0,-5.230722656E0,-6.626120911E0,1.047146586E1
3.745256633E1,-6.370901642E0,-5.129982147E0,-6.594985657E0,1.050709001E1
3.746256733E1,-6.507268066E0,-5.044360199E0,-6.593488770E0,1.054818476E1
3.747256933E1,-6.687642975E0,-4.955894165E0,-6.531517639E0,1.058046210E1
3.748257033E1,-6.727011108E0,-4.913083191E0,-6.114634552E0,1.033343218E1
3.749257133E1,-6.761439514E0,-4.892126770E0,-5.760770416E0,1.014083056E1
3.750257246E1,-6.969057770E0,-4.778662720E0,-5.757626953E0,1.022514800E1
3.751257446E1,-7.233857117E0,-4.552632751E0,-5.674100647E0,1.025917014E1
3.752257546E1,-7.331603851E0,-4.374503174E0,-5.567522278E0,1.019244806E1
3.753257646E1,-7.326664124E0,-4.248315582E0,-5.640720062E0,1.017575134E1
3.754257746E1,-7.267537079E0,-4.312831421E0,-5.824837189E0,1.026383643E1
3.755257946E1,-7.225025482E0,-4.541256409E0,-6.143973541E0,1.051534183E1
3.756258046E1,-7.116650848E0,-4.799319763E0,-6.140081635E0,1.055370987E1
3.757258146E1,-6.954088898E0,-4.909191284E0,-6.126160583E0,1.048758099E1
3.758258246E1,-6.936275940E0,-4.900808716E0,-6.108497314E0,1.046152902E1
3.759258446E1,-7.129973145E0,-4.802912292E0,-6.330335999E0,1.067603098E1
3.760258546E1,-7.341483307E0,-4.706961823E0,-6.505322113E0,1.087989350E1
3.761258646E1,-7.431745605E0,-4.584666138E0,-6.606062622E0,1.094943239E1
3.762258746E1,-7.241940308E0,-4.467160492E0,-6.606362000E0,1.077242968E1
3.763258946E1,-6.800807648E0,-4.347110138E0,-6.437363434E0,1.032414641E1
3.764259046E1,-6.356082458E0,-4.256997528E0,-6.368506622E0,9.953878077E0
3.765259146E1,-6.125112762E0,-4.216581573E0,-6.207291870E0,9.686435819E0
3.766259246E1,-6.169869690E0,-4.324357452E0,-5.882317657E0,9.558714369E0
3.767259446E1,-6.557114410E0,-4.558171234E0,-5.756429443E0,9.844244731E0
3.768259546E1,-7.210056610E0,-4.854405212E0,-5.925727386E0,1.051971536E1
3.769259646E1,-7.915539551E0,-5.088069305E0,-6.288722534E0,1.131778453E1
3.770259746E1,-8.450527039E0,-5.144951019E0,-6.847959595E0,1.203230979E1
3.771259946E1,-8.657995605E0,-4.927602997E0,-7.282056885E0,1.233979383E1
3.772260046E1,-8.295299835E0,-4.521647186E0,-7.029232635E0,1.177571247E1
3.773260146E1,-7.469616852E0,-4.010160828E0,-6.567891998E0,1.072444736E1
3.774260246E1,-6.790628815E0,-3.422931976E0,-6.201154633E0,9.812411620E0
3.775260446E1,-6.525679779E0,-2.808310089E0,-5.973927155E0,9.282182275E0
3.776260546E1,-6.712640991E0,-2.233954468E0,-5.785768433E0,9.139213204E0
3.777260646E1,-7.327113190E0,-1.956132202E0,-5.590574341E0,9.421653907E0
3.778260746E1,-7.973768463E0,-2.422562256E0,-5.550757141E0,1.001302633E1
3.779260946E1,-8.195158081E0,-3.375630341E0,-5.805826721E0,1.059542921E1
3.780261046E1,-7.666756897E0,-4.141587524E0,-6.170618134E0,1.067747333E1
3.781261146E1,-6.777007141E0,-4.346062317E0,-6.033353577E0,1.006068779E1
3.782261246E1,-6.109994202E0,-3.957320709E0,-5.742508392E0,9.271937175E0
3.783261446E1,-5.647456055E0,-4.021237793E0,-5.776487732E0,9.023963863E0
3.784261546E1,-5.297034760E0,-3.967948608E0,-5.697901154E0,8.733227980E0
3.785261646E1,-5.327271881E0,-3.480262756E0,-5.553601227E0,8.445977808E0
3.786261746E1,-5.683081970E0,-3.172502747E0,-5.858068085E0,8.756663522E0
3.787261946E1,-6.059698792E0,-3.354973297E0,-5.890400848E0,9.092448373E0
3.788262046E1,-6.168073425E0,-3.815266113E0,-6.042334900E0,9.439872687E0
3.789262146E1,-6.091432800E0,-3.991000671E0,-5.992488556E0,9.430989291E0
3.790262246E1,-6.144572296E0,-3.929029541E0,-5.895340576E0,9.378063891E0
3.791262446E1,-6.478378143E0,-3.922143860E0,-6.176306305E0,9.772377162E0
3.792262546E1,-6.927444305E0,-3.852089539E0,-6.472839661E0,1.023355909E1
3.793262646E1,-7.273075562E0,-3.576512604E0,-6.855294342E0,1.061527819E1
3.794262746E1,-7.520660706E0,-3.185525665E0,-7.204518127E0,1.089095922E1
3.795262946E1,-7.678133240E0,-2.743045807E0,-7.482639771E0,1.106652286E1
3.796263046E1,-7.545059967E0,-2.311942291E0,-7.789501648E0,1.108825248E1
3.797263146E1,-7.158863068E0,-2.002984772E0,-7.998467102E0,1.091955788E1
3.798263246E1,-6.704707489E0,-1.878593445E0,-8.219407654E0,1.077222716E1
3.799263446E1,-6.348598022E0,-1.934277649E0,-8.334817657E0,1.065435649E1
3.800263546E1,-6.117927704E0,-2.116748199E0,-8.322842560E0,1.054416287E1
3.801263646E1,-6.012995911E0,-2.428400116E0,-8.242459717E0,1.048767797E1
3.802263746E1,-5.987698517E0,-2.695295105E0,-8.170609131E0,1.048217548E1
3.803263946E1,-6.005810852E0,-2.851420441E0,-8.066126404E0,1.045288275E1
3.804264046E1,-6.041436768E0,-2.880010986E0,-7.968529358E0,1.040629048E1
3.805264146E1,-6.158643036E0,-2.772684174E0,-7.782166901E0,1.030430896E1
3.806264246E1,-6.236032104E0,-2.681224365E0,-7.573051758E0,1.016996428E1
3.807264446E1,-6.244414673E0,-2.651585999E0,-7.351662140E0,1.000352733E1
3.808264546E1,-6.203100586E0,-2.690355377E0,-7.166946259E0,9.852998914E0
3.809264646E1,-6.161038055E0,-2.654280396E0,-7.083719330E0,9.756160817E0
3.810264746E1,-6.170169067E0,-2.550995178E0,-6.890770569E0,9.594857047E0
3.811264946E1,-6.313870239E0,-2.422562256E0,-6.763535156E0,9.564474533E0
3.812265046E1,-6.511459351E0,-2.322570190E0,-6.713988190E0,9.636963867E0
3.813265146E1,-6.678811340E0,-2.301464081E0,-6.705455933E0,9.739938249E0
3.814265246E1,-6.744674377E0,-2.341131592E0,-6.841373291E0,9.888170614E0
3.815265446E1,-6.728957062E0,-2.368973694E0,-6.984326019E0,9.983571978E0
3.816265546E1,-6.643484802E0,-2.366428986E0,-7.113058319E0,1.001656004E1
3.817265646E1,-6.526877289E0,-2.336042175E0,-7.248975677E0,1.003019783E1
3.818265746E1,-6.384223938E0,-2.258353729E0,-7.363188171E0,1.000375014E1
3.819265946E1,-6.296206970E0,-2.088307343E0,-7.565717010E0,1.006197414E1
3.820266046E1,-6.309379578E0,-1.916764069E0,-7.875422974E0,1.027154040E1
3.821266146E1,-6.366410980E0,-1.801204376E0,-8.162825317E0,1.050748510E1
3.822266246E1,-6.475384369E0,-1.674867096E0,-8.417296143E0,1.075112352E1
3.823266446E1,-6.505022736E0,-1.574725342E0,-8.688981171E0,1.096783819E1
3.824266546E1,-6.443500671E0,-1.490300903E0,-8.713380432E0,1.093904458E1
3.825266646E1,-6.308481445E0,-1.409319305E0,-8.673862610E0,1.081753260E1
3.826266746E1,-6.178252258E0,-1.325643311E0,-8.659791870E0,1.072008052E1
3.827266946E1,-6.115532684E0,-1.284628601E0,-8.746162262E0,1.074920299E1
3.828267046E1,-6.061195679E0,-1.230141907E0,-8.817563782E0,1.077036551E1
3.829267146E1,-6.025420074E0,-1.128802643E0,-8.921447754E0,1.082460681E1
3.830267246E1,-6.139632568E0,-1.030307465E0,-9.053323517E0,1.098723297E1
3.831267446E1,-6.303092651E0,-9.333091736E-1,-9.105564880E0,1.111356625E1
3.832267546E1,-6.408623199E0,-8.575666809E-1,-8.985664215E0,1.107014152E1
3.833267646E1,-6.511758728E0,-6.788383484E-1,-8.946146393E0,1.108590811E1
3.834267746E1,-6.541397095E0,-4.269122314E-1,-9.004974060E0,1.113829825E1
3.835267946E1,-6.410569153E0,-1.950444031E-1,-9.165739746E0,1.118678793E1
3.836268046E1,-6.182593231E0,-2.754272461E-2,-9.463919678E0,1.130446785E1
3.837268146E1,-5.950126648E0,-6.256988525E-2,-9.645641785E0,1.133341641E1
3.838268246E1,-5.745202789E0,-3.354524231E-1,-9.798773346E0,1.136379525E1
3.839268446E1,-5.255271606E0,-8.839118958E-1,-1.024005569E1,1.154373945E1
3.840268546E1,-4.535119171E0,-1.261726227E0,-9.827962646E0,1.089716058E1
3.841268646E1,-3.923191681E0,-1.462309113E0,-1.007509872E1,1.091042599E1
3.842268746E1,-3.598516846E0,-1.161434784E0,-1.024634262E1,1.092180348E1
3.843268946E1,-3.982767792E0,-1.034349060E-1,-1.008797195E1,1.084621207E1
3.844269046E1,-4.618196411E0,8.595126343E-1,-1.025008484E1,1.127522679E1
3.845269146E1,-4.973108368E0,1.363364868E0,-1.015847534E1,1.139233040E1
3.846269246E1,-4.999603271E0,1.609752502E0,-9.933942261E0,1.123701672E1
3.847269446E1,-4.750072174E0,1.608405304E0,-9.797126770E0,1.100608224E1
3.848269546E1,-4.316573639E0,1.511257324E0,-9.510472870E0,1.055299962E1
3.849269646E1,-4.044439545E0,1.400487671E0,-9.255852356E0,1.019753204E1
3.850269692E1,-3.936364288E0,1.285975800E0,-9.068442078E0,9.969219592E0
3.851269892E1,-3.835474091E0,1.157842255E0,-8.757688293E0,9.630605611E0
3.852269992E1,-3.853287048E0,1.144669647E0,-8.617579651E0,9.508983580E0
3.853270092E1,-3.836372223E0,1.184486847E0,-8.432414703E0,9.339506339E0
3.854270192E1,-3.747307434E0,1.295106812E0,-8.390052795E0,9.279687525E0
3.855270392E1,-3.634142761E0,1.487456818E0,-8.403075714E0,9.275300688E0
3.856270492E1,-3.458857269E0,1.766925659E0,-8.304879913E0,9.168246848E0
3.857270592E1,-3.247796173E0,2.111808472E0,-8.243507538E0,9.108420913E0
3.858270692E1,-3.093167725E0,2.541714478E0,-8.246052246E0,9.166535698E0
3.859270892E1,-2.877765656E0,2.960244141E0,-8.052355042E0,9.049033222E0
3.860270992E1,-2.627635803E0,3.306474152E0,-7.880811768E0,8.941165212E0
3.861271092E1,-2.449206848E0,3.660637665E0,-7.851023712E0,9.002080628E0
3.862271292E1,-2.249372406E0,3.865711212E0,-7.782316589E0,8.975959609E0
3.863271392E1,-2.043999481E0,3.969744873E0,-7.701484680E0,8.902228626E0
3.864271492E1,-2.005230103E0,4.075275421E0,-7.685617676E0,8.927347679E0
3.865271592E1,-2.110311584E0,4.163292389E0,-7.648345184E0,8.960111749E0
3.866271792E1,-2.244881744E0,4.265978851E0,-7.534432068E0,8.944592567E0
3.867271892E1,-2.376158752E0,4.321513367E0,-7.411837006E0,8.902636463E0
3.868271992E1,-2.376757507E0,4.266427917E0,-7.109166412E0,8.625058290E0
3.869272092E1,-2.272723846E0,4.162543945E0,-6.710695038E0,8.217388495E0
3.870272292E1,-2.151925049E0,4.138743439E0,-6.390810242E0,7.912170007E0
3.871272392E1,-2.042652283E0,4.238136749E0,-6.197562103E0,7.781002987E0
3.872272492E1,-1.987716522E0,4.432732086E0,-6.056854706E0,7.764381472E0
3.873272592E1,-1.942959595E0,4.535119171E0,-6.021528168E0,7.784677216E0
3.874272792E1,-1.923799438E0,4.525838470E0,-6.093229065E0,7.830176152E0
3.875272892E1,-1.937271423E0,4.588857422E0,-6.243217163E0,7.986763647E0
3.876272992E1,-1.885778503E0,4.713548126E0,-6.270610199E0,8.068100692E0
3.877273092E1,-1.773511963E0,4.874014435E0,-5.982459412E0,7.917776330E0
3.878273292E1,-1.666634216E0,5.093009033E0,-5.637277222E0,7.777872787E0
3.879273392E1,-1.518442383E0,5.265749817E0,-5.332810364E0,7.646741448E0
3.880273492E1,-1.363065491E0,5.474415894E0,-4.997357941E0,7.536628112E0
3.881273592E1,-1.360670471E0,5.803731079E0,-4.695585480E0,7.588362245E0
3.882273792E1,-1.561702423E0,6.215973816E0,-4.615801392E0,7.898282562E0
3.883273892E1,-1.816023560E0,6.323450317E0,-4.570296021E0,8.010716023E0
3.884273992E1,-2.070344696E0,6.317911835E0,-4.465214539E0,8.008775062E0
3.885274092E1,-2.404000854E0,6.226152649E0,-4.420158234E0,8.005123093E0
3.886274292E1,-2.775228882E0,6.036946106E0,-4.471950531E0,8.009054575E0
3.887274392E1,-3.112627258E0,5.906267853E0,-4.605173492E0,8.110491434E0
3.888274492E1,-3.296594696E0,5.680686951E0,-4.784201202E0,8.125658248E0
3.889274592E1,-3.325634308E0,5.459746399E0,-5.054239655E0,8.149479295E0
3.890274792E1,-3.225791931E0,5.311404877E0,-5.422324219E0,8.247324129E0
3.891274892E1,-3.031046906E0,5.433251495E0,-5.789061584E0,8.498276365E0
3.892274992E1,-2.833906860E0,5.845045166E0,-6.170618134E0,8.959470366E0
3.893275092E1,-2.607278137E0,6.333030396E0,-6.652466125E0,9.547799685E0
3.894275292E1,-2.398911438E0,6.949149170E0,-7.042704620E0,1.018062565E1
3.895275392E1,-2.204765167E0,7.552843781E0,-7.340136108E0,1.076029910E1
3.896275492E1,-1.987566833E0,7.964338074E0,-7.486980743E0,1.111017477E1
3.897275592E1,-1.868564301E0,8.085585938E0,-7.369475098E0,1.109853124E1
3.898275792E1,-1.879042511E0,7.892936554E0,-7.230414276E0,1.086775684E1
3.899275892E1,-2.241139526E0,7.579787750E0,-7.083569641E0,1.061380458E1
3.900275992E1,-2.891237640E0,7.334298248E0,-6.920408936E0,1.049014994E1
3.901276092E1,-3.579656067E0,7.134164429E0,-6.557413788E0,1.033004914E1
3.902276292E1,-4.068090363E0,6.988217926E0,-6.058501282E0,1.010395896E1
3.903276392E1,-4.260290680E0,6.727909241E0,-5.710025940E0,9.798940538E0
3.904276492E1,-4.286037140E0,6.396348724E0,-5.520220642E0,9.473976320E0
3.905276592E1,-4.282594299E0,6.097869415E0,-5.244194641E0,9.111871530E0
3.906276792E1,-4.211192780E0,5.822591858E0,-4.909041595E0,8.702609376E0
3.907276892E1,-4.176764374E0,5.639073486E0,-4.821024628E0,8.513917364E0
3.908276992E1,-4.247567139E0,5.525609436E0,-4.847220154E0,8.489389228E0
3.909277092E1,-4.370012512E0,5.379662933E0,-4.922064514E0,8.500852999E0
3.910277292E1,-4.529131622E0,5.326224060E0,-5.170547791E0,8.695761062E0
3.911277392E1,-4.728816376E0,5.391188965E0,-5.332660675E0,8.936660039E0
3.912277492E1,-4.878804474E0,5.513334961E0,-5.330864410E0,9.089428522E0
3.913277592E1,-4.984933777E0,5.721102905E0,-5.322182465E0,9.268560266E0
3.914277792E1,-5.172793121E0,5.925128632E0,-5.339845734E0,9.506781287E0
3.915277892E1,-5.495671692E0,6.065386963E0,-5.344635773E0,9.775298353E0
3.916277992E1,-5.841302948E0,6.177354126E0,-5.300477600E0,1.001876175E1
3.917278192E1,-6.068680115E0,6.329587555E0,-5.432053986E0,1.031502629E1
3.918278292E1,-6.150410156E0,6.575077057E0,-5.630241852E0,1.061879497E1
3.919278392E1,-6.121370544E0,6.891519012E0,-5.796546021E0,1.088871698E1
3.920278492E1,-6.029012604E0,7.164850616E0,-5.901926880E0,1.106873155E1
3.921278692E1,-5.823340302E0,7.326514435E0,-6.004313965E0,1.111939262E1
3.922278792E1,-5.574557648E0,7.403005371E0,-6.111341400E0,1.110084119E1
3.923278892E1,-5.342240753E0,7.392527161E0,-6.279441833E0,1.107340886E1
3.924278992E1,-5.190755768E0,7.394173737E0,-6.524482269E0,1.114390504E1
3.925279192E1,-5.079686737E0,7.381150818E0,-6.660848694E0,1.116474407E1
3.926279292E1,-4.980443115E0,7.279811554E0,-6.653813324E0,1.104869683E1
3.927279392E1,-4.829706573E0,7.109615479E0,-6.494993591E0,1.077300513E1
3.928279492E1,-4.691394196E0,6.899751892E0,-6.310577087E0,1.046131631E1
3.929279692E1,-4.628973999E0,6.678511963E0,-6.183042297E0,1.021077541E1
3.930279792E1,-4.724325714E0,6.571185150E0,-5.978268127E0,1.006178004E1
3.931279892E1,-5.035229187E0,6.536008301E0,-5.841003571E0,1.010891983E1
3.932279992E1,-5.567971344E0,6.607559509E0,-5.903573456E0,1.046490932E1
3.933280192E1,-6.233936462E0,6.853947144E0,-6.096671906E0,1.109089553E1
3.934280292E1,-6.870861969E0,7.235054626E0,-6.417454834E0,1.186332526E1
3.935280392E1,-7.249724121E0,7.680079193E0,-6.791227570E0,1.255638834E1
3.936280492E1,-7.364685059E0,7.946375427E0,-7.163952484E0,1.298867521E1
3.937280692E1,-7.161258087E0,8.057743835E0,-7.329059143E0,1.303556524E1
3.938280792E1,-6.872658234E0,7.976911926E0,-6.996001740E0,1.264154245E1
3.939280892E1,-6.501729584E0,7.779622192E0,-6.487209778E0,1.203656511E1
3.940280992E1,-6.155050507E0,7.636669464E0,-5.919739838E0,1.145629464E1
3.941281192E1,-6.023174744E0,7.572153625E0,-5.610932007E0,1.118475313E1
3.942281292E1,-6.018384705E0,7.530839539E0,-5.455405426E0,1.107682026E1
3.943281392E1,-5.995931396E0,7.428602142E0,-5.347479858E0,1.094215993E1
3.944281492E1,-5.839955750E0,7.300917664E0,-5.352269897E0,1.077289538E1
3.945281692E1,-5.539081421E0,7.147187347E0,-5.393733673E0,1.052882106E1
3.946281792E1,-5.114713898E0,6.989864502E0,-5.283862152E0,1.014582196E1
3.947281892E1,-4.702920227E0,6.816375275E0,-5.223537598E0,9.791106964E0
3.948281992E1,-4.381388855E0,6.656507721E0,-5.172793121E0,9.500707974E0
3.949282192E1,-4.160298615E0,6.564000092E0,-5.129233704E0,9.311456393E0
3.950282258E1,-4.056564331E0,6.598578186E0,-5.273533630E0,9.370544552E0
3.951282358E1,-4.042493591E0,6.740483093E0,-5.471422119E0,9.576655302E0
3.952282458E1,-4.028572540E0,6.908733215E0,-5.646108856E0,9.789715857E0
3.953282658E1,-3.960913239E0,7.078330536E0,-5.819747772E0,9.983038665E0
3.954282758E1,-3.837270355E0,7.280859375E0,-6.051615601E0,1.021555717E1
3.955282858E1,-3.772904205E0,7.592361603E0,-6.406078491E0,1.062622240E1
3.956283058E1,-3.838916931E0,7.912096710E0,-6.894063721E0,1.117437569E1
3.957283158E1,-3.843257904E0,8.157586212E0,-7.493417358E0,1.172468114E1
3.958283258E1,-3.766766968E0,8.378826141E0,-8.169860687E0,1.229389623E1
3.959283358E1,-3.542383575E0,8.583600311E0,-8.617879028E0,1.266864297E1
3.960283558E1,-3.353177032E0,8.850495300E0,-8.872349854E0,1.297280445E1
3.961283658E1,-3.366349640E0,9.181457062E0,-8.509055328E0,1.296285024E1
3.962283758E1,-3.744163971E0,9.397308197E0,-7.520960083E0,1.260527690E1
3.963283858E1,-4.436324615E0,9.483977966E0,-6.328988800E0,1.223449686E1
3.964284058E1,-4.991520081E0,9.458231506E0,-5.350323944E0,1.195823491E1
3.965284158E1,-5.141358490E0,9.464219055E0,-4.778363342E0,1.178294385E1
3.966284258E1,-4.802014160E0,9.317224731E0,-4.318369904E0,1.133659276E1
3.967284358E1,-4.185745697E0,9.067543945E0,-4.130660248E0,1.080755173E1
3.968284558E1,-3.561094666E0,8.799451447E0,-4.118086395E0,1.034748165E1
3.969284658E1,-3.223396912E0,8.481063538E0,-4.140539703E0,9.973103600E0
3.970284758E1,-3.218457184E0,8.086633759E0,-4.604425049E0,9.846463437E0
3.971284858E1,-3.225342865E0,7.797884216E0,-5.243895264E0,9.935203691E0
3.972285058E1,-2.995121613E0,7.461683350E0,-5.150190125E0,9.548399353E0
3.973285158E1,-2.630779266E0,6.949598236E0,-4.402195587E0,8.636969444E0
3.974285258E1,-2.030377808E0,6.299051056E0,-3.378923492E0,7.430854743E0
3.975285358E1,-1.255139923E0,5.587131500E0,-2.168091431E0,6.123073989E0
3.976285558E1,-3.728746033E-1,5.083428955E0,-1.206341400E0,5.237895091E0
3.977285658E1,4.632865906E-1,4.855902100E0,-5.806425476E-1,4.912388974E0
3.978285758E1,1.347946930E0,5.001100159E0,-1.272354126E-1,5.181134294E0
3.979285858E1,2.297572174E0,5.474116516E0,-1.368154907E-1,5.938308514E0
3.980286058E1,3.151696014E0,6.183042297E0,-3.402424622E-1,6.948306610E0
3.981286158E1,3.874542847E0,6.872209167E0,-7.252418518E-1,7.922456491E0
3.982286258E1,4.380790100E0,7.525450745E0,-1.526375885E0,8.840449884E0
3.983286358E1,4.679119720E0,7.910300446E0,-1.844763794E0,9.373908894E0
3.984286558E1,4.816983032E0,8.062683563E0,-1.953138428E0,9.592963124E0
3.985286658E1,4.802463226E0,8.222700806E0,-1.971400452E0,9.724344776E0
3.986286758E1,4.718188477E0,8.464597778E0,-1.897454224E0,9.874768381E0
3.987286858E1,4.530927887E0,8.663234711E0,-1.654359741E0,9.915535756E0
3.988287058E1,4.250710602E0,8.855884094E0,-1.331630859E0,9.913045166E0
3.989287158E1,3.822900238E0,9.068142700E0,-1.065484314E0,9.898537017E0
3.990287258E1,3.384761353E0,9.385033722E0,-9.280700684E-1,1.001981943E1
3.991287458E1,3.165467377E0,9.595346375E0,-7.023394775E-1,1.012838272E1
3.992287558E1,3.114273834E0,9.630822601E0,-7.466473389E-1,1.014933139E1
3.993287658E1,3.299588470E0,9.495204620E0,-7.364685059E-1,1.007911607E1
3.994287758E1,3.646716614E0,9.172026672E0,-6.863227844E-1,9.894223279E0
3.995287958E1,3.857029266E0,8.824898529E0,-8.830137634E-1,9.671360924E0
3.996288058E1,3.751049652E0,8.569529572E0,-7.694000244E-1,9.386116714E0
3.997288158E1,3.459156647E0,8.424780579E0,-4.674778748E-1,9.119277826E0
3.998288258E1,3.160078583E0,8.384963379E0,-1.501377869E-1,8.961933322E0
3.999288458E1,2.946323090E0,8.468489685E0,1.517843628E-1,8.967673934E0
4.000288558E1,2.793640594E0,8.533155212E0,3.442840576E-1,8.985415804E0
4.001288658E1,2.660717010E0,8.592431946E0,4.019142151E-1,9.003934517E0
4.002288758E1,2.654430084E0,8.519084473E0,4.546046448E-1,8.934621688E0
4.003288958E1,2.680924988E0,8.299042053E0,5.539979553E-1,8.738899904E0
4.004289058E1,2.739453278E0,8.085436249E0,7.717950439E-1,8.571729766E0
4.005289158E1,2.647095337E0,7.936046906E0,7.066804504E-1,8.395674569E0
4.006289258E1,2.450703735E0,7.867190094E0,3.420387268E-1,8.247158254E0
4.007289458E1,2.330354004E0,7.820786591E0,1.321751404E-1,8.161661776E0
4.008289558E1,2.314337311E0,7.790848846E0,-1.474433899E-1,8.128666710E0
4.009289658E1,2.361189880E0,7.795638885E0,-3.600013733E-1,8.153330870E0
4.010289758E1,2.396666107E0,7.800728302E0,-5.047503662E-1,8.176193699E0
4.011289958E1,2.273621979E0,7.872129822E0,-8.393046570E-1,8.236760112E0
4.012290058E1,2.009421387E0,8.038583679E0,-1.231339417E0,8.376920594E0
4.013290158E1,1.698368225E0,8.196505280E0,-1.525178375E0,8.508426559E0
4.014290258E1,1.372196503E0,8.187224579E0,-1.890418854E0,8.513944620E0
4.015290458E1,1.117875366E0,7.965535583E0,-2.230960693E0,8.347250331E0
4.016290558E1,9.235794067E-1,7.442523193E0,-2.602039032E0,7.938183516E0
4.017290658E1,8.828640747E-1,6.939569092E0,-2.981649628E0,7.604426517E0
4.018290758E1,9.515711975E-1,6.439159698E0,-3.495531006E0,7.388301725E0
4.019290958E1,1.122066650E0,5.847889252E0,-3.887865143E0,7.111423039E0
4.020291058E1,1.310824127E0,5.260810089E0,-4.200864258E0,6.858691070E0
4.021291158E1,1.447789307E0,4.587959290E0,-4.610711975E0,6.663642340E0
4.022291358E1,1.442550201E0,3.829935608E0,-5.057682495E0,6.506113284E0
4.023291458E1,1.200054474E0,2.909349976E0,-5.424868927E0,6.271654558E0
4.024291558E1,6.879693604E-1,1.861528931E0,-5.557193756E0,5.900931642E0
4.025291658E1,4.296066284E-2,6.643185425E-1,-5.524561615E0,5.564525657E0
4.026291858E1,-6.953041077E-1,-6.417155457E-1,-5.574557648E0,5.654285066E0
4.027291958E1,-1.472637634E0,-1.929637299E0,-5.830375671E0,6.315492235E0
4.028292058E1,-2.162852325E0,-3.257975006E0,-5.705834656E0,6.917288518E0
4.029292158E1,-2.916085968E0,-4.615951080E0,-5.485941925E0,7.739904428E0
4.030292358E1,-3.797453156E0,-5.818250885E0,-5.578449554E0,8.910207251E0
4.031292458E1,-4.694837036E0,-6.870113525E0,-5.368585968E0,9.902609249E0
4.032292558E1,-5.751489716E0,-7.745493164E0,-5.157524872E0,1.093948633E1
4.033292658E1,-7.065457306E0,-8.222850494E0,-5.244943085E0,1.204347895E1
4.034292858E1,-8.579708405E0,-8.223598938E0,-5.450316010E0,1.307459064E1
4.035292958E1,-1.017673737E1,-7.845784607E0,-5.707331543E0,1.406043928E1
4.036293058E1,-1.194381271E1,-6.926845551E0,-6.219416656E0,1.514321614E1
4.037293158E1,-1.331541046E1,-5.543871460E0,-6.531218262E0,1.583323967E1
4.038293358E1,-1.392823608E1,-4.419709167E0,-6.546785889E0,1.601218271E1
4.039293458E1,-1.379186966E1,-3.992048492E0,-6.382577362E0,1.571271503E1
4.040293558E1,-1.337348969E1,-4.098626862E0,-6.681805115E0,1.550146729E1
4.041293658E1,-1.352302872E1,-4.365970917E0,-7.175328827E0,1.591915046E1
4.042293858E1,-1.425710220E1,-4.540957031E0,-7.351961517E0,1.667143042E1
4.043293958E1,-1.515254013E1,-4.445156250E0,-7.663014679E0,1.755222722E1
4.044294058E1,-1.548514847E1,-4.009562073E0,-7.718549194E0,1.776069854E1
4.045294158E1,-1.513502655E1,-3.817212067E0,-7.666158142E0,1.738994299E1
4.046294358E1,-1.418704788E1,-3.927233276E0,-7.871381378E0,1.669293664E1
4.047294458E1,-1.249646347E1,-4.540058899E0,-8.444838867E0,1.575084244E1
4.048294558E1,-1.045306274E1,-5.780080261E0,-9.153465271E0,1.504864695E1
4.049294658E1,-8.869356079E0,-7.239395599E0,-1.027747787E1,1.538508620E1
4.050294921E1,-7.918533325E0,-8.844358063E0,-1.163051422E1,1.661910649E1
4.051295021E1,-7.704927521E0,-1.020413040E1,-1.313907715E1,1.833372667E1
4.052295121E1,-7.927664337E0,-1.096230377E1,-1.427102325E1,1.966423328E1
4.053295221E1,-8.218210144E0,-1.142095001E1,-1.433149750E1,2.008404585E1
4.054295421E1,-8.483458557E0,-1.129161896E1,-1.396715515E1,1.986331168E1
4.055295521E1,-9.015152893E0,-1.033690430E1,-1.347842148E1,1.922998746E1
4.056295621E1,-9.691147156E0,-9.152267761E0,-1.294283524E1,1.857954042E1
4.057295721E1,-1.008108627E1,-8.367749176E0,-1.208571762E1,1.782448028E1
4.058295921E1,-1.046758255E1,-8.475225677E0,-1.182316360E1,1.792168888E1
4.059296021E1,-1.002285736E1,-9.211694183E0,-1.000878662E1,1.689641350E1
4.060296121E1,-8.580157471E0,-9.978250122E0,-8.164172516E0,1.548671336E1
4.061296221E1,-6.669530640E0,-9.899962921E0,-6.422993317E0,1.355532176E1
4.062296421E1,-5.252128143E0,-9.078471222E0,-5.373675385E0,1.178473067E1
4.063296521E1,-4.645439758E0,-7.906109161E0,-5.036726074E0,1.046208785E1
4.064296621E1,-4.444407806E0,-7.785010986E0,-5.601950684E0,1.057076195E1
4.065296721E1,-4.260889435E0,-7.615413666E0,-6.953490143E0,1.115798948E1
4.066296921E1,-3.530258789E0,-8.476722565E0,-7.476203156E0,1.184107960E1
4.067297021E1,-2.789598999E0,-9.552236023E0,-7.320227509E0,1.235365559E1
4.068297121E1,-2.083816681E0,-9.917476501E0,-8.096363525E0,1.297111153E1
4.069297321E1,-1.763033752E0,-9.771230621E0,-8.016429749E0,1.276120613E1
4.070297421E1,-1.946552124E0,-9.458979950E0,-7.911198578E0,1.248392686E1
4.071297521E1,-2.310295715E0,-8.944350128E0,-7.298971710E0,1.177343848E1
4.072297621E1,-2.858306122E0,-8.313412170E0,-6.653364258E0,1.102497128E1
4.073297821E1,-3.378923492E0,-8.059240723E0,-5.876928864E0,1.053122870E1
4.074297921E1,-3.939208374E0,-8.076005859E0,-5.084327087E0,1.032422468E1
4.075298021E1,-4.506528625E0,-8.522826691E0,-4.387376404E0,1.059228242E1
4.076298121E1,-4.899910583E0,-9.029672699E0,-3.715872803E0,1.092482602E1
4.077298321E1,-5.276976471E0,-9.619446259E0,-3.237767029E0,1.143955254E1
4.078298421E1,-5.465284882E0,-1.022209305E1,-2.964585114E0,1.196450124E1
4.079298521E1,-5.533542938E0,-1.058568695E1,-2.790796509E0,1.226643432E1
4.080298621E1,-5.499114532E0,-1.078597046E1,-2.702629852E0,1.240490337E1
4.081298821E1,-5.342390442E0,-1.086904770E1,-2.406545563E0,1.234782552E1
4.082298921E1,-5.008135529E0,-1.084404968E1,-2.340233459E0,1.217175121E1
4.083299021E1,-4.535717926E0,-1.077803696E1,-2.424358521E0,1.194220800E1
4.084299121E1,-4.091890869E0,-1.055170761E1,-2.327809296E0,1.155425465E1
4.085299321E1,-3.838767242E0,-1.046743286E1,-2.289938049E0,1.138187598E1
4.086299421E1,-3.654051361E0,-1.007180557E1,-2.283501434E0,1.095480432E1
4.087299521E1,-3.428320770E0,-9.789642334E0,-2.324965210E0,1.062995501E1
4.088299621E1,-3.349285126E0,-9.433383179E0,-2.401306458E0,1.029430434E1
4.089299821E1,-3.316802673E0,-9.029672699E0,-2.494562531E0,9.937756852E0
4.090299921E1,-3.168161774E0,-8.593479767E0,-2.654879150E0,9.535907237E0
4.091300021E1,-2.933898926E0,-8.147557068E0,-2.678679657E0,9.064533843E0
4.092300121E1,-2.821333008E0,-7.832911377E0,-2.788551178E0,8.780116073E0
4.093300321E1,-2.801873474E0,-7.535180511E0,-2.914738770E0,8.551324014E0
4.094300421E1,-2.821482697E0,-7.452702026E0,-3.048111420E0,8.531970190E0
4.095300521E1,-2.892135773E0,-7.377258911E0,-3.096011810E0,8.507272624E0
4.096300621E1,-3.188519440E0,-7.311246185E0,-3.127895508E0,8.567654715E0
4.097300821E1,-3.713477783E0,-7.168892212E0,-3.132236481E0,8.659898277E0
4.098300921E1,-4.317471771E0,-7.007827148E0,-3.095113678E0,8.793743942E0
4.099301021E1,-4.965025177E0,-6.799460449E0,-2.973416748E0,8.928905004E0
4.100301121E1,-5.359604645E0,-6.775659943E0,-2.814147949E0,9.085942895E0
4.101301321E1,-5.657036133E0,-6.772366791E0,-2.712359619E0,9.231679395E0
4.102301421E1,-5.954467621E0,-6.827152863E0,-2.767894135E0,9.472430459E0
4.103301521E1,-6.549629974E0,-6.927444305E0,-2.899620209E0,9.964684378E0
4.104301621E1,-7.181915131E0,-7.011419678E0,-3.007994843E0,1.047797422E1
4.105301821E1,-7.717052307E0,-6.999594269E0,-3.185076599E0,1.089458256E1
4.106301921E1,-8.156987457E0,-6.979386292E0,-3.476819916E0,1.128434996E1
4.107302021E1,-8.360115051E0,-7.070247345E0,-3.669918365E0,1.154765006E1
4.108302221E1,-8.431965637E0,-7.172784119E0,-3.733386383E0,1.168268164E1
4.109302321E1,-8.598419495E0,-7.119644623E0,-3.866609344E0,1.181409434E1
4.110302421E1,-8.842112732E0,-6.899153137E0,-4.144880676E0,1.195664281E1
4.111302521E1,-9.167386322E0,-6.492299194E0,-4.488416290E0,1.209697489E1
4.112302721E1,-9.432035980E0,-6.087540894E0,-4.988825684E0,1.228453656E1
4.113302821E1,-9.530980225E0,-5.920488281E0,-5.459896088E0,1.247807000E1
4.114302921E1,-9.264234924E0,-6.108796692E0,-5.748346252E0,1.249747696E1
4.115303021E1,-8.707243195E0,-6.460116119E0,-5.822591858E0,1.230657386E1
4.116303221E1,-8.227640533E0,-6.702611847E0,-5.817203064E0,1.210202156E1
4.117303321E1,-7.896229706E0,-6.778653717E0,-5.979914703E0,1.200249847E1
4.118303421E1,-7.769443359E0,-6.613547058E0,-6.261628876E0,1.197126773E1
4.119303521E1,-7.681276703E0,-6.461163940E0,-6.391558685E0,1.189960813E1
4.120303721E1,-7.552993469E0,-6.501579895E0,-6.402336273E0,1.184517460E1
4.121303821E1,-7.310647430E0,-6.792425079E0,-6.365961914E0,1.183672570E1
4.122303921E1,-6.998396759E0,-7.089257813E0,-6.317313080E0,1.179591362E1
4.123304021E1,-6.687493286E0,-7.271428986E0,-6.192322998E0,1.165937863E1
4.124304221E1,-6.415808258E0,-7.348967743E0,-6.094725952E0,1.150285212E1
4.125304321E1,-6.233188019E0,-7.339387665E0,-6.042634277E0,1.136805494E1
4.126304421E1,-6.044131165E0,-7.355254669E0,-6.019881592E0,1.126367023E1
4.127304521E1,-5.843548279E0,-7.371271362E0,-5.870641937E0,1.108815290E1
4.128304721E1,-5.644911346E0,-7.408693542E0,-5.706583099E0,1.092331702E1
4.129304821E1,-5.559588776E0,-7.321425018E0,-5.614823914E0,1.077211860E1
4.130304921E1,-5.507048035E0,-7.239245911E0,-5.519023132E0,1.063926105E1
4.131305021E1,-5.392835541E0,-7.174879761E0,-5.425317993E0,1.048788111E1
4.132305221E1,-5.210514679E0,-7.073390808E0,-5.317542114E0,1.026930255E1
4.133305321E1,-4.939428406E0,-6.883884888E0,-5.047653351E0,9.862283127E0
4.134305421E1,-4.728516998E0,-6.625372467E0,-4.900808716E0,9.501176738E0
4.135305621E1,-4.693040771E0,-6.262377319E0,-4.902604980E0,9.234583746E0
4.136305721E1,-4.773423615E0,-5.909411316E0,-4.835993500E0,9.005195624E0
4.137305821E1,-4.926704865E0,-5.662724304E0,-4.699028320E0,8.855491772E0
4.138305921E1,-5.042863312E0,-5.496420135E0,-4.583768005E0,8.755114723E0
4.139306121E1,-5.164859619E0,-5.314997406E0,-4.538562012E0,8.690426770E0
4.140306221E1,-5.448519745E0,-5.114115143E0,-4.473447418E0,8.709321036E0
4.141306321E1,-5.855972443E0,-4.940925293E0,-4.775968323E0,9.028567407E0
4.142306421E1,-6.172713776E0,-4.857997742E0,-5.067711639E0,9.347953716E0
4.143306621E1,-6.364465027E0,-4.875511322E0,-5.127437439E0,9.516703233E0
4.144306721E1,-6.555318146E0,-4.959786072E0,-5.174739075E0,9.713372142E0
4.145306821E1,-6.634204102E0,-4.991520081E0,-5.183570709E0,9.787611663E0
4.146306921E1,-6.570137329E0,-4.975653076E0,-5.066813507E0,9.674524648E0
4.147307121E1,-6.515500946E0,-4.966971130E0,-4.845124512E0,9.518286943E0
4.148307221E1,-6.533014526E0,-4.908891907E0,-4.838687897E0,9.496862593E0
4.149307321E1,-6.518195343E0,-4.836143188E0,-4.959486694E0,9.511659148E0
4.150307392E1,-6.594087524E0,-4.808301086E0,-5.075046387E0,9.610298926E0
4.151307592E1,-6.888375549E0,-4.812043304E0,-5.167703705E0,9.864615555E0
4.152307692E1,-7.480095062E0,-4.742288361E0,-5.315596161E0,1.032940868E1
4.153307792E1,-8.167765045E0,-4.621788940E0,-5.368585968E0,1.081180069E1
4.154307892E1,-8.458610229E0,-4.382286987E0,-4.941673737E0,1.073185285E1
4.155308092E1,-8.440647583E0,-4.108506317E0,-4.701273651E0,1.049887278E1
4.156308192E1,-8.506510620E0,-3.807631989E0,-4.677323456E0,1.042766220E1
4.157308292E1,-8.667425995E0,-3.536845093E0,-4.728367310E0,1.048765961E1
4.158308392E1,-8.646768951E0,-3.421135712E0,-4.349804535E0,1.026604025E1
4.159308592E1,-8.521030426E0,-3.326233063E0,-4.064647522E0,1.000965261E1
4.160308692E1,-8.562194824E0,-3.335364075E0,-4.031566315E0,1.003440884E1
4.161308792E1,-8.687035217E0,-3.452420654E0,-3.806284790E0,1.009314585E1
4.162308992E1,-8.509205017E0,-3.677253113E0,-3.186274109E0,9.802096876E0
4.163309092E1,-8.290509796E0,-3.738326111E0,-2.980302429E0,9.570257957E0
4.164309192E1,-8.252788239E0,-3.568429413E0,-2.574496307E0,9.352552241E0
4.165309292E1,-8.089627533E0,-3.918401642E0,-2.223476257E0,9.259578377E0
4.166309492E1,-7.899223480E0,-4.351900177E0,-1.830094299E0,9.202500306E0
4.167309592E1,-7.933951263E0,-4.640649719E0,-1.092278595E0,9.256148497E0
4.168309692E1,-8.137677612E0,-4.854405212E0,-1.078357544E0,9.536765798E0
4.169309792E1,-8.252039795E0,-4.839136963E0,-1.352587280E0,9.661412923E0
4.170309992E1,-8.150700531E0,-4.542753296E0,-1.753603363E0,9.494506380E0
4.171310092E1,-7.981851654E0,-4.012406158E0,-2.130669250E0,9.184177179E0
4.172310192E1,-8.020471344E0,-3.426823883E0,-2.538121948E0,9.083674671E0
4.173310292E1,-8.111482086E0,-2.956651611E0,-2.938988342E0,9.120064850E0
4.174310492E1,-8.298592987E0,-2.532134399E0,-3.534749451E0,9.368714099E0
4.175310592E1,-8.586743774E0,-2.147434387E0,-4.087250519E0,9.749320997E0
4.176310692E1,-8.928183746E0,-1.816322937E0,-4.648283844E0,1.022829589E1
4.177310792E1,-9.256451111E0,-1.551673279E0,-5.210963745E0,1.073516280E1
4.178310992E1,-9.453740845E0,-1.356628876E0,-5.698649597E0,1.112152261E1
4.179311092E1,-9.517508240E0,-1.232985992E0,-6.018534393E0,1.132810548E1
4.180311192E1,-9.363628235E0,-1.169667664E0,-6.327940979E0,1.136171172E1
4.181311292E1,-9.050329742E0,-1.146316223E0,-6.468199310E0,1.118302784E1
4.182311492E1,-8.672216034E0,-1.180894318E0,-6.594985657E0,1.095881737E1
4.183311592E1,-8.313262482E0,-1.259780273E0,-6.635700989E0,1.071120474E1
4.184311692E1,-8.041727142E0,-1.318158875E0,-6.613247681E0,1.049485413E1
4.185311792E1,-7.851023712E0,-1.344354401E0,-6.489155731E0,1.027399651E1
4.186311992E1,-7.698191528E0,-1.326840820E0,-6.339766388E0,1.006058136E1
4.187312092E1,-7.603288879E0,-1.226100311E0,-6.301146698E0,9.950767481E0
4.188312192E1,-7.552993469E0,-1.039139099E0,-6.383026428E0,9.943366975E0
4.189312392E1,-7.486831055E0,-7.911048889E-1,-6.430627441E0,9.901083551E0
4.190312492E1,-7.422464905E0,-6.361770630E-1,-6.422693939E0,9.836091905E0
4.191312592E1,-7.331454163E0,-5.818400574E-1,-6.370302887E0,9.729826148E0
4.192312692E1,-7.242539063E0,-6.688092041E-1,-6.223757629E0,9.572713140E0
4.193312892E1,-7.186256104E0,-8.265811157E-1,-6.080505524E0,9.449765106E0
4.194312992E1,-7.154073029E0,-8.861572266E-1,-6.093079376E0,9.438837419E0
4.195313092E1,-7.069349213E0,-8.666976929E-1,-6.010600891E0,9.319559338E0
4.196313192E1,-6.927144928E0,-8.327183533E-1,-6.260581055E0,9.374093655E0
4.197313392E1,-6.767876129E0,-6.533912659E-1,-6.564449158E0,9.451087778E0
4.198313492E1,-6.573280792E0,-5.438191223E-1,-6.529721375E0,9.281218715E0
4.199313592E1,-6.535110168E0,-5.333409119E-1,-6.659950562E0,9.345964847E0
4.200313692E1,-6.503525848E0,-6.279441833E-1,-6.799759827E0,9.430105835E0
4.201313892E1,-6.539750519E0,-7.539820862E-1,-6.872508545E0,9.516732608E0
4.202313992E1,-6.601871338E0,-9.175918579E-1,-6.897207184E0,9.591566447E0
4.203314092E1,-6.678961029E0,-1.077908478E0,-6.794071655E0,9.588003795E0
4.204314192E1,-6.644532623E0,-1.193468170E0,-6.706354065E0,9.515743003E0
4.205314392E1,-6.594237213E0,-1.218166809E0,-6.548133087E0,9.372616589E0
4.206314492E1,-6.558760986E0,-1.190624084E0,-6.357729034E0,9.211712645E0
4.207314592E1,-6.515800323E0,-1.090632019E0,-6.161786499E0,9.033977248E0
4.208314692E1,-6.453080750E0,-9.428892517E-1,-6.095773773E0,8.926911515E0
4.209314892E1,-6.415508881E0,-7.429051208E-1,-6.263874207E0,8.997042975E0
4.210314992E1,-6.393804016E0,-5.032534790E-1,-6.398743744E0,9.059686273E0
4.211315092E1,-6.366560669E0,-2.827619934E-1,-6.500681763E0,9.103401149E0
4.212315292E1,-6.249055023E0,-6.601272583E-2,-6.689139862E0,9.154214246E0
4.213315392E1,-6.184688873E0,1.043330383E-1,-6.777905273E0,9.176124549E0
4.214315492E1,-5.986351318E0,1.203497314E-1,-6.789730682E0,9.052697328E0
4.215315592E1,-5.799390106E0,1.643582153E-1,-6.833290100E0,8.964027712E0
4.216315792E1,-5.707032166E0,2.806663513E-1,-6.999594269E0,9.035668745E0
4.217315892E1,-5.694308624E0,3.906875610E-1,-7.208859100E0,9.194859271E0
4.218315992E1,-5.753884735E0,4.538562012E-1,-7.351811829E0,9.346780845E0
4.219316092E1,-5.829926605E0,4.414320374E-1,-7.565866699E0,9.561654950E0
4.220316292E1,-5.875731354E0,3.808081055E-1,-7.756869507E0,9.738493636E0
4.221316392E1,-5.892047424E0,2.990780640E-1,-7.877368927E0,9.841677283E0
4.222316492E1,-5.868246918E0,2.404000854E-1,-7.820038147E0,9.779934085E0
4.223316592E1,-5.777984619E0,2.032772827E-1,-7.684569855E0,9.616602402E0
4.224316792E1,-5.715863800E0,1.978884888E-1,-7.647447052E0,9.549539531E0
4.225316892E1,-5.700296173E0,1.971400452E-1,-7.629035339E0,9.525461714E0
4.226316992E1,-5.712271271E0,1.863624573E-1,-7.296576691E0,9.268484528E0
4.227317092E1,-5.817352753E0,1.474433899E-1,-7.118596802E0,9.194441420E0
4.228317292E1,-5.967490540E0,7.155120850E-2,-6.950795746E0,9.161311283E0
4.229317392E1,-5.985153809E0,5.239105225E-3,-6.732549591E0,9.008291600E0
4.230317492E1,-5.998625793E0,5.927673340E-2,-6.687193909E0,8.983628861E0
4.231317692E1,-6.114784241E0,2.219883728E-1,-6.799310760E0,9.147157589E0
4.232317792E1,-6.215973816E0,4.005670166E-1,-6.829098816E0,9.243125827E0
4.233317892E1,-6.179150391E0,5.004093933E-1,-6.866670685E0,9.251133736E0
4.234317992E1,-6.020779724E0,5.569917297E-1,-6.986421661E0,9.239595008E0
4.235318192E1,-5.887107697E0,4.977149963E-1,-7.093598785E0,9.231733368E0
4.236318292E1,-5.819598083E0,3.743714905E-1,-7.231911163E0,9.290232233E0
4.237318392E1,-5.751190338E0,1.776805115E-1,-7.286996613E0,9.284830655E0
4.238318492E1,-5.709576874E0,1.676513672E-2,-7.382498016E0,9.332782335E0
4.239318692E1,-5.744903412E0,1.751358032E-2,-7.595654755E0,9.523559896E0
4.240318792E1,-5.796845398E0,8.876541138E-2,-7.695347443E0,9.634815417E0
4.241318892E1,-5.837710419E0,1.719923401E-1,-7.729925537E0,9.688147042E0
4.242318992E1,-5.820795593E0,2.570155334E-1,-7.768096161E0,9.710357166E0
4.243319192E1,-5.788612518E0,2.622546387E-1,-7.636070709E0,9.585738796E0
4.244319292E1,-5.769751740E0,1.664538574E-1,-7.530091095E0,9.487887748E0
4.245319392E1,-5.735922089E0,5.254074097E-2,-7.407645721E0,9.368926186E0
4.246319492E1,-5.779780884E0,-4.655319214E-2,-7.346722412E0,9.347853468E0
4.247319692E1,-5.895190887E0,-6.885681152E-2,-7.401209106E0,9.462341840E0
4.248319792E1,-6.024222565E0,-8.083190918E-3,-7.357649689E0,9.509276092E0
4.249319892E1,-6.207291870E0,-3.996688843E-2,-7.317084045E0,9.595404558E0
4.250319942E1,-6.297105103E0,-2.076182556E-1,-7.286098480E0,9.632438376E0
4.251320142E1,-6.291267242E0,-3.743714905E-1,-7.220385132E0,9.584057543E0
4.252320242E1,-6.238726501E0,-4.138893127E-1,-7.331154785E0,9.635291548E0
4.253320342E1,-6.227499847E0,-2.779719543E-1,-7.434440002E0,9.702057560E0
4.254320542E1,-6.164031830E0,-1.567240906E-1,-7.500901794E0,9.709962851E0
4.255320642E1,-5.958060150E0,-8.921447754E-2,-7.535779266E0,9.606997925E0
4.256320742E1,-5.684728546E0,-2.495310974E-1,-7.527396698E0,9.436106478E0
4.257320842E1,-5.434748383E0,-6.647676086E-1,-7.477400665E0,9.267681839E0
4.258321042E1,-5.271887054E0,-1.131946106E0,-7.647896118E0,9.357585700E0
4.259321142E1,-5.289101257E0,-1.338815918E0,-7.982899475E0,9.669214249E0
4.260321242E1,-5.395080872E0,-1.270258484E0,-8.283474426E0,9.966764911E0
4.261321342E1,-5.472469940E0,-1.030606842E0,-8.578510895E0,1.022745945E1
4.262321542E1,-5.425617371E0,-7.399113464E-1,-8.702153778E0,1.028164739E1
4.263321642E1,-5.256768494E0,-5.566923523E-1,-8.698411560E0,1.017869761E1
4.264321742E1,-5.105582886E0,-4.787045288E-1,-8.703650665E0,1.010196365E1
4.265321842E1,-5.044210510E0,-4.656816101E-1,-8.754245453E0,1.011423415E1
4.266322042E1,-5.027145996E0,-5.083428955E-1,-8.839568024E0,1.018177648E1
4.267322142E1,-4.671934662E0,-7.774832153E-1,-8.993298340E0,1.016419543E1
4.268322242E1,-4.542453918E0,-9.563612366E-1,-8.444090424E0,9.635931584E0
4.269322342E1,-4.469256134E0,-1.366208954E0,-9.133406982E0,1.025962477E1
4.270322542E1,-4.366869049E0,-1.659149780E0,-9.020541687E0,1.015837072E1
4.271322642E1,-4.578678589E0,-1.389710083E0,-8.494535522E0,9.749498730E0
4.272322742E1,-5.039420471E0,-1.042282562E0,-8.652008057E0,1.006674501E1
4.273322942E1,-5.411097565E0,-8.960366821E-1,-8.545279999E0,1.015404692E1
4.274323042E1,-5.540877686E0,-8.430468750E-1,-8.300089874E0,1.001516577E1
4.275323142E1,-5.619913330E0,-8.765771484E-1,-8.442892914E0,1.018009106E1
4.276323242E1,-5.561834106E0,-9.445358276E-1,-8.435857544E0,1.014839096E1
4.277323442E1,-5.433401184E0,-1.117276611E0,-8.394992523E0,1.006210986E1
4.278323542E1,-5.325325928E0,-1.390608215E0,-8.548124084E0,1.016677495E1
4.279323642E1,-5.195396118E0,-1.616338806E0,-8.692124634E0,1.025464395E1
4.280323742E1,-5.063520355E0,-1.675615540E0,-8.812624054E0,1.030093532E1
4.281323942E1,-4.950505371E0,-1.488205261E0,-8.944050751E0,1.033045508E1
4.282324042E1,-4.868475952E0,-1.206491089E0,-9.055269470E0,1.035159814E1
4.283324142E1,-4.703968048E0,-1.000220032E0,-9.004524994E0,1.020829202E1
4.284324242E1,-4.482279053E0,-9.319619751E-1,-8.828341370E0,9.944797131E0
4.285324442E1,-4.266727295E0,-9.728269958E-1,-8.694669342E0,9.733890750E0
4.286324542E1,-4.168980560E0,-1.099912720E0,-8.627459106E0,9.644856533E0
4.287324642E1,-4.161196747E0,-1.277443542E0,-8.585995331E0,9.626356330E0
4.288324742E1,-4.205354919E0,-1.453477478E0,-8.553662567E0,9.641719250E0
4.289324942E1,-4.298461304E0,-1.603016510E0,-8.532107391E0,9.687274542E0
4.290325042E1,-4.478237457E0,-1.717678070E0,-8.738827515E0,9.968557318E0
4.291325142E1,-4.677473145E0,-1.814676361E0,-8.865613861E0,1.018680099E1
4.292325342E1,-4.612358551E0,-1.994003448E0,-8.768016815E0,1.010584089E1
4.293325442E1,-4.531676331E0,-2.099234619E0,-8.681646423E0,1.001568075E1
4.294325542E1,-4.592150574E0,-2.115101624E0,-8.557554474E0,9.939478877E0
4.295325642E1,-4.582720184E0,-2.125579834E0,-8.292306061E0,9.709879182E0
4.296325842E1,-4.533322906E0,-2.153571625E0,-8.188571777E0,9.604248803E0
4.297325942E1,-4.553680573E0,-2.169887695E0,-8.179590454E0,9.609896949E0
4.298326042E1,-4.640200653E0,-2.174827423E0,-8.270451508E0,9.729424678E0
4.299326142E1,-4.798571320E0,-2.195634155E0,-8.340206451E0,9.869454884E0
4.300326342E1,-4.812192993E0,-2.349364471E0,-7.992928619E0,9.620999051E0
4.301326442E1,-4.639003143E0,-2.708916779E0,-7.513325958E0,9.236268036E0
4.302326542E1,-4.625531158E0,-3.000959473E0,-7.433092804E0,9.254845482E0
4.303326642E1,-4.804708557E0,-3.108286285E0,-7.303612061E0,9.278438289E0
4.304326842E1,-4.880600739E0,-3.206182709E0,-6.869664459E0,9.016216552E0
4.305326942E1,-4.967420197E0,-3.264561310E0,-6.811136169E0,9.040143797E0
4.306327042E1,-5.205275574E0,-3.196452942E0,-7.040908356E0,9.321297961E0
4.307327142E1,-5.409301300E0,-3.102149048E0,-6.997798004E0,9.372995582E0
4.308327342E1,-5.414241028E0,-3.090772705E0,-6.580016785E0,9.064408569E0
4.309327442E1,-5.373376007E0,-3.221900024E0,-6.015540619E0,8.685651295E0
4.310327542E1,-5.425617371E0,-3.519032135E0,-5.620063019E0,8.567731284E0
4.311327742E1,-5.476212158E0,-3.945794678E0,-5.179080048E0,8.507706235E0
4.312327842E1,-5.693709869E0,-4.171076202E0,-4.880001984E0,8.580829105E0
4.313327942E1,-6.090983734E0,-4.027973785E0,-5.123994598E0,8.920760971E0
4.314328042E1,-6.589896240E0,-3.681294708E0,-5.375172272E0,9.266668233E0
4.315328242E1,-7.035369873E0,-3.442990265E0,-4.924758911E0,9.252235489E0
4.316328342E1,-7.164850616E0,-3.402274933E0,-4.433181152E0,9.086454435E0
4.317328442E1,-6.729705505E0,-3.532803497E0,-3.844156036E0,8.517462790E0
4.318328542E1,-6.131699066E0,-3.797453156E0,-3.182831268E0,7.883450944E0
4.319328742E1,-5.950725403E0,-4.098028107E0,-2.742596741E0,7.728311851E0
4.320328842E1,-6.345005493E0,-4.363426208E0,-2.726130981E0,8.168866085E0
4.321328942E1,-7.281009064E0,-4.362228699E0,-4.344415741E0,9.534992414E0
4.322329042E1,-8.197702789E0,-3.988605652E0,-5.694308624E0,1.074878862E1
4.323329242E1,-8.548573151E0,-3.790717163E0,-5.502407684E0,1.085007511E1
4.324329342E1,-8.229287109E0,-3.924389191E0,-5.866600342E0,1.084154032E1
4.325329442E1,-7.505242767E0,-4.167932739E0,-6.018235016E0,1.048424938E1
4.326329542E1,-6.806495819E0,-4.394262085E0,-6.227050781E0,1.021832110E1
4.327329742E1,-6.310577087E0,-4.668192444E0,-6.110742645E0,9.947692172E0
4.328329842E1,-6.221362610E0,-5.173541565E0,-6.004463654E0,1.007593513E1
4.329329942E1,-6.355334015E0,-5.830076294E0,-6.204747162E0,1.062445045E1
4.330330142E1,-6.303242340E0,-6.634353790E0,-6.313570862E0,1.111785461E1
4.331330242E1,-5.847739563E0,-7.298223267E0,-6.702761536E0,1.150596076E1
4.332330342E1,-5.176535339E0,-7.346423035E0,-7.338190155E0,1.160239132E1
4.333330442E1,-4.575684814E0,-6.812034302E0,-7.721692657E0,1.126788535E1
4.334330642E1,-4.362378387E0,-6.056555328E0,-8.062384186E0,1.098700352E1
4.335330742E1,-4.656367035E0,-5.404361572E0,-8.187374268E0,1.085918852E1
4.336330842E1,-5.079836426E0,-5.159620514E0,-7.905809784E0,1.072045943E1
4.337330942E1,-5.413941650E0,-5.396278381E0,-7.591762848E0,1.077336752E1
4.338331142E1,-5.405858459E0,-5.798192596E0,-7.079078979E0,1.062806202E1
4.339331242E1,-5.478158112E0,-6.654112701E0,-6.652915192E0,1.088800775E1
4.340331342E1,-5.786516876E0,-7.622598724E0,-6.519243164E0,1.157965113E1
4.341331442E1,-6.535110168E0,-8.241711273E0,-6.431824951E0,1.232890270E1
4.342331642E1,-7.349716187E0,-8.305179291E0,-6.183191986E0,1.269748771E1
4.343331742E1,-7.842341766E0,-7.919730835E0,-5.659880219E0,1.250034819E1
4.344331842E1,-8.284073181E0,-7.065906372E0,-5.514682159E0,1.220510634E1
4.345331942E1,-8.701255646E0,-6.096522217E0,-5.477559357E0,1.195337147E1
4.346332142E1,-8.877139893E0,-5.441184998E0,-5.433401184E0,1.174444359E1
4.347332242E1,-8.777746582E0,-5.154531097E0,-5.272336121E0,1.146366233E1
4.348332342E1,-8.365204468E0,-5.282065887E0,-5.092260590E0,1.112690360E1
4.349332542E1,-7.758216705E0,-5.581143951E0,-5.169350281E0,1.086560061E1
4.350332646E1,-7.068900146E0,-6.168372803E0,-5.495372314E0,1.087277744E1
4.351332746E1,-6.130351868E0,-6.908583527E0,-5.737119598E0,1.087309899E1
4.352332846E1,-5.239254913E0,-7.681127014E0,-6.091582489E0,1.111561431E1
4.353333046E1,-4.843777313E0,-8.199199677E0,-6.375541992E0,1.146021770E1
4.354333146E1,-4.779111786E0,-8.185278625E0,-6.084547119E0,1.126323263E1
4.355333246E1,-4.859494629E0,-7.772586823E0,-5.841153259E0,1.086953842E1
4.356333346E1,-5.126239929E0,-7.078929291E0,-5.714217224E0,1.044231077E1
4.357333546E1,-5.310057678E0,-6.396199036E0,-5.385650482E0,9.905216089E0
4.358333646E1,-5.167703705E0,-5.892047424E0,-5.046605530E0,9.321459746E0
4.359333746E1,-4.975353699E0,-5.504054260E0,-5.078489227E0,8.991096182E0
4.360333846E1,-4.657414856E0,-5.191204834E0,-5.245392151E0,8.726640796E0
4.361334046E1,-4.236789551E0,-5.241350555E0,-5.256618805E0,8.547173954E0
4.362334146E1,-3.947890320E0,-5.569917297E0,-5.170398102E0,8.564043041E0
4.363334246E1,-3.934418335E0,-5.746549988E0,-5.341043243E0,8.776629611E0
4.364334446E1,-4.156107330E0,-5.767057343E0,-5.600603485E0,9.049803198E0
4.365334546E1,-4.350852356E0,-5.790558472E0,-5.656587067E0,9.190074041E0
4.366334646E1,-4.496798859E0,-5.709576874E0,-5.556295624E0,9.148381776E0
4.367334746E1,-4.791236572E0,-5.629194031E0,-5.683231659E0,9.324317424E0
4.368334946E1,-5.234464874E0,-5.585634613E0,-5.866899719E0,9.644659085E0
4.369335046E1,-5.864804077E0,-5.540578308E0,-6.042185211E0,1.007977862E1
4.370335146E1,-6.399342499E0,-5.603896637E0,-6.227649536E0,1.054224173E1
4.371335246E1,-6.802903290E0,-5.873486023E0,-6.392456818E0,1.102909042E1
4.372335446E1,-6.946903839E0,-6.221063232E0,-6.340065765E0,1.127641497E1
4.373335546E1,-6.993606720E0,-6.574627991E0,-6.321055298E0,1.149312874E1
4.374335646E1,-7.056625671E0,-6.833140411E0,-6.257138214E0,1.164643947E1
4.375335746E1,-7.080276489E0,-7.013665009E0,-6.148913269E0,1.171029233E1
4.376335946E1,-7.143145752E0,-7.026687927E0,-5.946384430E0,1.165153905E1
4.377336046E1,-7.212451630E0,-6.856491852E0,-5.692212982E0,1.146438955E1
4.378336146E1,-7.261998596E0,-6.587650909E0,-5.522615662E0,1.125313520E1
4.379336346E1,-7.199728088E0,-6.298152924E0,-5.398074646E0,1.098371634E1
4.380336446E1,-6.903344421E0,-6.086493073E0,-5.385949860E0,1.066348995E1
4.381336546E1,-6.568939819E0,-5.938750305E0,-5.536087646E0,1.044356223E1
4.382336646E1,-6.393953705E0,-5.784421234E0,-5.585784302E0,1.027342004E1
4.383336846E1,-6.163582764E0,-5.777834930E0,-5.491929474E0,1.007642885E1
4.384336946E1,-5.809568939E0,-5.866899719E0,-5.409151611E0,9.870690185E0
4.385337046E1,-5.442382507E0,-5.854176178E0,-5.368136902E0,9.628488972E0
4.386337146E1,-5.171146545E0,-5.733676758E0,-5.480253754E0,9.468314896E0
4.387337346E1,-4.897066498E0,-5.548062744E0,-5.595065002E0,9.277230884E0
4.388337446E1,-4.733756104E0,-5.454507294E0,-5.728886719E0,9.218472742E0
4.389337546E1,-4.675527191E0,-5.423372040E0,-5.910010071E0,9.284489099E0
4.390337646E1,-4.612807617E0,-5.485343170E0,-5.974525909E0,9.330698990E0
4.391337846E1,-4.590054932E0,-5.610482941E0,-5.830076294E0,9.302468097E0
4.392337946E1,-4.637206879E0,-5.665718079E0,-5.697601776E0,9.277214829E0
4.393338046E1,-4.770579529E0,-5.589676208E0,-5.724396057E0,9.315128522E0
4.394338246E1,-4.820276184E0,-5.438640289E0,-5.825435944E0,9.313945169E0
4.395338346E1,-4.837490387E0,-5.274132385E0,-5.897136841E0,9.273295454E0
4.396338446E1,-4.928950195E0,-5.063969421E0,-5.880671082E0,9.193510140E0
4.397338546E1,-5.123395844E0,-4.875810699E0,-5.725443878E0,9.099638594E0
4.398338746E1,-5.433700562E0,-4.704267426E0,-5.665119324E0,9.151437633E0
4.399338846E1,-5.738017731E0,-4.583768005E0,-5.760920105E0,9.334022555E0
4.400338946E1,-5.955216064E0,-4.479434967E0,-5.845344543E0,9.470902218E0
4.401339046E1,-6.060147858E0,-4.410727844E0,-5.937702484E0,9.562228975E0
4.402339246E1,-6.126759338E0,-4.337679749E0,-6.014941864E0,9.619364387E0
4.403339346E1,-6.149661713E0,-4.310436401E0,-5.927373962E0,9.567233834E0
4.404339446E1,-6.165678406E0,-4.359534302E0,-5.908513184E0,9.588099789E0
4.405339546E1,-6.227050781E0,-4.378245392E0,-5.974525909E0,9.676784279E0
4.406339746E1,-6.347101135E0,-4.407883759E0,-6.040688324E0,9.808417175E0
4.407339846E1,-6.438111877E0,-4.445755005E0,-6.073769531E0,9.904781594E0
4.408339946E1,-6.431824951E0,-4.504732361E0,-6.073769531E0,9.927318982E0
4.409340146E1,-6.402785339E0,-4.633314972E0,-6.091432800E0,9.978417775E0
4.410340246E1,-6.384822693E0,-4.658312988E0,-6.301745453E0,1.010830532E1
4.411340346E1,-6.327641602E0,-4.701423340E0,-6.462062073E0,1.019316810E1
4.412340446E1,-6.248306580E0,-4.757257233E0,-6.496490479E0,1.019201747E1
4.413340646E1,-6.217171326E0,-4.802463226E0,-6.609655151E0,1.026666516E1
4.414340746E1,-6.288273468E0,-4.758604431E0,-6.699468384E0,1.034744297E1
4.415340846E1,-6.330186310E0,-4.646188202E0,-6.666836243E0,1.030072954E1
4.416340946E1,-6.307882690E0,-4.481530609E0,-6.591692505E0,1.016483697E1
4.417341146E1,-6.258186035E0,-4.338278503E0,-6.547234955E0,1.004250160E1
4.418341246E1,-6.181994476E0,-4.126169586E0,-6.529871063E0,9.893510361E0
4.419341346E1,-6.131100311E0,-3.923191681E0,-6.564898224E0,9.802025948E0
4.420341446E1,-6.071524200E0,-3.786076813E0,-6.636000366E0,9.758805491E0
4.421341646E1,-5.964945831E0,-3.764222260E0,-6.659651184E0,9.700561936E0
4.422341746E1,-5.923781433E0,-3.765120392E0,-6.663842468E0,9.678538860E0
4.423341846E1,-5.884562988E0,-3.841162262E0,-6.653064880E0,9.677080210E0
4.424342046E1,-5.842949524E0,-3.954326935E0,-6.632108459E0,9.683058570E0
4.425342146E1,-5.789360962E0,-3.968697052E0,-6.624174957E0,9.651266782E0
4.426342246E1,-5.757327576E0,-3.967499542E0,-6.762936401E0,9.727547594E0
4.427342346E1,-5.771697693E0,-4.098477173E0,-6.836283875E0,9.840974881E0
4.428342546E1,-5.765710144E0,-4.126768341E0,-6.799011383E0,9.823450829E0
4.429342646E1,-5.774841156E0,-4.145180054E0,-6.737489319E0,9.794134488E0
4.430342746E1,-5.844596100E0,-4.160597992E0,-6.734944611E0,9.840190960E0
4.431342846E1,-5.944139099E0,-4.186344452E0,-6.715335388E0,9.897171256E0
4.432343046E1,-6.049070892E0,-4.178111572E0,-6.620881805E0,9.893631833E0
4.433343146E1,-6.152954865E0,-4.082909546E0,-6.480024719E0,9.824445241E0
4.434343246E1,-6.274801483E0,-3.968697052E0,-6.407575378E0,9.807176565E0
4.435343446E1,-6.380182343E0,-3.815415802E0,-6.552174683E0,9.909344960E0
4.436343546E1,-6.487209778E0,-3.682492218E0,-6.650819550E0,9.993900156E0
4.437343646E1,-6.607858887E0,-3.753444672E0,-6.684948578E0,1.012129851E1
4.438343746E1,-6.774462433E0,-3.732488251E0,-6.408323822E0,1.004447231E1
4.439343946E1,-6.987768860E0,-3.728596344E0,-5.949527893E0,9.905969235E0
4.440344046E1,-7.127877502E0,-3.768263855E0,-5.432053986E0,9.721813651E0
4.441344146E1,-7.250023499E0,-3.687581635E0,-5.347479858E0,9.734302229E0
4.442344246E1,-7.357200623E0,-3.548969879E0,-5.505251770E0,9.850451018E0
4.443344446E1,-7.302414551E0,-3.486250305E0,-5.333409119E0,9.691462856E0
4.444344546E1,-7.052135010E0,-3.580105133E0,-5.434449005E0,9.595988586E0
4.445344646E1,-6.735094299E0,-3.873195648E0,-5.785768433E0,9.687014819E0
4.446344746E1,-6.505022736E0,-4.260590057E0,-6.360573120E0,1.004613552E1
4.447344946E1,-6.185587006E0,-4.675826569E0,-6.854396210E0,1.034927959E1
4.448345046E1,-5.748645630E0,-5.023852844E0,-6.979685669E0,1.034417885E1
4.449345146E1,-5.492228851E0,-4.914729767E0,-6.839127960E0,1.005449241E1
4.450345358E1,-5.536536713E0,-4.394112396E0,-6.899602203E0,9.877548941E0
4.451345458E1,-5.679489441E0,-3.704496460E0,-7.037764893E0,9.772923258E0
4.452345558E1,-5.788013763E0,-3.069067841E0,-7.294930115E0,9.804911326E0
4.453345658E1,-5.863157501E0,-2.621049500E0,-7.542215881E0,9.906136319E0
4.454345858E1,-5.901178436E0,-2.382745056E0,-7.746690674E0,1.002559711E1
4.455345958E1,-5.956263885E0,-2.355202332E0,-7.743846588E0,1.004943866E1
4.456346058E1,-6.129902802E0,-2.460433502E0,-7.447462921E0,9.954604228E0
4.457346158E1,-6.476132812E0,-2.577490082E0,-6.995852051E0,9.875509974E0
4.458346358E1,-6.863676910E0,-2.694846039E0,-6.630162506E0,9.916214538E0
4.459346458E1,-6.948251038E0,-2.970422974E0,-6.305188293E0,9.841595630E0
4.460346558E1,-6.830595703E0,-3.372636566E0,-6.038442993E0,9.720828609E0
4.461346658E1,-6.750212860E0,-3.777843933E0,-5.760171661E0,9.644535033E0
4.462346858E1,-6.736441498E0,-4.023782501E0,-5.616620178E0,9.649709420E0
4.463346958E1,-6.645730133E0,-4.154011688E0,-5.546266479E0,9.601177739E0
4.464347058E1,-6.401587830E0,-4.135899353E0,-5.411396942E0,9.347149676E0
4.465347258E1,-6.191275177E0,-3.943399658E0,-5.315895538E0,9.063169123E0
4.466347358E1,-6.142177277E0,-3.603606262E0,-5.400918732E0,8.937686666E0
4.467347458E1,-6.230044556E0,-3.229983215E0,-5.548511810E0,8.946073443E0
4.468347558E1,-6.290668488E0,-3.018772430E0,-5.729485474E0,9.028427371E0
4.469347758E1,-6.303841095E0,-3.034789124E0,-5.942342834E0,9.179313479E0
4.470347858E1,-6.357729034E0,-3.208727417E0,-6.093678131E0,9.372809786E0
4.471347958E1,-6.500831451E0,-3.467688904E0,-6.091732178E0,9.560066779E0
4.472348058E1,-6.679110718E0,-3.762575684E0,-5.945785675E0,9.701539210E0
4.473348258E1,-6.921007690E0,-3.913461914E0,-5.751340027E0,9.812922282E0
4.474348358E1,-7.212152252E0,-3.852837982E0,-5.667664032E0,9.948965585E0
4.475348458E1,-7.421566772E0,-3.659140778E0,-5.639672241E0,1.001373395E1
4.476348658E1,-7.458240509E0,-3.436853027E0,-5.732479248E0,1.001492030E1
4.477348758E1,-7.416327667E0,-3.273093567E0,-5.965544586E0,1.006492821E1
4.478348858E1,-7.436385956E0,-3.229683838E0,-6.178701324E0,1.019348046E1
4.479348958E1,-7.566016388E0,-3.241209869E0,-6.369554443E0,1.040775044E1
4.480349158E1,-7.733967133E0,-3.239413605E0,-6.345005493E0,1.051509119E1
4.481349258E1,-7.870632935E0,-3.151696014E0,-6.122568054E0,1.045781479E1
4.482349358E1,-8.007298737E0,-2.966980133E0,-5.951473846E0,1.040864281E1
4.483349458E1,-8.075556793E0,-2.798580322E0,-5.908962250E0,1.039050067E1
4.484349658E1,-8.047115936E0,-2.750679932E0,-5.885461121E0,1.034219356E1
4.485349758E1,-8.034392395E0,-2.783611450E0,-5.954317932E0,1.038045548E1
4.486349858E1,-7.941735077E0,-2.984044647E0,-6.054759064E0,1.042284922E1
4.487350058E1,-7.784262543E0,-3.351530457E0,-6.055357819E0,1.041608650E1
4.488350158E1,-7.707322540E0,-3.728147278E0,-5.914051666E0,1.040566720E1
4.489350258E1,-7.710615692E0,-4.001029816E0,-5.659580841E0,1.036786811E1
4.490350358E1,-7.630532227E0,-4.082610168E0,-5.509443054E0,1.025898097E1
4.491350558E1,-7.483986969E0,-4.020189972E0,-5.462440796E0,1.010001227E1
4.492350658E1,-7.328759766E0,-3.895648956E0,-5.505700836E0,9.959896696E0
4.493350758E1,-7.166646881E0,-3.736978912E0,-5.782774658E0,9.938124655E0
4.494350858E1,-7.017706604E0,-3.563040619E0,-6.163433075E0,9.996567996E0
4.495351058E1,-6.910379791E0,-3.381468201E0,-6.506519623E0,1.007583613E1
4.496351158E1,-6.882088623E0,-3.190315704E0,-6.767876129E0,1.016589423E1
4.497351258E1,-7.105124817E0,-2.976859589E0,-6.874454498E0,1.032485430E1
4.498351358E1,-7.533983002E0,-2.758014679E0,-6.774163055E0,1.050032523E1
4.499351558E1,-7.898175659E0,-2.595901794E0,-6.389463043E0,1.048547199E1
4.500351658E1,-8.034392395E0,-2.511926422E0,-6.126909027E0,1.041154406E1
4.501351758E1,-8.092321930E0,-2.454296265E0,-6.164929962E0,1.046497042E1
4.502351958E1,-8.035290527E0,-2.498454437E0,-6.300398254E0,1.051204959E1
4.503352058E1,-7.960296478E0,-2.584824829E0,-6.469995575E0,1.057868055E1
4.504352158E1,-8.024213562E0,-2.669398956E0,-6.622378693E0,1.074102386E1
4.505352258E1,-8.005502472E0,-2.762804718E0,-6.536607056E0,1.069805550E1
4.506352458E1,-7.923173676E0,-2.830164642E0,-6.233487396E0,1.047104952E1
4.507352558E1,-7.907606049E0,-2.825075226E0,-6.035149841E0,1.034090504E1
4.508352658E1,-8.003107452E0,-2.786305847E0,-6.158792725E0,1.047587500E1
4.509352758E1,-8.060887299E0,-2.842439117E0,-6.355633392E0,1.065135860E1
4.510352958E1,-8.043822784E0,-2.971620483E0,-6.444249115E0,1.072669380E1
4.511353058E1,-7.920030212E0,-3.116369476E0,-6.466103668E0,1.068873865E1
4.512353158E1,-7.683522034E0,-3.224444733E0,-6.432423706E0,1.052661529E1
4.513353258E1,-7.479945374E0,-3.194357300E0,-6.356381836E0,1.032264944E1
4.514353458E1,-7.400909729E0,-3.028502197E0,-6.476282501E0,1.029016644E1
4.515353558E1,-7.399113464E0,-2.825823669E0,-6.789431305E0,1.043209168E1
4.516353658E1,-7.370223541E0,-2.623893585E0,-7.064409485E0,1.054091523E1
4.517353858E1,-7.239994354E0,-2.516566772E0,-7.184010773E0,1.050526712E1
4.518353958E1,-7.024741974E0,-2.399360504E0,-7.104825439E0,1.027533334E1
4.519354058E1,-6.799310760E0,-2.237247620E0,-6.919361115E0,9.955574416E0
4.520354158E1,-6.729256439E0,-2.046244812E0,-6.794371033E0,9.779237587E0
4.521354358E1,-6.818919983E0,-1.819316711E0,-6.759493561E0,9.772325017E0
4.522354458E1,-6.962321777E0,-1.640887756E0,-6.869514771E0,9.917493148E0
4.523354558E1,-7.107220459E0,-1.585802307E0,-7.070097656E0,1.014956317E1
4.524354658E1,-7.195686493E0,-1.607956238E0,-7.225324860E0,1.032321397E1
4.525354858E1,-7.270530853E0,-1.635349274E0,-7.237749023E0,1.038845499E1
4.526354958E1,-7.401059418E0,-1.565744019E0,-7.165000305E0,1.041942725E1
4.527355058E1,-7.548652496E0,-1.477128296E0,-7.061415710E0,1.044163083E1
4.528355258E1,-7.558981018E0,-1.373394012E0,-7.160809021E0,1.050245643E1
4.529355358E1,-7.474556580E0,-1.247954865E0,-7.411088562E0,1.059955759E1
4.530355458E1,-7.335046692E0,-1.123713226E0,-7.601791992E0,1.062322375E1
4.531355558E1,-7.262896729E0,-9.912387085E-1,-7.684569855E0,1.062002057E1
4.532355758E1,-7.320227509E0,-8.370593262E-1,-7.797584839E0,1.072794148E1
4.533355858E1,-7.451953583E0,-6.758445740E-1,-7.821984100E0,1.082459299E1
4.534355958E1,-7.617359619E0,-5.043013000E-1,-7.722740479E0,1.085906110E1
4.535356058E1,-7.676786041E0,-3.327580261E-1,-7.591762848E0,1.080178851E1
4.536356258E1,-7.575446777E0,-2.273771667E-1,-7.395071869E0,1.058896511E1
4.537356358E1,-7.384294281E0,-1.712438965E-1,-7.242988129E0,1.034495063E1
4.538356458E1,-7.158563690E0,-1.523831177E-1,-7.102729797E0,1.008548587E1
4.539356658E1,-6.990463257E0,-1.833686829E-1,-6.986271973E0,9.884745657E0
4.540356758E1,-6.956184540E0,-2.161505127E-1,-7.003486176E0,9.873400782E0
4.541356858E1,-7.070247345E0,-2.224374390E-1,-6.991361389E0,9.945703093E0
4.542356958E1,-7.211703186E0,-1.857637024E-1,-6.879992981E0,9.968825127E0
4.543357158E1,-7.284002838E0,-1.179547119E-1,-6.740483093E0,9.924954559E0
4.544357258E1,-7.168892212E0,-6.541397095E-2,-6.587501221E0,9.736142299E0
4.545357358E1,-6.984475708E0,1.496887207E-2,-6.478677521E0,9.526614687E0
4.546357458E1,-6.848857727E0,1.670526123E-1,-6.404731293E0,9.378450921E0
4.547357658E1,-6.820716248E0,3.183879089E-1,-6.364764404E0,9.334546958E0
4.548357758E1,-6.767127686E0,4.457730103E-1,-6.376589813E0,9.308793065E0
4.549357858E1,-6.687193909E0,5.427713013E-1,-6.489754486E0,9.334349273E0
4.550358058E1,-6.559808807E0,5.957611084E-1,-6.534661102E0,9.278352149E0
4.551358142E1,-6.340365143E0,6.183641052E-1,-6.594087524E0,9.168674637E0
4.552358242E1,-6.024372253E0,6.402186584E-1,-6.728358307E0,9.053935414E0
4.553358342E1,-5.762117615E0,6.601272583E-1,-6.926396484E0,9.033976736E0
4.554358542E1,-5.635630646E0,7.515870667E-1,-7.114555206E0,9.107255991E0
4.555358642E1,-5.533093872E0,9.165440369E-1,-7.268435211E0,9.180704286E0
4.556358742E1,-5.461093597E0,1.130898285E0,-7.451953583E0,9.307743358E0
4.557358842E1,-5.397026825E0,1.416654053E0,-7.634124756E0,9.455932955E0
4.558359042E1,-5.337450714E0,1.694027252E0,-7.748786316E0,9.560428747E0
4.559359142E1,-5.312901764E0,1.953138428E0,-7.844287720E0,9.673392616E0
4.560359242E1,-5.398523712E0,2.139650574E0,-7.885302429E0,9.792862567E0
4.561359442E1,-5.608836365E0,2.211501160E0,-7.865693207E0,9.910545513E0
4.562359542E1,-5.893993378E0,2.265239410E0,-7.817643127E0,1.004917965E1
4.563359642E1,-6.198160858E0,2.312690735E0,-7.882458344E0,1.029071844E1
4.564359742E1,-6.537804565E0,2.332749023E0,-7.889643402E0,1.050861930E1
4.565359942E1,-6.774612122E0,2.341131592E0,-7.858957214E0,1.063670414E1
4.566360042E1,-6.865622864E0,2.328258362E0,-7.781268768E0,1.063511673E1
4.567360142E1,-6.849306793E0,2.293530579E0,-7.647746429E0,1.051956803E1
4.568360242E1,-6.793472900E0,2.254312134E0,-7.505991211E0,1.037174534E1
4.569360442E1,-6.737339630E0,2.229763184E0,-7.327113190E0,1.020049885E1
4.570360542E1,-6.721472626E0,2.311193848E0,-7.278314667E0,1.017318415E1
4.571360642E1,-6.785988464E0,2.468965759E0,-7.271129608E0,1.024767082E1
4.572360842E1,-6.838080139E0,2.688708801E0,-7.165599060E0,1.026325021E1
4.573360942E1,-6.849007416E0,2.863096161E0,-7.103927307E0,1.027482386E1
4.574361042E1,-6.776258698E0,3.024011536E0,-7.178172913E0,1.032417038E1
4.575361142E1,-6.736890564E0,3.184777222E0,-7.235054626E0,1.038626573E1
4.576361342E1,-6.767427063E0,3.363505554E0,-7.237299957E0,1.046373496E1
4.577361442E1,-6.864125977E0,3.568130035E0,-7.407346344E0,1.071058155E1
4.578361542E1,-6.994355164E0,3.831582184E0,-7.400460663E0,1.087974468E1
4.579361642E1,-7.191644897E0,4.081562347E0,-7.447013855E0,1.112820394E1
4.580361842E1,-7.312294006E0,4.333787842E0,-7.490273895E0,1.132941145E1
4.581361942E1,-7.370373230E0,4.559368744E0,-7.341333618E0,1.135805548E1
4.582362042E1,-7.295379181E0,4.733756104E0,-7.163802795E0,1.126725675E1
4.583362242E1,-7.079528046E0,4.910388794E0,-6.900350647E0,1.103840906E1
4.584362342E1,-6.742878113E0,5.024451599E0,-6.527925110E0,1.064543683E1
4.585362442E1,-6.433022461E0,5.025200043E0,-6.206842804E0,1.025481892E1
4.586362542E1,-6.352489929E0,4.907694397E0,-6.127807159E0,1.009899070E1
4.587362742E1,-6.321803741E0,4.683161316E0,-6.022426300E0,9.907917087E0
4.588362842E1,-6.100713501E0,4.320615234E0,-5.989644470E0,9.579262086E0
4.589362942E1,-5.609884186E0,3.819906464E0,-5.877527618E0,8.978185611E0
4.590363042E1,-4.964576111E0,3.323538666E0,-5.868845673E0,8.374740280E0
4.591363242E1,-4.385131073E0,3.016377411E0,-5.933511200E0,7.970850793E0
4.592363342E1,-3.921994171E0,2.968477020E0,-5.920787659E0,7.697377514E0
4.593363442E1,-3.700754242E0,3.202889557E0,-5.939648438E0,7.696330751E0
4.594363642E1,-3.677851868E0,3.622317352E0,-5.973777466E0,7.895175398E0
4.595363742E1,-3.724255371E0,4.180057526E0,-5.999523926E0,8.205927511E0
4.596363842E1,-3.803740082E0,4.718038788E0,-5.935307465E0,8.482700237E0
4.597363942E1,-3.846251678E0,5.182522888E0,-5.827681274E0,8.695634796E0
4.598364142E1,-3.811972961E0,5.547014923E0,-5.681734772E0,8.808099820E0
4.599364242E1,-3.788920898E0,5.829926605E0,-5.593418427E0,8.923580867E0
4.600364342E1,-3.788022766E0,6.050418091E0,-5.533842316E0,9.032169525E0
4.601364442E1,-3.898642731E0,6.210135956E0,-5.425317993E0,9.121363881E0
4.602364642E1,-4.104315033E0,6.352040863E0,-5.275030518E0,9.220616681E0
4.603364742E1,-4.436025238E0,6.440656586E0,-5.248236237E0,9.418299250E0
4.604364842E1,-4.750072174E0,6.480623474E0,-5.228177948E0,9.586214630E0
4.605365042E1,-4.996160431E0,6.499933319E0,-5.090464325E0,9.650055919E0
4.606365142E1,-5.171595612E0,6.535110168E0,-4.967120819E0,9.701822268E0
4.607365242E1,-5.318889313E0,6.505322113E0,-4.856201477E0,9.705281660E0
4.608365342E1,-5.436694336E0,6.509962463E0,-4.790787506E0,9.741093445E0
4.609365542E1,-5.553301849E0,6.532116394E0,-4.810396729E0,9.830952278E0
4.610365642E1,-5.684878235E0,6.558760986E0,-4.931644592E0,9.982800439E0
4.611365742E1,-5.945336609E0,6.620732117E0,-4.740941162E0,1.008254156E1
4.612365942E1,-5.958808594E0,6.583010559E0,-4.615651703E0,1.000738070E1
4.613366042E1,-5.614674225E0,6.757397919E0,-5.168302460E0,1.019305369E1
4.614366142E1,-5.454058228E0,7.084018707E0,-5.181624756E0,1.033340734E1
4.615366242E1,-5.542374573E0,7.351811829E0,-5.134173431E0,1.054166922E1
4.616366442E1,-5.815107422E0,7.497908020E0,-5.115462341E0,1.077970565E1
4.617366542E1,-6.033952332E0,7.574099579E0,-5.095254364E0,1.094244864E1
4.618366642E1,-6.054609375E0,7.589966583E0,-5.057532806E0,1.094735244E1
4.619366742E1,-5.848937073E0,7.537276154E0,-5.031786346E0,1.078607762E1
4.620366942E1,-5.431604919E0,7.522906036E0,-4.997657318E0,1.053911884E1
4.621367042E1,-5.074148254E0,7.598498840E0,-5.110821991E0,1.046922474E1
4.622367142E1,-4.860991516E0,7.732470245E0,-5.401218109E0,1.061100804E1
4.623367342E1,-4.685107269E0,7.787106628E0,-5.320236511E0,1.053063038E1
4.624367442E1,-4.412823486E0,7.621101837E0,-5.079237671E0,1.016626085E1
4.625367542E1,-4.097878418E0,7.276817780E0,-4.924609222E0,9.695177178E0
4.626367642E1,-3.749103699E0,6.913523254E0,-4.896168365E0,9.264180859E0
4.627367842E1,-3.391647034E0,6.629414062E0,-4.824766846E0,8.873036432E0
4.628367942E1,-3.096161499E0,6.365213470E0,-4.502786407E0,8.389114613E0
4.629368042E1,-2.893333282E0,6.205645294E0,-4.234095154E0,8.050402026E0
4.630368142E1,-2.764600983E0,6.281537476E0,-4.124822388E0,8.007177492E0
4.631368342E1,-2.633174286E0,6.590345306E0,-3.979175262E0,8.136344010E0
4.632368442E1,-2.553988953E0,6.981481934E0,-3.819906464E0,8.357968351E0
4.633368542E1,-2.447111206E0,7.407645721E0,-3.720513153E0,8.643135225E0
4.634368742E1,-2.397564240E0,7.816445618E0,-3.619922333E0,8.941419019E0
4.635368842E1,-2.278412018E0,8.178243256E0,-3.470083923E0,9.171494235E0
4.636368942E1,-2.200573883E0,8.458460541E0,-3.379522247E0,9.370659035E0
4.637369042E1,-2.157463531E0,8.791218567E0,-3.175346832E0,9.592861944E0
4.638369242E1,-2.255659332E0,8.887318726E0,-3.097359009E0,9.678123061E0
4.639369342E1,-2.387834473E0,9.005123749E0,-3.186573486E0,9.846230638E0
4.640369442E1,-2.504292297E0,9.027427368E0,-3.260220337E0,9.919423443E0
4.641369642E1,-2.573747864E0,8.881630554E0,-3.395838318E0,9.850850585E0
4.642369742E1,-2.489772491E0,8.666078796E0,-3.529061279E0,9.682673302E0
4.643369842E1,-2.275867310E0,8.434061279E0,-3.632945251E0,9.461038678E0
4.644369942E1,-1.822759552E0,8.222102051E0,-3.838018799E0,9.255042021E0
4.645370142E1,-1.052760773E0,7.979306946E0,-3.939956818E0,8.961077184E0
4.646370242E1,-1.178050232E-1,7.697293396E0,-4.095633087E0,8.719886125E0
4.647370342E1,7.860154724E-1,7.515122223E0,-4.470004578E0,8.779283756E0
4.648370442E1,1.678459625E0,7.452252960E0,-4.820126495E0,9.032547831E0
4.649370642E1,2.434537354E0,7.527845764E0,-5.175786896E0,9.454321973E0
4.650370742E1,2.988086243E0,7.840994568E0,-5.655539246E0,1.011904044E1
4.651370858E1,3.281625824E0,8.354426880E0,-6.266418915E0,1.094684989E1
4.652371058E1,3.423381042E0,8.786877594E0,-6.670877838E0,1.155116300E1
4.653371158E1,3.521277466E0,8.984317017E0,-6.861730957E0,1.184063761E1
4.654371258E1,3.642974396E0,8.928034058E0,-6.934629364E0,1.187729510E1
4.655371358E1,3.929777985E0,8.633296967E0,-6.806346130E0,1.167490125E1
4.656371558E1,4.114044800E0,8.264463959E0,-6.693181458E0,1.140286837E1
4.657371658E1,4.036655731E0,7.865094452E0,-6.522236938E0,1.098607641E1
4.658371758E1,3.678600311E0,7.450756073E0,-5.847440186E0,1.016063104E1
4.659371858E1,3.040477295E0,7.057074738E0,-4.951104126E0,9.141128929E0
4.660372058E1,2.249522095E0,6.735842743E0,-4.251459045E0,8.276885352E0
4.661372158E1,1.405427399E0,6.316564636E0,-3.567381592E0,7.389210134E0
4.662372258E1,6.342311096E-1,5.695206757E0,-2.829266510E0,6.390804181E0
4.663372458E1,-1.972897339E-1,4.973258057E0,-2.539618835E0,5.587654496E0
4.664372558E1,-1.025517426E0,4.279750214E0,-2.433040466E0,5.028681119E0
4.665372658E1,-1.683399353E0,3.612288208E0,-2.350711670E0,4.626910939E0
4.666372758E1,-2.066452789E0,2.866838379E0,-2.018702087E0,4.069907559E0
4.667372958E1,-2.182311859E0,2.081721039E0,-1.628164215E0,3.427384753E0
4.668373058E1,-2.341281281E0,1.345851288E0,-1.604962463E0,3.141467528E0
4.669373158E1,-2.791694641E0,7.792794800E-1,-1.843566284E0,3.435050527E0
4.670373358E1,-3.583547974E0,3.408412170E-1,-1.891167297E0,4.066263956E0
4.671373458E1,-4.697681122E0,8.622070312E-2,-1.910477142E0,5.072037544E0
4.672373558E1,-5.997877350E0,-2.290237427E-2,-2.007176056E0,6.324856753E0
4.673373658E1,-7.093898163E0,-2.118095398E-1,-1.832489319E0,7.329820702E0
4.674373858E1,-7.849526825E0,-5.117857361E-1,-1.562450867E0,8.019865880E0
4.675373958E1,-8.321944427E0,-7.065307617E-1,-1.433419189E0,8.473997601E0
4.676374058E1,-8.543633423E0,-6.792874146E-1,-1.391506348E0,8.682821740E0
4.677374158E1,-8.847950592E0,-3.731739807E-1,-1.465153198E0,8.976199775E0
4.678374358E1,-9.462123413E0,9.580078125E-3,-1.603315887E0,9.597004381E0
4.679374458E1,-1.025801834E1,4.384382629E-1,-1.615440674E0,1.039369121E1
4.680374558E1,-1.100257004E1,7.003935242E-1,-1.586550751E0,1.113841289E1
4.681374758E1,-1.155761581E1,9.277706909E-1,-1.418001251E0,1.168118013E1
4.682374858E1,-1.186672302E1,8.975335693E-1,-1.469045105E0,1.199094556E1
4.683374958E1,-1.221205490E1,7.417076111E-1,-1.829046478E0,1.237052247E1
4.684375058E1,-1.284972885E1,6.653663635E-1,-2.519710236E0,1.311133798E1
4.685375258E1,-1.378139145E1,9.626481628E-1,-3.093616791E0,1.415711505E1
4.686375358E1,-1.484912109E1,1.148711243E0,-3.724554749E0,1.535214131E1
4.687375458E1,-1.543874496E1,1.334474945E0,-4.109554138E0,1.603197133E1
4.688375558E1,-1.514999542E1,1.246457977E0,-4.235442352E0,1.578020883E1
4.689375758E1,-1.410052780E1,6.503974915E-1,-4.242178345E0,1.473919870E1
4.690375858E1,-1.281320480E1,-1.390608215E-1,-4.415966949E0,1.355353531E1
4.691375958E1,-1.153950348E1,-1.090632019E0,-4.665797424E0,1.249477028E1
4.692376158E1,-1.054422318E1,-2.044747925E0,-4.585863647E0,1.167868922E1
4.693376258E1,-1.013602203E1,-2.872825928E0,-4.494254150E0,1.145383743E1
4.694376358E1,-1.040097107E1,-3.206631775E0,-4.861889648E0,1.192059803E1
4.695376458E1,-1.094374237E1,-3.052901459E0,-5.569917297E0,1.265344550E1
4.696376658E1,-1.109597580E1,-2.563569031E0,-6.187982025E0,1.296085208E1
4.697376758E1,-1.044183609E1,-2.051334229E0,-6.908583527E0,1.268733382E1
4.698376858E1,-9.215436401E0,-1.847458191E0,-7.493417358E0,1.202034415E1
4.699376958E1,-7.818092194E0,-2.021695862E0,-7.833061066E0,1.125018513E1
4.700377158E1,-6.581813049E0,-2.513123932E0,-8.158933411E0,1.077980748E1
4.701377258E1,-6.165828094E0,-3.217708740E0,-8.412955170E0,1.091553482E1
4.702377358E1,-6.669979706E0,-3.741020508E0,-8.851842499E0,1.169781943E1
4.703377558E1,-7.668253784E0,-4.014352112E0,-9.558522949E0,1.289505719E1
4.704377658E1,-8.326135712E0,-4.132456512E0,-9.818232880E0,1.352033393E1
4.705377758E1,-8.250393219E0,-4.292773132E0,-9.993368683E0,1.365153131E1
4.706377858E1,-7.849377136E0,-4.262835388E0,-9.748477936E0,1.322184968E1
4.707378058E1,-7.675588531E0,-3.982767792E0,-9.632020111E0,1.294422304E1
4.708378158E1,-7.777825928E0,-3.497327271E0,-9.713301086E0,1.292571438E1
4.709378258E1,-8.155490570E0,-2.964884491E0,-9.738448792E0,1.304377060E1
4.710378458E1,-8.619525604E0,-2.728376312E0,-9.780810699E0,1.331932869E1
4.711378558E1,-8.889264679E0,-2.701282654E0,-9.750872955E0,1.346831385E1
4.712378658E1,-8.765921173E0,-2.727029114E0,-9.866282959E0,1.347670587E1
4.713378758E1,-8.451874237E0,-3.120111694E0,-9.797725525E0,1.331032308E1
4.714378958E1,-8.195307770E0,-3.527564392E0,-9.899513855E0,1.332693343E1
4.715379058E1,-8.008346558E0,-3.707789612E0,-9.503287811E0,1.296895515E1
4.716379158E1,-8.034392395E0,-3.707340546E0,-9.089099121E0,1.268493429E1
4.717379258E1,-8.168962555E0,-3.625161438E0,-8.928483124E0,1.263295514E1
4.718379458E1,-8.140072632E0,-3.638184357E0,-8.944350128E0,1.262927421E1
4.719379558E1,-7.856861572E0,-3.783981171E0,-9.056167603E0,1.257230921E1
4.720379658E1,-7.598498840E0,-3.718267822E0,-9.057065735E0,1.239326995E1
4.721379858E1,-7.754923553E0,-3.609144745E0,-8.934171295E0,1.236867745E1
4.722379958E1,-8.127947845E0,-3.475921783E0,-8.708590393E0,1.240907390E1
4.723380058E1,-8.530460815E0,-3.202440491E0,-8.528963928E0,1.248068958E1
4.724380158E1,-8.714428253E0,-3.266207886E0,-8.523126068E0,1.261955038E1
4.725380358E1,-8.517737274E0,-3.415297852E0,-8.513246613E0,1.251764657E1
4.726380458E1,-8.126450958E0,-3.556005249E0,-8.569379883E0,1.233363896E1
4.727380558E1,-7.731272736E0,-3.827390900E0,-8.436605988E0,1.206639216E1
4.728380658E1,-7.488477631E0,-3.844305725E0,-8.196654968E0,1.174909088E1
4.729380858E1,-7.241042175E0,-4.037703552E0,-8.023764496E0,1.153761407E1
4.730380958E1,-6.995852051E0,-4.085005188E0,-7.886050873E0,1.130570704E1
4.731381058E1,-6.612798615E0,-4.257895660E0,-7.752229156E0,1.104336171E1
4.732381258E1,-6.249653778E0,-4.133953400E0,-7.633975067E0,1.069697707E1
4.733381358E1,-6.022426300E0,-3.996988220E0,-7.598199463E0,1.048704765E1
4.734381458E1,-5.986351318E0,-3.575913849E0,-7.481142883E0,1.022697711E1
4.735381558E1,-5.955216064E0,-3.346141663E0,-7.349716187E0,1.003392199E1
4.736381758E1,-5.933810577E0,-3.223396912E0,-7.172335052E0,9.851029678E0
4.737381858E1,-5.976771240E0,-3.077151031E0,-6.989116058E0,9.697339646E0
4.738381958E1,-6.018833771E0,-3.015179901E0,-6.812932434E0,9.577772087E0
4.739382158E1,-6.098019104E0,-2.923869781E0,-6.626719666E0,9.468276771E0
4.740382258E1,-6.195316772E0,-2.804418182E0,-6.455026703E0,9.376250903E0
4.741382358E1,-6.302793274E0,-2.617606659E0,-6.362818451E0,9.330730213E0
4.742382458E1,-6.431824951E0,-2.425256653E0,-6.291865997E0,9.318681224E0
4.743382658E1,-6.565197601E0,-2.329306183E0,-6.184688873E0,9.315463665E0
4.744382758E1,-6.698719940E0,-2.340383148E0,-6.127807159E0,9.375513997E0
4.745382858E1,-6.801107025E0,-2.436932373E0,-6.124963074E0,9.471476591E0
4.746382958E1,-6.885082397E0,-2.570155334E0,-5.971532135E0,9.469385096E0
4.747383158E1,-6.968608704E0,-2.698288879E0,-5.710325317E0,9.404790554E0
4.748383258E1,-7.007677460E0,-2.747237091E0,-5.517077179E0,9.332362810E0
4.749383358E1,-7.015610962E0,-2.760858765E0,-5.433251495E0,9.293081303E0
4.750383558E1,-7.004983063E0,-2.751578064E0,-5.437293091E0,9.284671545E0
4.751383667E1,-7.031777344E0,-2.670746155E0,-5.509892120E0,9.324038225E0
4.752383767E1,-7.150330811E0,-2.534230042E0,-5.516328735E0,9.379735354E0
4.753383867E1,-7.317533112E0,-2.386636963E0,-5.379662933E0,9.390585717E0
4.754384067E1,-7.473658447E0,-2.295626221E0,-5.263953552E0,9.425214975E0
4.755384167E1,-7.534432068E0,-2.272723846E0,-5.215005341E0,9.440827346E0
4.756384267E1,-7.448211365E0,-2.319875793E0,-5.234165497E0,9.394368775E0
4.757384467E1,-7.302115173E0,-2.380649414E0,-5.316494293E0,9.340957617E0
4.758384567E1,-7.126679993E0,-2.458337860E0,-5.408403168E0,9.278136536E0
4.759384667E1,-6.976841583E0,-2.526146851E0,-5.439837799E0,9.200520185E0
4.760384767E1,-6.951394501E0,-2.562970276E0,-5.457950134E0,9.202169408E0
4.761384967E1,-7.123237152E0,-2.547702026E0,-5.366939392E0,9.275523251E0
4.762385067E1,-7.400310974E0,-2.461780701E0,-5.245392151E0,9.398888527E0
4.763385167E1,-7.611970825E0,-2.338137817E0,-5.108127594E0,9.460547332E0
4.764385267E1,-7.714657288E0,-2.204166412E0,-5.039570160E0,9.474785171E0
4.765385467E1,-7.722441101E0,-2.064656525E0,-4.987927551E0,9.422225023E0
4.766385567E1,-7.688461761E0,-1.957778778E0,-5.050198059E0,9.404777639E0
4.767385667E1,-7.707472229E0,-1.850901031E0,-5.156027985E0,9.455981566E0
4.768385867E1,-7.730823669E0,-1.847009125E0,-5.287005615E0,9.546177543E0
4.769385967E1,-7.789351959E0,-1.934577026E0,-5.379962311E0,9.662328223E0
4.770386067E1,-7.865244141E0,-2.027234344E0,-5.357059937E0,9.729842529E0
4.771386167E1,-7.916587372E0,-2.113155670E0,-5.272635498E0,9.743637288E0
4.772386367E1,-7.989036713E0,-2.148033142E0,-5.188660126E0,9.765293026E0
4.773386467E1,-8.028853912E0,-2.137255554E0,-5.179080048E0,9.790466107E0
4.774386567E1,-8.047565002E0,-2.101779327E0,-5.237907715E0,9.829367021E0
4.775386667E1,-7.976911926E0,-2.053729248E0,-5.294639740E0,9.791942488E0
4.776386867E1,-7.872129822E0,-2.054028625E0,-5.331313477E0,9.726888758E0
4.777386967E1,-7.762258301E0,-2.066452789E0,-5.255570984E0,9.599161808E0
4.778387067E1,-7.735314331E0,-2.092049561E0,-5.170547791E0,9.536578192E0
4.779387267E1,-7.847880249E0,-2.066303101E0,-5.234764252E0,9.657204030E0
4.780387367E1,-8.051456909E0,-2.013612671E0,-5.245242462E0,9.818001978E0
4.781387467E1,-8.132139130E0,-1.991758118E0,-5.249882812E0,9.882310295E0
4.782387567E1,-8.056097260E0,-1.986219635E0,-5.428910522E0,9.915585760E0
4.783387767E1,-7.974666595E0,-1.913770294E0,-5.639971619E0,9.953245898E0
4.784387867E1,-7.937693481E0,-1.788780212E0,-5.688620453E0,9.928097255E0
4.785387967E1,-7.942034454E0,-1.643282776E0,-5.597310333E0,9.854246421E0
4.786388167E1,-8.008496246E0,-1.548978882E0,-5.481750641E0,9.827763621E0
4.787388267E1,-8.169411621E0,-1.492546234E0,-5.422024841E0,9.917929919E0
4.788388367E1,-8.395441589E0,-1.472188568E0,-5.371280365E0,1.007479188E1
4.789388467E1,-8.648116150E0,-1.480122070E0,-5.340893555E0,1.027160252E1
4.790388667E1,-8.762628021E0,-1.478176117E0,-5.287005615E0,1.034026512E1
4.791388767E1,-8.623716888E0,-1.548380127E0,-5.255870361E0,1.021714966E1
4.792388867E1,-8.330626373E0,-1.627864838E0,-5.236111450E0,9.973271420E0
4.793389067E1,-8.111781464E0,-1.624571686E0,-5.273383942E0,9.810647780E0
4.794389167E1,-8.078550568E0,-1.585203552E0,-5.372777252E0,9.830696058E0
4.795389267E1,-8.353977814E0,-1.497785339E0,-5.367687836E0,1.004213020E1
4.796389367E1,-8.710236969E0,-1.410217438E0,-5.285359039E0,1.028552193E1
4.797389567E1,-8.991951141E0,-1.398092651E0,-5.230722656E0,1.049620445E1
4.798389667E1,-9.148525543E0,-1.451980591E0,-5.194348297E0,1.062002926E1
4.799389767E1,-9.033115540E0,-1.530716858E0,-5.213508453E0,1.054139179E1
4.800389867E1,-8.727301483E0,-1.576521606E0,-5.275180206E0,1.031885351E1
4.801390067E1,-8.532855835E0,-1.523681488E0,-5.287005615E0,1.015301248E1
4.802390167E1,-8.567433929E0,-1.394500122E0,-5.170847168E0,1.010362386E1
4.803390267E1,-8.691974945E0,-1.377285919E0,-4.992717590E0,1.011803212E1
4.804390467E1,-8.902886353E0,-1.476828918E0,-4.801415405E0,1.022232845E1
4.805390567E1,-9.101373596E0,-1.616039429E0,-4.692442017E0,1.036656148E1
4.806390667E1,-9.134604492E0,-1.731000366E0,-4.600533142E0,1.037315124E1
4.807390767E1,-8.945996704E0,-1.801354065E0,-4.546495514E0,1.019540852E1
4.808390967E1,-8.710985413E0,-1.775308228E0,-4.495451660E0,9.962031509E0
4.809391067E1,-8.506061554E0,-1.694775696E0,-4.468358002E0,9.756616783E0
4.810391167E1,-8.304730225E0,-1.618284760E0,-4.469555511E0,9.568924503E0
4.811391367E1,-8.052205353E0,-1.593286743E0,-4.609664154E0,9.414115853E0
4.812391467E1,-7.627089386E0,-1.631157990E0,-4.834047546E0,9.176120344E0
4.813391567E1,-7.227869568E0,-1.698817291E0,-4.934189301E0,8.914836102E0
4.814391667E1,-6.992259521E0,-1.704954529E0,-4.834496613E0,8.670116531E0
4.815391867E1,-6.866670685E0,-1.698068848E0,-4.602928162E0,8.439286212E0
4.816391967E1,-6.823560333E0,-1.592687988E0,-4.483326874E0,8.318524539E0
4.817392067E1,-6.966063995E0,-1.357077942E0,-4.472848663E0,8.388926230E0
4.818392167E1,-7.245832214E0,-1.074765015E0,-4.470154266E0,8.581345086E0
4.819392367E1,-7.480095062E0,-8.478369141E-1,-4.445904694E0,8.742809509E0
4.820392467E1,-7.685767365E0,-7.134164429E-1,-4.414769440E0,8.892141036E0
4.821392567E1,-7.839048615E0,-7.695497131E-1,-4.362228699E0,9.003995178E0
4.822392767E1,-7.895331573E0,-1.003363495E0,-4.290677490E0,9.041731708E0
4.823392867E1,-7.947872314E0,-1.292861481E0,-4.258943481E0,9.109268067E0
4.824392967E1,-8.122109985E0,-1.459465027E0,-4.211641846E0,9.264806302E0
4.825393067E1,-8.503965912E0,-1.461560669E0,-4.074227600E0,9.542165706E0
4.826393267E1,-9.024583282E0,-1.340013428E0,-3.866459656E0,9.908998420E0
4.827393367E1,-9.335935822E0,-1.216669922E0,-3.623514862E0,1.008810405E1
4.828393467E1,-9.441166992E0,-1.141077118E0,-3.491040344E0,1.013040245E1
4.829393667E1,-9.470805359E0,-1.090033264E0,-3.525917816E0,1.016446866E1
4.830393767E1,-9.437125397E0,-1.063238983E0,-3.623514862E0,1.016462851E1
4.831393867E1,-9.293573914E0,-1.044827271E0,-3.755390625E0,1.007795311E1
4.832393967E1,-9.151818695E0,-1.021326141E0,-3.946094055E0,1.001851041E1
4.833394167E1,-8.955876160E0,-1.046473846E0,-4.098477173E0,9.904561597E0
4.834394267E1,-8.687334595E0,-1.145567780E0,-4.123624878E0,9.684337356E0
4.835394367E1,-8.510701904E0,-1.245709534E0,-4.111051025E0,9.533340426E0
4.836394567E1,-8.390052795E0,-1.325643311E0,-4.127067719E0,9.443675346E0
4.837394667E1,-8.326435089E0,-1.326242065E0,-4.144431610E0,9.394932287E0
4.838394767E1,-8.387957153E0,-1.216969299E0,-4.151916046E0,9.438074292E0
4.839394867E1,-8.552764435E0,-1.074615326E0,-4.045786743E0,9.522235449E0
4.840395067E1,-8.683442688E0,-9.717791748E-1,-3.895349579E0,9.566623230E0
4.841395167E1,-8.680897980E0,-9.271719360E-1,-3.771407318E0,9.510055241E0
4.842395267E1,-8.625213776E0,-9.756710815E-1,-3.660338287E0,9.420420538E0
4.843395467E1,-8.700806580E0,-1.024319916E0,-3.654650116E0,9.492614703E0
4.844395567E1,-8.843010864E0,-1.147064667E0,-3.646117859E0,9.633731050E0
4.845395667E1,-8.962462463E0,-1.324894867E0,-3.611090698E0,9.753002402E0
4.846395767E1,-9.115594025E0,-1.471140747E0,-3.620072021E0,9.917823902E0
4.847395967E1,-9.268276520E0,-1.503174133E0,-3.646566925E0,1.007263285E1
4.848396067E1,-9.313781891E0,-1.485810242E0,-3.741768951E0,1.014667434E1
4.849396167E1,-9.186396790E0,-1.444645844E0,-3.855083313E0,1.006670527E1
4.850396267E1,-9.072333984E0,-1.351240082E0,-3.919599152E0,9.974785772E0
4.851396517E1,-9.098828888E0,-1.249002686E0,-3.797902222E0,9.938448376E0
4.852396617E1,-9.246122589E0,-1.091380463E0,-3.543281708E0,9.961763875E0
4.853396717E1,-9.425000610E0,-9.439370728E-1,-3.210074615E0,1.000131155E1
4.854396917E1,-9.675130463E0,-7.958949280E-1,-2.919079742E0,1.013719018E1
4.855397017E1,-9.900411987E0,-7.243437195E-1,-2.991529083E0,1.036783862E1
4.856397117E1,-9.838440857E0,-8.384065247E-1,-3.250340881E0,1.039531432E1
4.857397217E1,-9.736053772E0,-1.094224548E0,-3.429518280E0,1.038025366E1
4.858397417E1,-9.861043854E0,-1.357527008E0,-3.431314545E0,1.052886437E1
4.859397517E1,-1.004680756E1,-1.530118103E0,-3.275189209E0,1.067738113E1
4.860397617E1,-1.009590546E1,-1.569785614E0,-2.898871765E0,1.062049864E1
4.861397817E1,-1.009725266E1,-1.435065765E0,-2.558629303E0,1.051477574E1
4.862397917E1,-1.012284943E1,-1.247805176E0,-2.509531403E0,1.050365870E1
4.863398017E1,-1.017539017E1,-1.135089569E0,-2.748135223E0,1.060090754E1
4.864398117E1,-1.008976822E1,-1.181493073E0,-3.196752319E0,1.064981568E1
4.865398317E1,-9.821526031E0,-1.443747711E0,-3.570824432E0,1.054976626E1
4.866398417E1,-9.553433533E0,-1.714983673E0,-3.785178680E0,1.041810150E1
4.867398517E1,-9.363328857E0,-1.774260406E0,-3.743864594E0,1.023896720E1
4.868398717E1,-9.198970642E0,-1.645827484E0,-3.344345398E0,9.925444832E0
4.869398817E1,-9.120533752E0,-1.335223389E0,-2.847827911E0,9.647646409E0
4.870398917E1,-9.269623718E0,-9.217831421E-1,-2.820434875E0,9.732957460E0
4.871399017E1,-9.439370728E0,-5.406756592E-1,-3.141517181E0,9.963090891E0
4.872399217E1,-9.637408905E0,-3.592529297E-1,-3.292852478E0,1.019076006E1
4.873399317E1,-9.741442566E0,-4.540058899E-1,-3.412004700E0,1.033167947E1
4.874399417E1,-9.812694397E0,-5.845344543E-1,-3.369343414E0,1.039149301E1
4.875399617E1,-9.757010193E0,-6.858737183E-1,-3.025807800E0,1.023841704E1
4.876399717E1,-9.696985016E0,-7.655081177E-1,-2.613714752E0,1.007219072E1
4.877399817E1,-9.716743927E0,-7.810757446E-1,-2.352657623E0,1.002797037E1
4.878399917E1,-9.767338715E0,-7.405101013E-1,-2.130968628E0,1.002448443E1
4.879400117E1,-9.729467468E0,-6.888674927E-1,-2.137255554E0,9.985235948E0
4.880400217E1,-9.615254974E0,-6.581813049E-1,-2.352957001E0,9.920823429E0
4.881400317E1,-9.534423065E0,-6.536906433E-1,-2.501448212E0,9.878753859E0
4.882400517E1,-9.480684814E0,-7.312294006E-1,-2.530787201E0,9.839866099E0
4.883400617E1,-9.461674347E0,-8.107141113E-1,-2.569556580E0,9.837843251E0
4.884400717E1,-9.416168976E0,-8.934919739E-1,-2.696492615E0,9.835326050E0
4.885400817E1,-9.288634186E0,-9.584568787E-1,-2.789449310E0,9.745685819E0
4.886401017E1,-9.190737762E0,-9.672885132E-1,-3.008743286E0,9.718942527E0
4.887401117E1,-9.168733521E0,-9.053173828E-1,-3.229085083E0,9.762800029E0
4.888401217E1,-9.173673248E0,-8.265811157E-1,-3.318598938E0,9.790434930E0
4.889401417E1,-9.070687408E0,-7.521858215E-1,-3.320395203E0,9.688559123E0
4.890401517E1,-8.969497833E0,-6.146218872E-1,-3.299887848E0,9.576999073E0
4.891401617E1,-8.914113007E0,-4.053570557E-1,-3.257376251E0,9.499274976E0
4.892401717E1,-8.900341644E0,-1.558259583E-1,-3.210074615E0,9.462818933E0
4.893401917E1,-8.887169037E0,5.269042969E-2,-3.269800415E0,9.469748916E0
4.894402017E1,-8.789422302E0,1.453477478E-1,-3.324287109E0,9.398188930E0
4.895402117E1,-8.569379883E0,1.713935852E-1,-3.407364349E0,9.223544825E0
4.896402217E1,-8.361312561E0,1.502874756E-1,-3.485651550E0,9.060016600E0
4.897402417E1,-8.208630066E0,6.032455444E-2,-3.494782562E0,8.921813256E0
4.898402517E1,-8.102500763E0,-6.930587769E-2,-3.507655792E0,8.829437755E0
4.899402617E1,-8.091274109E0,-1.871109009E-1,-3.533102875E0,8.830998988E0
4.900402817E1,-8.146509247E0,-2.890489197E-1,-3.567381592E0,8.898054484E0
4.901402917E1,-8.213719482E0,-3.930825806E-1,-3.492088165E0,8.933889489E0
4.902403017E1,-8.210576019E0,-4.712200928E-1,-3.459605713E0,8.922134197E0
4.903403117E1,-8.178692322E0,-4.876858521E-1,-3.517984314E0,8.916560952E0
4.904403317E1,-8.209228821E0,-3.745211792E-1,-3.636537781E0,8.986440395E0
4.905403417E1,-8.287216644E0,-2.344125366E-1,-3.784130859E0,9.113317470E0
4.906403517E1,-8.328381042E0,-1.076261902E-1,-3.888763275E0,9.192170255E0
4.907403717E1,-8.242310028E0,-3.876937866E-2,-3.974235535E0,9.150504125E0
4.908403817E1,-8.076903992E0,-1.167572021E-2,-4.095633087E0,9.055977297E0
4.909403917E1,-7.942333832E0,-1.571731567E-2,-4.162693634E0,8.967102766E0
4.910404017E1,-7.819738770E0,-2.634521484E-2,-4.262985077E0,8.906292734E0
4.911404217E1,-7.737559662E0,6.271957397E-2,-4.511767731E0,8.957109541E0
4.912404317E1,-7.644153900E0,2.395019531E-1,-4.822072449E0,9.041174301E0
4.913404417E1,-7.516768799E0,3.743714905E-1,-5.128634949E0,9.107407075E0
4.914404617E1,-7.339836731E0,5.298980713E-1,-5.402265930E0,9.128990765E0
4.915404717E1,-7.231761475E0,6.821315002E-1,-5.670807495E0,9.215298967E0
4.916404817E1,-7.246730347E0,7.472460938E-1,-5.868097229E0,9.354573348E0
4.917404917E1,-7.304061127E0,7.334747314E-1,-5.988896027E0,9.473867729E0
4.918405117E1,-7.357500000E0,6.384223938E-1,-6.070925446E0,9.560152989E0
4.919405217E1,-7.313042450E0,5.304968262E-1,-6.090534668E0,9.531874385E0
4.920405317E1,-7.230863342E0,4.471202087E-1,-6.133794708E0,9.492562282E0
4.921405517E1,-7.196434937E0,4.206253052E-1,-6.255641327E0,9.544561271E0
4.922405617E1,-7.321574707E0,4.454736328E-1,-6.360273743E0,9.708603660E0
4.923405717E1,-7.573650513E0,4.879852295E-1,-6.467151489E0,9.971076173E0
4.924405817E1,-7.841293945E0,5.454656982E-1,-6.523733826E0,1.021481897E1
4.925406017E1,-8.046816559E0,6.062393188E-1,-6.540948029E0,1.038762648E1
4.926406117E1,-8.138875122E0,6.433621216E-1,-6.518794098E0,1.044748197E1
4.927406217E1,-8.108488312E0,6.815327454E-1,-6.472390594E0,1.039730300E1
4.928406417E1,-8.060288544E0,7.077282715E-1,-6.475983124E0,1.036375840E1
4.929406517E1,-8.066276093E0,7.653584290E-1,-6.572083282E0,1.043277826E1
4.930406617E1,-8.100854187E0,8.532257080E-1,-6.614445190E0,1.049298422E1
4.931406717E1,-8.093968506E0,8.996292114E-1,-6.613397369E0,1.049088574E1
4.932406917E1,-8.036637726E0,9.138496399E-1,-6.685098267E0,1.049348398E1
4.933407017E1,-7.923473053E0,9.086105347E-1,-6.772067413E0,1.046269064E1
4.934407117E1,-7.837252350E0,8.737330627E-1,-6.820117493E0,1.042592617E1
4.935407317E1,-7.820187836E0,7.958949280E-1,-6.865772552E0,1.043683952E1
4.936407417E1,-7.882757721E0,7.018904114E-1,-6.946454773E0,1.053013549E1
4.937407517E1,-7.978408813E0,6.816824341E-1,-7.064409485E0,1.067827605E1
4.938407617E1,-8.039631500E0,7.168592834E-1,-7.090455322E0,1.074356173E1
4.939407817E1,-8.124355316E0,7.587721252E-1,-7.143594818E0,1.084489886E1
4.940407917E1,-8.220156097E0,8.467890930E-1,-7.229067078E0,1.097940931E1
4.941408017E1,-8.158184967E0,9.635462952E-1,-7.198380890E0,1.092250387E1
4.942408217E1,-8.053552551E0,1.099763031E0,-7.229665833E0,1.087829286E1
4.943408317E1,-8.059390411E0,1.206940155E0,-7.269632721E0,1.092053287E1
4.944408417E1,-8.244106293E0,1.297202454E0,-7.336094513E0,1.111153929E1
4.945408517E1,-8.474327545E0,1.388961639E0,-7.439978485E0,1.136207383E1
4.946408717E1,-8.634344788E0,1.537602539E0,-7.638016663E0,1.162993680E1
4.947408817E1,-8.617130585E0,1.750759277E0,-7.884853363E0,1.181063123E1
4.948408917E1,-8.412805481E0,1.919757843E0,-7.982450409E0,1.175501088E1
4.949409117E1,-8.088130646E0,2.072889404E0,-8.001311188E0,1.156441562E1
4.950409217E1,-7.757767639E0,2.175126801E0,-8.179740143E0,1.148138860E1
4.951409329E1,-7.564519501E0,2.221230927E0,-8.402476959E0,1.152204154E1
4.952409429E1,-7.617359619E0,2.211501160E0,-8.623866577E0,1.171690999E1
4.953409629E1,-7.862998810E0,2.216141510E0,-8.906029816E0,1.208533825E1
4.954409729E1,-8.108039246E0,2.248773651E0,-9.077423401E0,1.237727349E1
4.955409829E1,-8.280929718E0,2.309996338E0,-8.950936432E0,1.241084780E1
4.956410029E1,-8.054899750E0,2.207010498E0,-8.811875610E0,1.214090018E1
4.957410129E1,-7.412585449E0,2.263742523E0,-8.478219452E0,1.148699954E1
4.958410229E1,-6.918313293E0,2.444566498E0,-7.969577179E0,1.083296472E1
4.959410329E1,-6.845414886E0,2.459235992E0,-7.257957001E0,1.027547987E1
4.960410529E1,-6.773115234E0,2.252665558E0,-6.175707550E0,9.438694605E0
4.961410629E1,-6.452481995E0,1.985321503E0,-5.009333038E0,8.406511931E0
4.962410729E1,-6.196813660E0,1.751507721E0,-4.375101929E0,7.785229330E0
4.963410929E1,-6.202202454E0,1.652862854E0,-4.421804810E0,7.794333112E0
4.964411029E1,-6.455326080E0,1.622176666E0,-4.627926178E0,8.106811497E0
4.965411129E1,-6.788233795E0,1.605860596E0,-4.664300537E0,8.391341121E0
4.966411229E1,-7.186256104E0,1.744322662E0,-4.750221863E0,8.789172093E0
4.967411429E1,-7.624394989E0,2.023043060E0,-4.870721283E0,9.270815929E0
4.968411529E1,-7.852370911E0,2.374362488E0,-5.036127319E0,9.626001481E0
4.969411629E1,-7.994126129E0,2.673889618E0,-5.124892731E0,9.865103332E0
4.970411829E1,-8.028404846E0,2.886148224E0,-5.231920166E0,1.000790311E1
4.971411929E1,-7.896229706E0,2.967728577E0,-5.379513245E0,1.000484979E1
4.972412029E1,-7.502847748E0,2.944077759E0,-5.481451263E0,9.747134252E0
4.973412129E1,-6.982529755E0,2.936293945E0,-5.339845734E0,9.267766525E0
4.974412329E1,-6.500532074E0,2.811752930E0,-5.013973389E0,8.677718647E0
4.975412429E1,-6.133495331E0,2.706072693E0,-4.850064240E0,8.274401339E0
4.976412529E1,-6.007158051E0,2.744393005E0,-4.947960663E0,8.252269720E0
4.977412729E1,-6.119723969E0,3.029849396E0,-5.032684479E0,8.482860477E0
4.978412829E1,-6.269113312E0,3.368295593E0,-5.121898956E0,8.768183725E0
4.979412929E1,-6.133794708E0,3.500321045E0,-5.089566193E0,8.705134632E0
4.980413129E1,-5.810916138E0,3.350183258E0,-5.061873779E0,8.403156572E0
4.981413229E1,-5.514083405E0,3.150648193E0,-5.195246429E0,8.205015862E0
4.982413329E1,-5.463338928E0,3.082090759E0,-5.414839783E0,8.286606396E0
4.983413429E1,-5.649701385E0,3.229085083E0,-5.449567566E0,8.487867982E0
4.984413629E1,-5.837111664E0,3.431464233E0,-5.457800446E0,8.696804302E0
4.985413729E1,-5.948480072E0,3.717220001E0,-5.523064728E0,8.927843171E0
4.986413829E1,-6.021977234E0,3.985162811E0,-5.479205933E0,9.064625204E0
4.987414029E1,-6.134094086E0,4.136348419E0,-5.253924408E0,9.074150659E0
4.988414129E1,-6.471791840E0,4.236041107E0,-5.081033936E0,9.254460532E0
4.989414229E1,-6.935228119E0,4.306095428E0,-5.088069305E0,9.619162966E0
4.990414329E1,-7.389383698E0,4.366419983E0,-5.234165497E0,1.005311411E1
4.991414529E1,-7.732320557E0,4.396657104E0,-5.410798187E0,1.041134535E1
4.992414629E1,-7.838300171E0,4.314028931E0,-5.380112000E0,1.044008622E1
4.993414729E1,-7.733817444E0,4.197571106E0,-5.374423828E0,1.031096343E1
4.994414929E1,-7.458240509E0,4.124972076E0,-5.316943359E0,1.004542845E1
4.995415029E1,-7.146289215E0,4.050427094E0,-5.305417328E0,9.778694300E0
4.996415129E1,-6.911876678E0,3.981719971E0,-5.341192932E0,9.599816409E0
4.997415229E1,-6.854545898E0,3.852388916E0,-5.326224060E0,9.497071263E0
4.998415429E1,-6.902296600E0,3.616629181E0,-5.244344330E0,9.392808549E0
4.999415529E1,-6.777306519E0,3.424428864E0,-5.182522888E0,9.193320411E0
5.000415629E1,-6.532715149E0,3.548071747E0,-5.178331604E0,9.059817798E0
5.001415829E1,-6.362519073E0,3.845353546E0,-5.146896973E0,9.042065102E0
5.002415929E1,-6.271508331E0,4.034111023E0,-5.130131836E0,9.051194460E0
5.003416029E1,-6.284531250E0,4.019142151E0,-5.043312378E0,9.004656373E0
5.004416129E1,-6.357579346E0,3.766766968E0,-4.780608673E0,8.801225359E0
5.005416329E1,-6.527925110E0,3.340453491E0,-4.406536560E0,8.555115442E0
5.006416429E1,-6.830595703E0,2.997965698E0,-4.423152008E0,8.672318587E0
5.007416529E1,-6.965614929E0,2.891087952E0,-4.524790649E0,8.794993537E0
5.008416729E1,-6.818021851E0,2.874472504E0,-4.297712860E0,8.556772169E0
5.009416829E1,-6.675218811E0,2.819387054E0,-4.094734955E0,8.323121043E0
5.010416929E1,-6.562353516E0,2.863694916E0,-4.131708069E0,8.266573885E0
5.011417029E1,-6.572532349E0,3.050656128E0,-4.185596008E0,8.368028336E0
5.012417229E1,-6.736890564E0,3.173101501E0,-4.256698151E0,8.577514020E0
5.013417329E1,-6.880741425E0,3.175197144E0,-4.483177185E0,8.804848501E0
5.014417429E1,-7.005581818E0,3.086880798E0,-4.575385437E0,8.918585177E0
5.015417629E1,-7.094496918E0,2.787503357E0,-4.497547302E0,8.850423335E0
5.016417729E1,-7.138804779E0,2.341131592E0,-4.245770874E0,8.629600287E0
5.017417829E1,-7.227719879E0,1.837578735E0,-3.926784210E0,8.428301400E0
5.018418029E1,-7.417974243E0,1.468895416E0,-3.927382965E0,8.521052316E0
5.019418129E1,-7.703580322E0,1.295555878E0,-4.042194214E0,8.795621006E0
5.020418229E1,-7.939639435E0,1.261576538E0,-4.039948883E0,8.997257176E0
5.021418329E1,-8.060887299E0,1.358125763E0,-3.797303467E0,9.013430160E0
5.022418529E1,-8.304430847E0,1.459465027E0,-3.584296417E0,9.161920687E0
5.023418629E1,-8.805289307E0,1.400487671E0,-3.313659210E0,9.511825422E0
5.024418729E1,-9.408534851E0,1.192420349E0,-2.942281494E0,9.929723799E0
5.025418929E1,-1.017703674E1,1.099763031E0,-2.956651611E0,1.065473342E1
5.026419029E1,-1.107142685E1,1.316212921E0,-3.231480103E0,1.160824589E1
5.027419129E1,-1.177825699E1,1.766326904E0,-3.345093842E0,1.237080843E1
5.028419229E1,-1.209754303E1,2.307301941E0,-3.267255707E0,1.274163057E1
5.029419429E1,-1.185564606E1,2.690954132E0,-3.003055115E0,1.252261624E1
5.030419529E1,-1.134341125E1,2.846480713E0,-2.561323700E0,1.197229345E1
5.031419629E1,-1.119013000E1,2.871329041E0,-2.355202332E0,1.179027218E1
5.032419829E1,-1.128802643E1,2.841241608E0,-2.515668640E0,1.190885314E1
5.033419929E1,-1.107965973E1,2.746788025E0,-2.510429535E0,1.168785526E1
5.034420029E1,-1.061742096E1,2.503244476E0,-2.440973969E0,1.117829212E1
5.035420129E1,-1.019350250E1,2.153721313E0,-2.654430084E0,1.075137237E1
5.036420329E1,-9.871671753E0,1.816472626E0,-2.876268768E0,1.044137912E1
5.037420429E1,-9.609267426E0,1.485510864E0,-2.698737946E0,1.009098357E1
5.038420529E1,-9.488169250E0,1.225052490E0,-2.473306732E0,9.881465252E0
5.039420729E1,-9.476493530E0,1.097517700E0,-2.506238251E0,9.863554375E0
5.040420829E1,-9.544751587E0,1.136885834E0,-2.511477356E0,9.934903662E0
5.041420929E1,-9.820627899E0,1.345551910E0,-2.627037048E0,1.025458756E1
5.042421029E1,-1.013183075E1,1.641636200E0,-2.959046631E0,1.068199048E1
5.043421229E1,-1.014964371E1,1.874701538E0,-3.044668579E0,1.076103062E1
5.044421329E1,-9.995314636E0,2.053729248E0,-3.046464844E0,1.064918150E1
5.045421429E1,-9.801467743E0,2.114502869E0,-2.990032196E0,1.046327792E1
5.046421629E1,-9.527986450E0,2.040556641E0,-2.913092194E0,1.017017715E1
5.047421729E1,-9.234446869E0,1.881587219E0,-3.071612549E0,9.912123036E0
5.048421829E1,-9.106762390E0,1.694626007E0,-3.266357574E0,9.822116388E0
5.049421929E1,-9.137747955E0,1.605710907E0,-3.466192017E0,9.904101792E0
5.050422129E1,-9.088799744E0,1.565594330E0,-3.514541473E0,9.869618440E0
5.051422229E1,-8.981622620E0,1.583556976E0,-3.439697113E0,9.747241343E0
5.052422329E1,-8.869954834E0,1.619332581E0,-3.401376801E0,9.636788931E0
5.053422529E1,-8.993897095E0,1.674567719E0,-3.487298126E0,9.790587838E0
5.054422629E1,-9.313781891E0,1.761536865E0,-3.457659760E0,1.008984421E1
5.055422729E1,-9.430838470E0,1.893262939E0,-3.199446716E0,1.013714053E1
5.056422829E1,-9.365274811E0,2.091750183E0,-2.872376862E0,1.001670305E1
5.057423029E1,-9.114845581E0,2.318079529E0,-2.410287781E0,9.708933508E0
5.058423129E1,-8.831933899E0,2.479144592E0,-1.902244263E0,9.368444243E0
5.059423229E1,-8.820707245E0,2.464026031E0,-1.610950012E0,9.299003201E0
5.060423429E1,-9.213191071E0,2.334994354E0,-1.933678894E0,9.699185657E0
5.061423529E1,-9.605674896E0,2.054028625E0,-2.079775085E0,1.004059203E1
5.062423629E1,-9.836045837E0,1.761536865E0,-2.135309601E0,1.021813862E1
5.063423829E1,-9.655521240E0,1.502874756E0,-2.065854034E0,9.987766309E0
5.064423929E1,-8.922196198E0,1.237326965E0,-1.674268341E0,9.161863210E0
5.065424029E1,-8.168064423E0,1.015338593E0,-1.454824677E0,8.358510855E0
5.066424129E1,-7.822433167E0,7.936495972E-1,-1.361119537E0,7.979535495E0
5.067424329E1,-7.921826477E0,4.899311829E-1,-1.706152039E0,8.118270880E0
5.068424429E1,-8.563991089E0,1.381626892E-1,-2.028731232E0,8.802089679E0
5.069424529E1,-9.431287537E0,-3.278182983E-1,-2.080972595E0,9.663699932E0
5.070424729E1,-9.956245880E0,-7.586224365E-1,-2.190694427E0,1.022259664E1
5.071424829E1,-9.850565643E0,-8.951385498E-1,-2.235601044E0,1.014065227E1
5.072424929E1,-9.388326874E0,-5.433700562E-1,-2.168839874E0,9.650896275E0
5.073425029E1,-8.876092072E0,2.324665833E-1,-2.283351746E0,9.168028489E0
5.074425229E1,-8.697962494E0,1.193468170E0,-2.505040741E0,9.129849228E0
5.075425329E1,-8.828191681E0,1.870061188E0,-2.628084869E0,9.398985439E0
5.076425429E1,-8.907526703E0,2.035616913E0,-2.848276978E0,9.570812396E0
5.077425629E1,-8.761280823E0,1.874701538E0,-3.008443909E0,9.451205334E0
5.078425729E1,-8.469836884E0,1.549427948E0,-2.974913635E0,9.109828480E0
5.079425829E1,-8.052355042E0,1.282982025E0,-2.941832428E0,8.668381777E0
5.080425929E1,-7.593858490E0,1.201701050E0,-2.909050598E0,8.220300941E0
5.081426129E1,-7.249574432E0,1.250050507E0,-2.862946472E0,7.894011542E0
5.082426229E1,-7.348818054E0,1.284179535E0,-2.802023163E0,7.969038692E0
5.083426329E1,-7.981552277E0,1.000070343E0,-2.692900085E0,8.482748865E0
5.084426529E1,-8.737480316E0,4.879852295E-1,-2.550246735E0,9.115122065E0
5.085426629E1,-9.486522675E0,1.016386414E-1,-2.513273621E0,9.814325609E0
5.086426729E1,-1.023706192E1,7.334747314E-2,-2.614762573E0,1.056597369E1
5.087426929E1,-1.071112610E1,3.423381042E-1,-2.291584625E0,1.095886754E1
5.088427029E1,-1.073777069E1,8.893006897E-1,-1.752106476E0,1.091606395E1
5.089427129E1,-1.043330383E1,1.476080475E0,-1.483265533E0,1.064108637E1
5.090427229E1,-1.048449738E1,1.966610413E0,-1.258582764E0,1.074133475E1
5.091427429E1,-1.081965042E1,2.015708313E0,-1.065783691E0,1.105729669E1
5.092427529E1,-1.110884903E1,1.600322113E0,-1.037791901E0,1.127140495E1
5.093427629E1,-1.123488693E1,1.139280853E0,-1.283131714E0,1.136516926E1
5.094427829E1,-1.118803436E1,9.859996033E-1,-1.719025269E0,1.136218975E1
5.095427929E1,-1.071142548E1,1.090931396E0,-2.657573547E0,1.108997133E1
5.096428029E1,-9.945468292E0,1.399439850E0,-3.192111969E0,1.053851746E1
5.097428129E1,-9.090446320E0,1.682201843E0,-3.162772980E0,9.770831605E0
5.098428329E1,-8.538544006E0,1.813778229E0,-2.986140289E0,9.225701005E0
5.099428429E1,-8.712781677E0,1.639989624E0,-2.840942230E0,9.309837983E0
5.100428529E1,-9.259594574E0,1.166973267E0,-2.708318024E0,9.717865239E0
5.101428729E1,-9.547895050E0,7.818241882E-1,-2.695744171E0,9.951913664E0
5.102428829E1,-9.627230072E0,7.481442261E-1,-2.897973633E0,1.008174240E1
5.103428929E1,-9.496851196E0,1.196761322E0,-3.221750336E0,1.009960868E1
5.104429029E1,-9.270372162E0,2.031725006E0,-3.071013794E0,9.974910137E0
5.105429229E1,-9.170829163E0,2.616409149E0,-2.957998810E0,9.984961759E0
5.106429329E1,-9.400451660E0,2.465522919E0,-2.783910828E0,1.010927565E1
5.107429429E1,-9.893376617E0,1.536704407E0,-2.333048401E0,1.028024689E1
5.108429629E1,-1.023376877E1,3.086581421E-1,-1.947599945E0,1.042201701E1
5.109429729E1,-1.020951920E1,-5.372328186E-1,-1.825903015E0,1.038541396E1
5.110429829E1,-1.006506958E1,-6.376739502E-1,-1.891017609E0,1.026100391E1
5.111430029E1,-9.868079224E0,-2.210902405E-1,-2.106120300E0,1.009275043E1
5.112430129E1,-9.608369293E0,4.610412598E-1,-2.378404083E0,9.909093072E0
5.113430229E1,-9.162147217E0,1.063837738E0,-2.666554871E0,9.601416939E0
5.114430329E1,-8.652756500E0,1.458566895E0,-2.887794800E0,9.237801213E0
5.115430529E1,-8.351133728E0,1.529219971E0,-3.075055389E0,9.029723911E0
5.116430629E1,-8.197702789E0,1.310973816E0,-3.245700531E0,8.913784567E0
5.117430729E1,-8.118667145E0,1.059047699E0,-3.179388428E0,8.783100194E0
5.118430929E1,-8.283773804E0,8.981323242E-1,-3.056943054E0,8.875384552E0
5.119431029E1,-8.731642456E0,8.437953186E-1,-2.912493439E0,9.243169832E0
5.120431129E1,-9.363478546E0,7.610174561E-1,-2.897973633E0,9.831181477E0
5.121431229E1,-9.803862762E0,5.111869812E-1,-2.749931488E0,1.019505568E1
5.122431429E1,-9.804910583E0,2.094145203E-1,-2.606679382E0,1.014765507E1
5.123431529E1,-9.534123688E0,-7.110214233E-2,-2.512974243E0,9.860000485E0
5.124431629E1,-9.120234375E0,-3.718267822E-1,-2.292482758E0,9.411291484E0
5.125431829E1,-8.602910156E0,-5.951623535E-1,-2.264341278E0,8.915801860E0
5.126431929E1,-8.085735626E0,-5.912704468E-1,-2.223925323E0,8.406816591E0
5.127432029E1,-7.666906586E0,-4.444258118E-1,-2.116448822E0,7.966073469E0
5.128432129E1,-7.371421051E0,-2.412982178E-1,-2.355052643E0,7.742244254E0
5.129432329E1,-7.124434662E0,-1.116677856E-1,-2.679428101E0,7.612448613E0
5.130432429E1,-6.835834808E0,-1.389111328E-1,-2.767145691E0,7.375976485E0
5.131432529E1,-6.819219360E0,-3.598516846E-1,-2.452500000E0,7.255756485E0
5.132432729E1,-7.090904388E0,-8.171507263E-1,-1.985620880E0,7.408869727E0
5.133432829E1,-7.445816345E0,-1.323098602E0,-1.587897949E0,7.727366360E0
5.134432929E1,-7.760911102E0,-1.658700714E0,-1.213526459E0,8.028429215E0
5.135433129E1,-7.805518341E0,-1.828747101E0,-7.937992859E-1,8.056087750E0
5.136433229E1,-7.436835022E0,-1.892065430E0,-4.435276794E-1,7.686556026E0
5.137433329E1,-6.802903290E0,-1.788929901E0,-5.297483826E-1,7.054104955E0
5.138433429E1,-6.126609650E0,-1.549877014E0,-5.881269836E-1,6.346917197E0
5.139433629E1,-5.741610260E0,-1.290017395E0,-4.808001709E-1,5.904354500E0
5.140433729E1,-5.844296722E0,-1.187031555E0,-4.071533203E-1,5.977509675E0
5.141433829E1,-6.170318756E0,-1.259929962E0,-2.998265076E-1,6.304772240E0
5.142434029E1,-6.357878723E0,-1.443448334E0,-3.327580261E-1,6.528161522E0
5.143434129E1,-6.416257324E0,-1.698817291E0,-5.879772949E-1,6.663336667E0
5.144434229E1,-6.223158875E0,-2.012115784E0,-6.426136780E-1,6.571854277E0
5.145434329E1,-5.777236176E0,-2.291434937E0,-6.743476868E-1,6.251549944E0
5.146434529E1,-5.245990906E0,-2.517764282E0,-6.825805664E-1,5.858794568E0
5.147434629E1,-4.987179108E0,-2.787952423E0,-8.008346558E-1,5.769399476E0
5.148434729E1,-5.113366699E0,-3.153192902E0,-1.012045441E0,6.092075217E0
5.149434929E1,-5.533243561E0,-3.639082489E0,-1.244811401E0,6.738639409E0
5.150435029E1,-6.201753387E0,-4.239034882E0,-1.309776306E0,7.625396762E0
5.151435146E1,-6.836882629E0,-4.953798523E0,-1.431473236E0,8.563422185E0
5.152435346E1,-7.124434662E0,-5.601052551E0,-1.507964172E0,9.187127673E0
5.153435446E1,-6.906338196E0,-6.233038330E0,-1.314566345E0,9.395549945E0
5.154435546E1,-6.447093201E0,-6.894063721E0,-1.414708099E0,9.544345149E0
5.155435646E1,-6.137686615E0,-7.884254608E0,-1.571881256E0,1.011451820E1
5.156435846E1,-5.859864349E0,-9.245224457E0,-1.593586121E0,1.106127037E1
5.157435946E1,-5.786367188E0,-1.089958420E1,-1.821262665E0,1.247397205E1
5.158436046E1,-6.165379028E0,-1.256127869E1,-2.337838440E0,1.418672300E1
5.159436246E1,-6.933880920E0,-1.408376266E1,-3.190465393E0,1.601905568E1
5.160436346E1,-7.717651062E0,-1.513682281E1,-3.756737823E0,1.740110979E1
5.161436446E1,-8.622669067E0,-1.543784683E1,-3.721560974E0,1.807007340E1
5.162436546E1,-9.258546753E0,-1.551134399E1,-3.270099792E0,1.835799644E1
5.163436746E1,-9.686656494E0,-1.580877548E1,-3.039579163E0,1.878796790E1
5.164436846E1,-1.036055511E1,-1.619557114E1,-3.200344849E0,1.949050625E1
5.165436946E1,-1.069286407E1,-1.644270721E1,-3.400179291E0,1.990631010E1
5.166437146E1,-1.097532669E1,-1.685509964E1,-3.557202759E0,2.042561802E1
5.167437246E1,-1.079061081E1,-1.720881409E1,-3.725153503E0,2.065084339E1
5.168437346E1,-1.047596512E1,-1.727617401E1,-4.058659973E0,2.060788088E1
5.169437446E1,-1.024694138E1,-1.737302261E1,-4.499493256E0,2.066560335E1
5.170437646E1,-9.859846344E0,-1.695584015E1,-4.776716766E0,2.018747404E1
5.171437746E1,-9.412726135E0,-1.594139969E1,-5.160668335E0,1.921874437E1
5.172437846E1,-8.952283630E0,-1.510269379E1,-5.699248352E0,1.845849868E1
5.173438046E1,-8.588240662E0,-1.422132660E1,-5.953569489E0,1.764791765E1
5.174438146E1,-8.407716064E0,-1.316796707E1,-5.992338867E0,1.673299648E1
5.175438246E1,-8.379873962E0,-1.213840805E1,-5.992338867E0,1.592078399E1
5.176438346E1,-8.267457733E0,-1.117980148E1,-5.959407349E0,1.512789987E1
5.177438546E1,-7.949219513E0,-1.021251297E1,-6.190975800E0,1.434620833E1
5.178438646E1,-7.630382538E0,-9.200916595E0,-6.250252533E0,1.348870863E1
5.179438746E1,-7.501201172E0,-8.235424347E0,-6.357130280E0,1.282588549E1
5.180438946E1,-7.521409149E0,-7.214397583E0,-6.332431641E0,1.219503254E1
5.181439046E1,-7.612868958E0,-6.163732452E0,-6.033353577E0,1.150429167E1
5.182439146E1,-7.812254333E0,-5.113217010E0,-5.586832123E0,1.088067090E1
5.183439346E1,-7.930658112E0,-4.239633636E0,-5.464835815E0,1.052303483E1
5.184439446E1,-7.714058533E0,-3.750899963E0,-5.271288300E0,1.006789104E1
5.185439546E1,-7.338938599E0,-3.649560699E0,-5.004393311E0,9.603294511E0
5.186439646E1,-6.826404419E0,-3.730392609E0,-4.662504272E0,9.069430654E0
5.187439846E1,-6.294560394E0,-3.941004639E0,-4.287234650E0,8.575161168E0
5.188439946E1,-5.778134308E0,-4.269421692E0,-3.934268646E0,8.191048006E0
5.189440046E1,-5.271138611E0,-4.719535675E0,-3.688779144E0,7.979098371E0
5.190440246E1,-4.652475128E0,-5.224136353E0,-3.360811157E0,7.760939188E0
5.191440346E1,-4.082460480E0,-5.702242126E0,-3.026406555E0,7.638140184E0
5.192440446E1,-3.718417511E0,-6.069727936E0,-2.778821411E0,7.641339832E0
5.193440646E1,-3.568429413E0,-6.400390320E0,-2.429298248E0,7.720114941E0
5.194440746E1,-3.612138519E0,-6.786287842E0,-2.021246796E0,7.949005344E0
5.195440846E1,-3.722010040E0,-7.237150269E0,-1.560804291E0,8.286483741E0
5.196440946E1,-3.873495026E0,-7.708669739E0,-1.037492523E0,8.689300524E0
5.197441146E1,-3.980821838E0,-8.055199127E0,-5.539979553E-1,9.002226904E0
5.198441246E1,-4.105811920E0,-8.189020844E0,-2.267784119E-1,9.163469995E0
5.199441346E1,-4.214485931E0,-8.200247498E0,-3.652404785E-2,9.219939517E0
5.200441546E1,-4.280199280E0,-8.216862946E0,9.430389404E-3,9.264827655E0
5.201441646E1,-4.345014496E0,-8.281678162E0,-8.681945801E-3,9.352294880E0
5.202441746E1,-4.393513641E0,-8.433462524E0,2.095642090E-2,9.509295002E0
5.203441846E1,-4.403093719E0,-8.581205292E0,1.086740112E-1,9.645523760E0
5.204442046E1,-4.396806793E0,-8.680448914E0,2.323168945E-1,9.733245834E0
5.205442146E1,-4.371958466E0,-8.748257904E0,3.595523071E-1,9.786486348E0
5.206442246E1,-4.335584106E0,-8.775351563E0,3.607498169E-1,9.794601831E0
5.207442446E1,-4.282893677E0,-8.863368530E0,3.820056152E-1,9.851315051E0
5.208442546E1,-4.237537994E0,-9.138047333E0,4.459226990E-1,1.008263281E1
5.209442646E1,-4.301904144E0,-9.526938629E0,3.517684937E-1,1.045909556E1
5.210442846E1,-4.436324615E0,-9.874815216E0,2.329156494E-1,1.082807468E1
5.211442946E1,-4.531826019E0,-1.008138565E1,1.243913269E-1,1.105383449E1
5.212443046E1,-4.471950531E0,-1.017164795E1,-4.715194702E-2,1.111138996E1
5.213443146E1,-4.418811035E0,-1.014230896E1,-1.152603149E-1,1.106370675E1
5.214443346E1,-4.490811310E0,-9.999805298E0,-2.540217590E-1,1.096485382E1
5.215443446E1,-4.689897308E0,-9.765991516E0,-4.221221924E-1,1.084195159E1
5.216443546E1,-4.971461792E0,-9.532177734E0,-5.063969421E-1,1.076263363E1
5.217443746E1,-5.241051178E0,-9.388326874E0,-5.340893555E-1,1.076543313E1
5.218443846E1,-5.458698578E0,-9.359436951E0,-6.268963623E-1,1.085308478E1
5.219443946E1,-5.539680176E0,-9.430090027E0,-8.250842285E-1,1.096792680E1
5.220444046E1,-5.510341187E0,-9.520202637E0,-9.942324829E-1,1.104475516E1
5.221444246E1,-5.448220367E0,-9.624086609E0,-1.126856689E0,1.111647220E1
5.222444346E1,-5.377716980E0,-9.701026611E0,-1.274599457E0,1.116487174E1
5.223444446E1,-5.291196899E0,-9.801617432E0,-1.505269775E0,1.123985347E1
5.224444646E1,-5.288652191E0,-9.929750977E0,-1.818568268E0,1.139635850E1
5.225444746E1,-5.320685577E0,-1.011252090E1,-1.994153137E0,1.159954399E1
5.226444846E1,-5.338797913E0,-1.031280441E1,-1.966610413E0,1.177812610E1
5.227445046E1,-5.440586243E0,-1.038061340E1,-2.001787262E0,1.188967054E1
5.228445146E1,-5.657485199E0,-1.022538620E1,-2.100282440E0,1.187336717E1
5.229445246E1,-5.719007263E0,-1.001267853E1,-2.292183380E0,1.175648247E1
5.230445346E1,-5.582790527E0,-9.663903809E0,-2.508333893E0,1.143898273E1
5.231445546E1,-5.529052277E0,-9.258397064E0,-2.538720703E0,1.107851245E1
5.232445646E1,-5.486840057E0,-8.913065186E0,-2.642305298E0,1.079490260E1
5.233445746E1,-5.596112823E0,-8.509055328E0,-2.646795959E0,1.052264369E1
5.234445946E1,-5.726791077E0,-8.291258240E0,-2.339784393E0,1.034483882E1
5.235446046E1,-5.812413025E0,-8.253836060E0,-2.148033142E0,1.032104652E1
5.236446146E1,-5.911806335E0,-8.175848236E0,-2.283800812E0,1.034454903E1
5.237446346E1,-5.979016571E0,-8.046217804E0,-2.644550629E0,1.036744463E1
5.238446446E1,-6.044580231E0,-7.891140289E0,-2.952460327E0,1.036938124E1
5.239446546E1,-5.963898010E0,-7.765551453E0,-3.489393768E0,1.039460137E1
5.240446646E1,-5.762866058E0,-7.703580322E0,-4.020189972E0,1.042677814E1
5.241446846E1,-5.511688385E0,-7.745493164E0,-4.444407806E0,1.049400467E1
5.242446946E1,-5.255720673E0,-7.876620483E0,-4.837340698E0,1.063313759E1
5.243447046E1,-5.037923584E0,-7.955955505E0,-5.180277557E0,1.074770569E1
5.244447246E1,-4.916226654E0,-7.934999084E0,-5.485792236E0,1.082716082E1
5.245447346E1,-4.838837585E0,-7.881111145E0,-5.671256561E0,1.084847515E1
5.246447446E1,-4.852159882E0,-7.822732544E0,-5.644462280E0,1.079808105E1
5.247447546E1,-4.831652527E0,-7.719597015E0,-5.539081421E0,1.065919637E1
5.248447746E1,-4.802463226E0,-7.599995728E0,-5.334456940E0,1.045370838E1
5.249447846E1,-4.900808716E0,-7.404502258E0,-5.388195190E0,1.038639626E1
5.250447946E1,-5.100942535E0,-7.165748749E0,-5.374573517E0,1.030793919E1
5.251448071E1,-5.319488068E0,-6.926097107E0,-5.269941101E0,1.020000263E1
5.252448171E1,-5.498815155E0,-6.712341614E0,-5.219346313E0,1.012591102E1
5.253448271E1,-5.582191772E0,-6.570287018E0,-5.060825958E0,9.997074365E0
5.254448471E1,-5.587281189E0,-6.424340515E0,-4.887037354E0,9.816974902E0
5.255448571E1,-5.607189789E0,-6.322252808E0,-4.825664978E0,9.731315449E0
5.256448671E1,-5.704188080E0,-6.314918060E0,-4.902305603E0,9.820822368E0
5.257448771E1,-5.880222015E0,-6.137087860E0,-4.919070740E0,9.820290999E0
5.258448971E1,-6.013894043E0,-6.168821869E0,-5.110372925E0,1.001684562E1
5.259449071E1,-6.043233032E0,-6.059549103E0,-5.119503937E0,9.972367892E0
5.260449171E1,-5.917644196E0,-6.085594940E0,-5.227728882E0,9.969058524E0
5.261449371E1,-5.653892670E0,-5.972280579E0,-5.459896088E0,9.871428616E0
5.262449471E1,-5.353018341E0,-5.894891510E0,-5.837710419E0,9.873368939E0
5.263449571E1,-5.079686737E0,-5.834417267E0,-6.035449219E0,9.811742427E0
5.264449771E1,-4.860692139E0,-5.689967651E0,-6.121969299E0,9.668534948E0
5.265449871E1,-4.830754395E0,-5.687273254E0,-6.157445526E0,9.674471588E0
5.266449971E1,-4.910688171E0,-5.698499908E0,-5.933511200E0,9.580934959E0
5.267450071E1,-5.017116852E0,-5.740562439E0,-5.583389282E0,9.449854734E0
5.268450271E1,-5.030139771E0,-5.970484314E0,-5.412744141E0,9.499830956E0
5.269450371E1,-5.048252106E0,-6.065536652E0,-5.480253754E0,9.607745074E0
5.270450471E1,-5.227728882E0,-5.907914429E0,-5.801635437E0,9.792424414E0
5.271450671E1,-5.469925232E0,-5.742059326E0,-5.977220306E0,9.930684263E0
5.272450771E1,-5.714516602E0,-5.691763916E0,-5.831573181E0,9.952844932E0
5.273450871E1,-5.939049683E0,-5.505551147E0,-5.532046051E0,9.807493976E0
5.274451071E1,-6.121819611E0,-5.320835266E0,-5.367987213E0,9.726420204E0
5.275451171E1,-6.331832886E0,-5.158572693E0,-5.251679077E0,9.709949179E0
5.276451271E1,-6.424041138E0,-4.947062531E0,-5.165009308E0,9.613482895E0
5.277451371E1,-6.468049622E0,-4.793930969E0,-4.658163300E0,9.301393733E0
5.278451571E1,-6.488107910E0,-4.763095093E0,-4.112847290E0,9.038701895E0
5.279451671E1,-6.490203552E0,-4.838987274E0,-3.527714081E0,8.830815740E0
5.280451771E1,-6.524482269E0,-4.915927277E0,-3.046764221E0,8.718829170E0
5.281451971E1,-6.709946594E0,-5.023254089E0,-2.755769348E0,8.823306050E0
5.282452071E1,-6.929090881E0,-5.176535339E0,-2.430495758E0,8.984215502E0
5.283452171E1,-7.047045593E0,-5.370082855E0,-2.035467224E0,9.090751800E0
5.284452371E1,-6.882837067E0,-5.892795868E0,-1.258732452E0,9.147835625E0
5.285452471E1,-6.791976013E0,-6.374194794E0,-9.222322083E-1,9.360118038E0
5.286452571E1,-6.681056671E0,-6.519093475E0,-8.083190918E-1,9.369550562E0
5.287452671E1,-6.635850677E0,-6.374045105E0,-8.737330627E-1,9.242638946E0
5.288452871E1,-6.641389160E0,-6.038742371E0,-1.101559296E0,9.043665865E0
5.289452971E1,-6.736291809E0,-5.596112823E0,-1.353186035E0,8.861445622E0
5.290453071E1,-6.959028625E0,-5.193150787E0,-1.694775696E0,8.846985880E0
5.291453271E1,-7.286697235E0,-4.939877472E0,-2.290387115E0,9.096384951E0
5.292453371E1,-7.647297363E0,-4.809797974E0,-3.039429474E0,9.531707352E0
5.293453471E1,-7.880512390E0,-4.902604980E0,-3.682641907E0,9.984981850E0
5.294453671E1,-7.886949005E0,-5.199138336E0,-4.149820404E0,1.031775234E1
5.295453771E1,-7.729925537E0,-5.576653290E0,-4.785847778E0,1.066560592E1
5.296453871E1,-7.545059967E0,-5.834566956E0,-5.279521179E0,1.090153408E1
5.297453971E1,-7.552843781E0,-5.872138824E0,-5.882617035E0,1.123087916E1
5.298454171E1,-7.585026855E0,-5.844147034E0,-6.313121796E0,1.146918453E1
5.299454271E1,-7.637268219E0,-5.735323334E0,-6.734046478E0,1.168628177E1
5.300454371E1,-7.763904877E0,-5.538482666E0,-7.176226959E0,1.193529399E1
5.301454571E1,-7.823930054E0,-5.373076630E0,-7.421866150E0,1.204856552E1
5.302454671E1,-7.830516357E0,-5.179080048E0,-7.789052582E0,1.219873750E1
5.303454771E1,-7.767497406E0,-5.004992065E0,-8.008945312E0,1.222813013E1
5.304454971E1,-7.674540710E0,-4.948110352E0,-8.083490295E0,1.219529362E1
5.305455071E1,-7.573500824E0,-4.983436890E0,-8.210426331E0,1.223125744E1
5.306455171E1,-7.404651947E0,-5.033881989E0,-8.298443298E0,1.220790725E1
5.307455271E1,-7.207062836E0,-5.026098175E0,-8.422984314E0,1.217169184E1
5.308455471E1,-7.123686218E0,-4.938230896E0,-8.628506927E0,1.223046040E1
5.309455571E1,-7.241940308E0,-4.825365601E0,-8.898096313E0,1.244612271E1
5.310455671E1,-7.466922455E0,-4.677024078E0,-9.001231842E0,1.259570005E1
5.311455871E1,-7.648494873E0,-4.563410339E0,-8.970994720E0,1.264131852E1
5.312455971E1,-7.624993744E0,-4.422553253E0,-8.928483124E0,1.254660583E1
5.313456071E1,-7.432793427E0,-4.279151459E0,-8.879834290E0,1.234540450E1
5.314456271E1,-7.210655365E0,-4.156855774E0,-8.797056427E0,1.211037582E1
5.315456371E1,-7.093449097E0,-4.052223358E0,-8.648714905E0,1.189696616E1
5.316456471E1,-7.091203766E0,-3.898942108E0,-8.488697662E0,1.172795414E1
5.317456571E1,-7.131470032E0,-3.770359497E0,-8.342601471E0,1.160484704E1
5.318456771E1,-7.170838165E0,-3.683240662E0,-8.168363800E0,1.147646936E1
5.319456871E1,-7.163503418E0,-3.638034668E0,-8.042325897E0,1.136794103E1
5.320456971E1,-7.144492950E0,-3.591032410E0,-7.909252625E0,1.124702496E1
5.321457171E1,-7.190447388E0,-3.526217194E0,-7.761509857E0,1.115247850E1
5.322457271E1,-7.247628479E0,-3.496279449E0,-7.547754364E0,1.103270975E1
5.323457371E1,-7.338639221E0,-3.501817932E0,-7.246131592E0,1.089150024E1
5.324457571E1,-7.352410583E0,-3.535048828E0,-6.931485901E0,1.070513935E1
5.325457671E1,-7.211254120E0,-3.611539764E0,-6.569239197E0,1.040193776E1
5.326457771E1,-7.079078979E0,-3.699706421E0,-6.195316772E0,1.010856749E1
5.327457871E1,-7.107519836E0,-3.728746033E0,-6.018085327E0,1.003183613E1
5.328458071E1,-7.271578674E0,-3.612288208E0,-5.891598358E0,1.003172038E1
5.329458171E1,-7.487130432E0,-3.295546875E0,-5.967041473E0,1.012538075E1
5.330458271E1,-7.563172302E0,-2.940934296E0,-5.867947540E0,1.001416388E1
5.331458471E1,-7.506290588E0,-2.669398956E0,-5.969436493E0,9.955112316E0
5.332458571E1,-7.269483032E0,-2.498005371E0,-6.187832336E0,9.867861137E0
5.333458671E1,-6.929090881E0,-2.356549530E0,-6.533014526E0,9.810499729E0
5.334458871E1,-6.607260132E0,-2.245181122E0,-6.806795197E0,9.748291418E0
5.335458971E1,-6.355633392E0,-2.192041626E0,-7.139702911E0,9.806858823E0
5.336459071E1,-6.148164825E0,-2.208058319E0,-7.359895020E0,9.840909864E0
5.337459171E1,-6.046077118E0,-2.284100189E0,-7.810607758E0,1.013793646E1
5.338459371E1,-6.092181244E0,-2.230511627E0,-8.291856995E0,1.052828319E1
5.339459471E1,-6.255791016E0,-2.113305359E0,-8.599317627E0,1.084201293E1
5.340459571E1,-6.342460785E0,-2.008822632E0,-8.853339386E0,1.107446592E1
5.341459771E1,-6.415808258E0,-1.849553833E0,-8.825497284E0,1.106674511E1
5.342459871E1,-6.481371918E0,-1.695374451E0,-8.750203857E0,1.102036950E1
5.343459971E1,-6.569837952E0,-1.465302887E0,-8.737031250E0,1.102930634E1
5.344460171E1,-6.814129944E0,-1.126856689E0,-8.691974945E0,1.110191881E1
5.345460271E1,-7.255412292E0,-7.318281555E-1,-8.665629730E0,1.132562222E1
5.346460371E1,-7.992629242E0,-3.372486877E-1,-8.378676453E0,1.158438941E1
5.347460571E1,-8.822054443E0,-6.466552734E-2,-8.040679321E0,1.193672276E1
5.348460671E1,-9.265282745E0,-2.305206299E-2,-7.523055725E0,1.193492200E1
5.349460771E1,-9.169631653E0,-1.128652954E-1,-6.959926758E0,1.151240477E1
5.350460871E1,-8.832981720E0,-1.131646729E-1,-6.503825226E0,1.096969074E1
5.351461108E1,-8.621770935E0,1.457968140E-1,-6.099965057E0,1.056246962E1
5.352461208E1,-8.529862061E0,4.971162415E-1,-5.809568939E0,1.033231642E1
5.353461308E1,-8.368647308E0,6.860234070E-1,-5.618266754E0,1.010296032E1
5.354461508E1,-7.924071808E0,5.941145325E-1,-5.551056519E0,9.693199398E0
5.355461608E1,-7.176676025E0,3.210823059E-1,-5.598358154E0,9.107655387E0
5.356461708E1,-6.322701874E0,4.026626587E-2,-5.779780884E0,8.566448939E0
5.357461908E1,-5.498216400E0,-1.073268127E-1,-5.994434509E0,8.134810859E0
5.358462008E1,-4.856051788E0,-2.278262329E-1,-6.308182068E0,7.964063333E0
5.359462108E1,-4.379143524E0,-2.775228882E-1,-6.546486511E0,7.881015328E0
5.360462208E1,-3.966900787E0,-3.409909058E-1,-6.734645233E0,7.823555654E0
5.361462408E1,-3.610342255E0,-2.721340942E-1,-7.075336761E0,7.947893963E0
5.362462508E1,-3.406615906E0,6.765930176E-2,-7.414681091E0,8.160092242E0
5.363462608E1,-3.299887848E0,5.492079163E-1,-7.749534760E0,8.440745117E0
5.364462808E1,-3.239114227E0,1.044378204E0,-7.882907410E0,8.586199161E0
5.365462908E1,-3.384611664E0,1.443897400E0,-8.207731934E0,8.994848487E0
5.366463008E1,-3.597768402E0,1.780697021E0,-8.551716614E0,9.447045909E0
5.367463208E1,-3.791016541E0,2.067350922E0,-8.747060394E0,9.754835303E0
5.368463308E1,-4.055815887E0,2.427651672E0,-8.868757324E0,1.004977570E1
5.369463408E1,-4.190236359E0,2.784210205E0,-8.744964752E0,1.008882132E1
5.370463508E1,-4.319567413E0,3.123554535E0,-8.466244354E0,1.000462638E1
5.371463708E1,-4.464765472E0,3.349285126E0,-8.148754578E0,9.876945011E0
5.372463808E1,-4.622238007E0,3.454516296E0,-7.975115662E0,9.843842585E0
5.373463908E1,-4.828209686E0,3.529510345E0,-7.986042938E0,9.977270863E0
5.374464108E1,-5.067112885E0,3.606899414E0,-7.955955505E0,1.009864270E1
5.375464208E1,-5.344785461E0,3.638334045E0,-7.834108887E0,1.015763104E1
5.376464308E1,-5.480104065E0,3.638633423E0,-7.612719269E0,1.006104808E1
5.377464508E1,-5.500611420E0,3.553011475E0,-7.377707977E0,9.864643507E0
5.378464608E1,-5.450016632E0,3.460503845E0,-7.121291199E0,9.612000650E0
5.379464708E1,-5.211712189E0,3.420986023E0,-7.091054077E0,9.441829125E0
5.380464908E1,-4.853507080E0,3.502416687E0,-7.313341827E0,9.450313345E0
5.381465008E1,-4.346960449E0,3.724105682E0,-7.695197754E0,9.590677596E0
5.382465108E1,-3.570375366E0,3.920946350E0,-7.872279510E0,9.491795680E0
5.383465208E1,-2.505190430E0,3.918251953E0,-7.706574097E0,9.001108919E0
5.384465408E1,-1.911075897E0,4.131708069E0,-7.867040405E0,9.089199491E0
5.385465508E1,-1.657203827E0,4.385280762E0,-8.065078583E0,9.328585339E0
5.386465608E1,-1.566642151E0,4.537813568E0,-8.221802673E0,9.520722599E0
5.387465808E1,-1.736389160E0,4.651876373E0,-8.495733032E0,9.840349631E0
5.388465908E1,-2.072889404E0,4.830604706E0,-8.796607361E0,1.024753206E1
5.389466008E1,-2.506088562E0,5.054089966E0,-8.778195648E0,1.043460704E1
5.390466208E1,-3.024460602E0,5.155129852E0,-8.485105133E0,1.037881182E1
5.391466308E1,-3.448379059E0,5.095703430E0,-8.169860687E0,1.022761630E1
5.392466408E1,-3.661685486E0,4.936135254E0,-7.814948730E0,9.942172575E0
5.393466608E1,-3.643872528E0,4.804109802E0,-7.271728363E0,9.446444378E0
5.394466708E1,-3.429368591E0,4.713398438E0,-6.612050171E0,8.814527851E0
5.395466808E1,-3.109633484E0,4.653073883E0,-6.020031281E0,8.219592057E0
5.396466908E1,-2.684367828E0,4.630470886E0,-5.629044342E0,7.767446908E0
5.397467108E1,-2.180814972E0,4.592150574E0,-5.399421844E0,7.416033784E0
5.398467208E1,-1.694326630E0,4.595892792E0,-5.280868378E0,7.202815012E0
5.399467308E1,-1.255139923E0,4.636757812E0,-5.285808105E0,7.142455220E0
5.400467508E1,-9.240284729E-1,4.592749329E0,-5.224435730E0,7.017257563E0
5.401467608E1,-6.738986206E-1,4.531676331E0,-5.191354523E0,6.923900021E0
5.402467708E1,-4.888833618E-1,4.590204620E0,-5.236560516E0,6.980727143E0
5.403467908E1,-3.640429688E-1,4.818180542E0,-5.248535614E0,7.134039326E0
5.404468008E1,-2.764750671E-1,5.069208527E0,-5.304818573E0,7.342643505E0
5.405468108E1,-2.688409424E-1,5.280269623E0,-5.366490326E0,7.533441522E0
5.406468208E1,-2.854563904E-1,5.496569824E0,-5.366939392E0,7.687509585E0
5.407468408E1,-2.688409424E-1,5.600453796E0,-5.313201141E0,7.724471797E0
5.408468508E1,-2.354603577E-1,5.501659241E0,-5.239404602E0,7.600990499E0
5.409468608E1,-1.640588379E-1,5.430856476E0,-5.218148804E0,7.533272483E0
5.410468808E1,-1.032852173E-1,5.379064178E0,-5.332960052E0,7.575319280E0
5.411468908E1,-1.493893433E-1,5.398673401E0,-5.536985779E0,7.734740020E0
5.412469008E1,-3.739224243E-1,5.473368073E0,-5.743406525E0,7.942562215E0
5.413469208E1,-7.665559387E-1,5.547763367E0,-5.877677307E0,8.118643785E0
5.414469308E1,-1.211730194E0,5.574258270E0,-5.964796143E0,8.253450088E0
5.415469408E1,-1.585502930E0,5.541027374E0,-5.949976959E0,8.283660406E0
5.416469608E1,-1.902543640E0,5.501958618E0,-5.993835754E0,8.355674000E0
5.417469708E1,-2.253264313E0,5.450615387E0,-6.138435059E0,8.512742985E0
5.418469808E1,-2.589914246E0,5.357209625E0,-6.293512573E0,8.661157618E0
5.419469908E1,-2.825224915E0,5.208718414E0,-6.183191986E0,8.564140732E0
5.420470108E1,-2.859653320E0,4.942122803E0,-5.782325592E0,8.126345068E0
5.421470208E1,-2.820434875E0,4.659959564E0,-5.305267639E0,7.603679422E0
5.422470308E1,-2.923121338E0,4.412075043E0,-5.010380859E0,7.288001159E0
5.423470508E1,-3.178340607E0,4.261488190E0,-5.073250122E0,7.348469052E0
5.424470608E1,-3.476071472E0,4.168980560E0,-5.260361023E0,7.558761134E0
5.425470708E1,-3.647914124E0,4.010011139E0,-5.297483826E0,7.579630708E0
5.426470908E1,-3.480113068E0,3.706442413E0,-5.248535614E0,7.307258612E0
5.427471008E1,-3.022664337E0,3.309168549E0,-5.236560516E0,6.892652771E0
5.428471108E1,-2.531984711E0,2.920876007E0,-5.054838409E0,6.363478182E0
5.429471308E1,-2.149829407E0,2.537074127E0,-4.880151672E0,5.905454424E0
5.430471408E1,-1.799707489E0,2.202519836E0,-4.989873505E0,5.743594542E0
5.431471508E1,-1.556014252E0,1.917512512E0,-5.304668884E0,5.851285889E0
5.432471608E1,-1.359772339E0,1.643133087E0,-5.750591583E0,6.133365366E0
5.433471808E1,-1.088835754E0,1.338217163E0,-6.108347626E0,6.347306452E0
5.434471908E1,-8.660989380E-1,9.086105347E-1,-6.115981750E0,6.243471250E0
5.435472008E1,-8.818162537E-1,3.309617615E-1,-6.083349609E0,6.155832849E0
5.436472208E1,-1.219514008E0,-2.860551453E-1,-5.984405365E0,6.114094335E0
5.437472308E1,-1.704804840E0,-9.821076965E-1,-5.811963959E0,6.135944925E0
5.438472408E1,-2.208956451E0,-1.711540833E0,-5.823040924E0,6.458844032E0
5.439472608E1,-2.848276978E0,-2.329904938E0,-5.995632019E0,7.034823528E0
5.440472708E1,-3.485801239E0,-2.902314606E0,-6.004613342E0,7.525265559E0
5.441472808E1,-3.969295807E0,-3.464695129E0,-5.751639404E0,7.800049832E0
5.442472908E1,-4.401447144E0,-3.956272888E0,-5.583089905E0,8.136075529E0
5.443473108E1,-5.105433197E0,-4.328099670E0,-5.690716095E0,8.785336906E0
5.444473208E1,-5.800886993E0,-4.595443726E0,-5.799839172E0,9.402474534E0
5.445473308E1,-6.549330597E0,-4.821324005E0,-5.739215240E0,9.953767528E0
5.446473508E1,-7.329807587E0,-5.048551483E0,-5.678291931E0,1.055731740E1
5.447473608E1,-7.752079468E0,-5.298681335E0,-5.378315735E0,1.082113858E1
5.448473708E1,-7.705675964E0,-5.700445862E0,-5.286107483E0,1.094602473E1
5.449473908E1,-7.693401489E0,-6.201603699E0,-5.444178772E0,1.128217166E1
5.450474008E1,-8.388106842E0,-6.574627991E0,-5.307812347E0,1.190625640E1
5.451474079E1,-9.554032288E0,-6.638994141E0,-4.887486420E0,1.261916398E1
5.452474279E1,-1.082279388E1,-6.599476318E0,-4.928650818E0,1.360064535E1
5.453474379E1,-1.165236877E1,-6.585704956E0,-4.574187927E0,1.414469523E1
5.454474479E1,-1.171359146E1,-7.000342712E0,-3.777095490E0,1.415907742E1
5.455474579E1,-1.168006119E1,-7.725434875E0,-3.420986023E0,1.441559290E1
5.456474779E1,-1.193827423E1,-8.545429688E0,-3.503614197E0,1.509377596E1
5.457474879E1,-1.255693771E1,-9.245823212E0,-4.168980560E0,1.614132369E1
5.458474979E1,-1.338217163E1,-9.585616608E0,-4.851710815E0,1.716116724E1
5.459475179E1,-1.409409119E1,-9.600136414E0,-5.302124176E0,1.785829069E1
5.460475279E1,-1.442849579E1,-9.557624817E0,-5.398224335E0,1.812927215E1
5.461475379E1,-1.429302750E1,-9.571545868E0,-5.155429230E0,1.795782770E1
5.462475579E1,-1.401655243E1,-9.590706024E0,-5.038672028E0,1.771534927E1
5.463475679E1,-1.388303009E1,-9.526190186E0,-5.180127869E0,1.761591748E1
5.464475779E1,-1.398332153E1,-9.234746246E0,-5.420228577E0,1.761228824E1
5.465475979E1,-1.448388062E1,-8.683592377E0,-5.562881927E0,1.778013581E1
5.466476079E1,-1.482427277E1,-8.078101501E0,-5.450016632E0,1.774027813E1
5.467476179E1,-1.469958206E1,-7.454947357E0,-4.931494904E0,1.720388313E1
5.468476279E1,-1.421923096E1,-6.955735474E0,-4.349804535E0,1.641613793E1
5.469476479E1,-1.349683319E1,-6.636898499E0,-4.290228424E0,1.564030012E1
5.470476579E1,-1.267668869E1,-6.401288452E0,-4.672533417E0,1.495016717E1
5.471476679E1,-1.184426971E1,-6.484066315E0,-5.074447632E0,1.442497348E1
5.472476879E1,-1.090901459E1,-6.962172089E0,-5.329816589E0,1.399590598E1
5.473476979E1,-9.941576385E0,-7.508386230E0,-5.681884460E0,1.369286733E1
5.474477079E1,-9.166188812E0,-7.898325348E0,-6.193969574E0,1.359293271E1
5.475477279E1,-8.526868286E0,-8.145461426E0,-6.539301453E0,1.348400861E1
5.476477379E1,-8.050558777E0,-8.221203918E0,-6.873406677E0,1.340311195E1
5.477477479E1,-7.761958923E0,-8.217910767E0,-7.323820038E0,1.346923916E1
5.478477579E1,-7.547904053E0,-8.306077423E0,-7.739655304E0,1.363319632E1
5.479477779E1,-7.229665833E0,-8.441545715E0,-7.915090485E0,1.364464802E1
5.480477879E1,-6.748416595E0,-8.600814514E0,-7.760462036E0,1.340671130E1
5.481477979E1,-6.188281403E0,-8.621621246E0,-7.413782959E0,1.294570807E1
5.482478179E1,-5.754034424E0,-8.391100616E0,-6.989565125E0,1.234396623E1
5.483478279E1,-5.461842041E0,-8.107141113E0,-6.510411530E0,1.174491012E1
5.484478379E1,-5.178032227E0,-7.888595581E0,-6.243965607E0,1.131499291E1
5.485478579E1,-4.841082916E0,-7.762557678E0,-6.264023895E0,1.108744249E1
5.486478679E1,-4.559518433E0,-7.732919312E0,-6.252497864E0,1.093988021E1
5.487478779E1,-4.237687683E0,-7.823930054E0,-6.005361786E0,1.073481479E1
5.488478979E1,-3.915258179E0,-7.939938812E0,-5.694009247E0,1.052585466E1
5.489479079E1,-3.705394592E0,-7.948920135E0,-5.662424927E0,1.043926896E1
5.490479179E1,-3.746109924E0,-7.882158966E0,-5.589526520E0,1.036361791E1
5.491479279E1,-3.838467865E0,-7.801327057E0,-5.407355347E0,1.023884912E1
5.492479479E1,-3.855532379E0,-7.780670013E0,-5.274282074E0,1.015982319E1
5.493479579E1,-3.769760742E0,-7.762557678E0,-5.132676544E0,1.004055607E1
5.494479679E1,-3.572321320E0,-7.785310364E0,-4.885390778E0,9.861013139E0
5.495479879E1,-3.287313995E0,-7.739505615E0,-4.869374084E0,9.716850542E0
5.496479979E1,-3.208128662E0,-7.545359344E0,-5.203030243E0,9.710615885E0
5.497480079E1,-3.527863770E0,-7.296876068E0,-5.567222900E0,9.832812108E0
5.498480279E1,-4.060755615E0,-7.051985321E0,-5.864205322E0,1.003041062E1
5.499480379E1,-4.693938904E0,-6.877298584E0,-6.136638794E0,1.034353102E1
5.500480479E1,-5.216502228E0,-6.774312744E0,-6.112239532E0,1.051012278E1
5.501480679E1,-5.201533356E0,-6.806196442E0,-5.959706726E0,1.043543787E1
5.502480779E1,-4.876858521E0,-6.713389435E0,-5.839207306E0,1.014641260E1
5.503480879E1,-4.681664429E0,-6.421646118E0,-5.536387024E0,9.685406650E0
5.504480979E1,-4.667893066E0,-6.128705292E0,-5.243446198E0,9.319011871E0
5.505481179E1,-4.719685364E0,-5.950875092E0,-5.011578369E0,9.099684722E0
5.506481279E1,-4.834346924E0,-5.882916412E0,-4.513414307E0,8.851583158E0
5.507481379E1,-5.059029694E0,-5.728587341E0,-4.502786407E0,8.870489265E0
5.508481579E1,-5.170098724E0,-5.525010681E0,-4.488116913E0,8.797662034E0
5.509481679E1,-5.056784363E0,-5.354664917E0,-4.096082153E0,8.427419147E0
5.510481779E1,-5.038821716E0,-5.261708221E0,-3.653751984E0,8.150165719E0
5.511481979E1,-5.190007324E0,-5.362448730E0,-3.100053406E0,8.080987782E0
5.512482079E1,-5.396278381E0,-5.701493683E0,-2.522853699E0,8.245704419E0
5.513482179E1,-5.785618744E0,-6.065536652E0,-2.152972870E0,8.654444598E0
5.514482379E1,-6.375242615E0,-6.162684631E0,-1.781295776E0,9.044081761E0
5.515482479E1,-7.166048126E0,-6.321654053E0,-9.683363342E-1,9.604854552E0
5.516482579E1,-7.878416748E0,-6.409371643E0,-1.892065430E-1,1.015801626E1
5.517482679E1,-8.544082489E0,-6.287375336E0,6.086343384E-1,1.062557622E1
5.518482879E1,-9.125772858E0,-6.193819885E0,1.187031555E0,1.109288866E1
5.519482979E1,-9.701625366E0,-5.908812561E0,1.065783691E0,1.140927235E1
5.520483079E1,-9.949958954E0,-5.545368347E0,7.337741089E-1,1.141451785E1
5.521483279E1,-9.944719849E0,-5.222040710E0,1.609153748E-1,1.123356826E1
5.522483379E1,-1.001163071E1,-4.779111786E0,-9.812095642E-1,1.113711951E1
5.523483479E1,-1.020188507E1,-4.259841614E0,-2.276466064E0,1.128747125E1
5.524483679E1,-1.057176590E1,-3.862717438E0,-3.614533539E0,1.182149199E1
5.525483779E1,-1.096140564E1,-3.815415802E0,-4.696034546E0,1.252048529E1
5.526483879E1,-1.120390137E1,-3.759881287E0,-6.211932220E0,1.335111288E1
5.527483979E1,-1.103370529E1,-3.770359497E0,-7.319179688E0,1.376694064E1
5.528484179E1,-1.044572800E1,-3.916455688E0,-8.253237305E0,1.387687950E1
5.529484279E1,-9.756261749E0,-3.995491333E0,-9.295519867E0,1.405543610E1
5.530484379E1,-9.446106720E0,-4.085454254E0,-9.773176575E0,1.419277453E1
5.531484579E1,-9.254505157E0,-4.241130524E0,-9.888436890E0,1.419204841E1
5.532484679E1,-8.926986237E0,-4.318669281E0,-9.873168640E0,1.399362164E1
5.533484779E1,-8.519533539E0,-4.244872742E0,-9.716743927E0,1.360207737E1
5.534484979E1,-8.123906250E0,-4.092489624E0,-9.699230347E0,1.329742055E1
5.535485079E1,-7.829917603E0,-3.883673859E0,-9.470505981E0,1.288724237E1
5.536485179E1,-7.890092468E0,-3.634891205E0,-9.034313049E0,1.253334774E1
5.537485379E1,-8.424780579E0,-3.237617340E0,-9.088650055E0,1.280869446E1
5.538485479E1,-9.071435852E0,-2.817740479E0,-9.266330566E0,1.327009766E1
5.539485579E1,-9.507628784E0,-2.564916229E0,-9.104816437E0,1.341161745E1
5.540485679E1,-9.788744202E0,-2.443368988E0,-8.953481140E0,1.348904702E1
5.541485879E1,-1.009874954E1,-2.317480774E0,-8.832382965E0,1.361493475E1
5.542485979E1,-1.055859329E1,-2.111958160E0,-8.738677826E0,1.386754303E1
5.543486079E1,-1.110765152E1,-1.797611847E0,-8.865464172E0,1.432507541E1
5.544486279E1,-1.152842651E1,-1.445993042E0,-9.094338226E0,1.475474505E1
5.545486379E1,-1.172646469E1,-1.078357544E0,-9.381890259E0,1.505631741E1
5.546486479E1,-1.176583282E1,-7.514373779E-1,-9.578431549E0,1.519032031E1
5.547486679E1,-1.170311325E1,-5.333409119E-1,-9.745783539E0,1.523901601E1
5.548486779E1,-1.142574005E1,-4.897814941E-1,-9.938283234E0,1.515113511E1
5.549486879E1,-1.108879074E1,-4.822970581E-1,-1.020832169E1,1.507991121E1
5.550487079E1,-1.077309723E1,-4.791535950E-1,-1.014320709E1,1.480452168E1
5.551487242E1,-1.039094193E1,-6.530918884E-1,-9.829908600E0,1.431870477E1
5.552487342E1,-9.863139496E0,-9.738748169E-1,-9.469158783E0,1.370747683E1
5.553487442E1,-9.402098236E0,-1.321152649E0,-9.241631927E0,1.324962853E1
5.554487642E1,-8.941805420E0,-1.577719116E0,-8.817863159E0,1.265700567E1
5.555487742E1,-8.528215485E0,-1.713786163E0,-8.379125519E0,1.207796617E1
5.556487842E1,-8.138276367E0,-1.771865387E0,-7.908653870E0,1.148554984E1
5.557488042E1,-7.657476196E0,-1.690434723E0,-7.331454163E0,1.073520989E1
5.558488142E1,-7.225175171E0,-1.457668762E0,-6.926845551E0,1.011479826E1
5.559488242E1,-6.925198975E0,-1.038989410E0,-6.558760986E0,9.594541443E0
5.560488442E1,-6.699917450E0,-5.185217285E-1,-6.259233856E0,9.183450718E0
5.561488542E1,-6.397546234E0,-6.855743408E-2,-5.642666016E0,8.530707925E0
5.562488642E1,-6.075266418E0,3.242257690E-1,-4.987478485E0,7.866951509E0
5.563488842E1,-5.885461121E0,7.216493225E-1,-4.376898193E0,7.369984270E0
5.564488942E1,-5.884413300E0,1.170715485E0,-3.631148987E0,7.012997761E0
5.565489042E1,-6.149212646E0,1.703307953E0,-3.121458893E0,7.103349898E0
5.566489142E1,-6.371949463E0,2.205812988E0,-2.622696075E0,7.235045653E0
5.567489342E1,-6.563101959E0,2.721640320E0,-2.103874969E0,7.409988073E0
5.568489442E1,-6.717431030E0,3.091072083E0,-1.904788971E0,7.635890733E0
5.569489542E1,-6.720275116E0,3.225642242E0,-1.733096008E0,7.653135781E0
5.570489742E1,-6.584058380E0,3.251388702E0,-1.503323822E0,7.495420986E0
5.571489842E1,-6.329437866E0,3.144660645E0,-1.203647003E0,7.169340303E0
5.572489942E1,-5.879772949E0,2.919079742E0,-8.590635681E-1,6.620479340E0
5.573490142E1,-5.369334412E0,2.663860474E0,-4.393363953E-1,6.009901922E0
5.574490242E1,-5.026397552E0,2.524051208E0,-7.948471069E-2,5.625106637E0
5.575490342E1,-4.979245605E0,2.409838715E0,2.363584900E-1,5.536792823E0
5.576490542E1,-5.073699188E0,2.219734039E0,7.207511902E-1,5.584722458E0
5.577490642E1,-5.127437439E0,2.064207458E0,-5.044509888E-2,5.527577393E0
5.578490742E1,-4.687651978E0,2.165696411E0,-2.504591675E0,5.739102845E0
5.579490842E1,-3.584146729E0,2.433788910E0,-3.343297577E0,5.472392065E0
5.580491042E1,-3.138523407E0,2.667902069E0,-3.235222321E0,5.237813866E0
5.581491142E1,-3.443289642E0,2.856509857E0,-3.341950378E0,5.584310562E0
5.582491242E1,-3.555107117E0,2.890040131E0,-2.704426117E0,5.320248038E0
5.583491442E1,-3.232527924E0,2.861449585E0,-1.755549316E0,4.660373795E0
5.584491542E1,-2.671494598E0,2.986289978E0,-1.169517975E0,4.174036837E0
5.585491642E1,-1.996398468E0,3.386108551E0,-8.068222046E-1,4.012767129E0
5.586491842E1,-1.327140198E0,3.869902496E0,-3.511697388E-1,4.106186384E0
5.587491942E1,-9.276210022E-1,4.298012238E0,-1.833686829E-1,4.400796972E0
5.588492042E1,-7.424560547E-1,4.539609833E0,-1.490899658E-1,4.602339214E0
5.589492242E1,-5.830375671E-1,4.471501465E0,-3.089575195E-1,4.519923993E0
5.590492342E1,-2.740800476E-1,4.068539429E0,-6.297404480E-1,4.126100579E0
5.591492442E1,1.736389160E-1,3.396586761E0,-1.017134857E0,3.549861324E0
5.592492642E1,6.343807983E-1,2.567760315E0,-1.459315338E0,3.020833211E0
5.593492742E1,1.180594940E0,1.741777954E0,-1.716630249E0,2.715587278E0
5.594492842E1,1.703607330E0,1.023721161E0,-2.011217651E0,2.827592508E0
5.595492942E1,2.145039368E0,4.605921936E-1,-2.553988953E0,3.366927179E0
5.596493142E1,2.291434937E0,1.475930786E-1,-2.929857330E0,3.722434924E0
5.597493242E1,2.140848083E0,1.616638184E-2,-3.128194885E0,3.790658928E0
5.598493342E1,1.697470093E0,7.559280396E-2,-3.217858429E0,3.638919051E0
5.599493542E1,1.123413849E0,2.580633545E-1,-3.641477509E0,3.819556756E0
5.600493642E1,5.798941040E-1,5.301974487E-1,-4.063000946E0,4.138280222E0
5.601493742E1,5.837860107E-3,5.846841431E-1,-4.334087219E0,4.373351307E0
5.602493942E1,-5.950126648E-1,2.622546387E-1,-4.653972015E0,4.699177916E0
5.603494042E1,-1.172511749E0,-3.442840576E-1,-4.911286926E0,5.061032956E0
5.604494142E1,-1.712588654E0,-1.104253693E0,-5.224286041E0,5.607628800E0
5.605494342E1,-2.255958710E0,-1.821861420E0,-5.673501892E0,6.371589476E0
5.606494442E1,-2.755170593E0,-2.460583191E0,-6.399641876E0,7.389238850E0
5.607494542E1,-3.103945312E0,-2.848127289E0,-7.062014465E0,8.223037995E0
5.608494642E1,-3.334765320E0,-2.896626434E0,-7.838749237E0,8.997616020E0
5.609494842E1,-3.541784821E0,-2.860401764E0,-8.725205841E0,9.841511822E0
5.610494942E1,-3.870201874E0,-2.887645111E0,-9.513167267E0,1.066851950E1
5.611495042E1,-4.438569946E0,-3.174448700E0,-1.018257523E1,1.155261295E1
5.612495242E1,-5.323080597E0,-3.767066345E0,-1.050260971E1,1.236247494E1
5.613495342E1,-6.474336548E0,-4.515210571E0,-1.070124664E1,1.329739974E1
5.614495442E1,-7.745942230E0,-5.239404602E0,-1.097457825E1,1.441847250E1
5.615495642E1,-8.781189423E0,-5.833818512E0,-1.119432129E1,1.537711141E1
5.616495742E1,-9.220825195E0,-6.250551910E0,-1.161030624E1,1.609012826E1
5.617495842E1,-9.274114380E0,-6.428681488E0,-1.240425522E1,1.676909928E1
5.618496042E1,-9.099277954E0,-6.328689423E0,-1.302531372E1,1.710286428E1
5.619496142E1,-8.796906738E0,-5.921087036E0,-1.311782135E1,1.686778221E1
5.620496242E1,-8.485404510E0,-5.113815765E0,-1.275692184E1,1.615215949E1
5.621496342E1,-8.471932526E0,-3.972588959E0,-1.244961090E1,1.557394990E1
5.622496542E1,-8.361013184E0,-3.053200836E0,-1.176598251E1,1.475353928E1
5.623496642E1,-7.791896667E0,-2.614612885E0,-1.054182816E1,1.336712366E1
5.624496742E1,-7.219337311E0,-2.678380280E0,-9.698631592E0,1.238369924E1
5.625496942E1,-7.213050385E0,-3.044668579E0,-9.279952240E0,1.214148328E1
5.626497042E1,-7.598199463E0,-3.529210968E0,-8.632398834E0,1.202939212E1
5.627497142E1,-8.071964264E0,-4.043391724E0,-7.944579163E0,1.202588715E1
5.628497342E1,-8.439599762E0,-4.646337891E0,-7.498806152E0,1.220849678E1
5.629497442E1,-8.652008057E0,-5.460494843E0,-7.403604126E0,1.262884007E1
5.630497542E1,-8.488547974E0,-6.567143555E0,-7.597151642E0,1.314912675E1
5.631497742E1,-8.019273834E0,-8.190667419E0,-7.112309875E0,1.349002362E1
5.632497842E1,-7.761509857E0,-1.040576111E1,-6.041137390E0,1.431838819E1
5.633497942E1,-8.069419556E0,-1.284419037E1,-5.105433197E0,1.600481822E1
5.634498042E1,-9.057365112E0,-1.493504242E1,-4.414769440E0,1.801614676E1
5.635498242E1,-1.031370255E1,-1.602986572E1,-3.916455688E0,1.945938541E1
5.636498342E1,-1.086306015E1,-1.533216660E1,-3.445834351E0,1.910380022E1
5.637498442E1,-1.024304947E1,-1.320688614E1,-1.927541656E0,1.682430744E1
5.638498642E1,-9.567055206E0,-1.102876556E1,-7.405101013E-1,1.461884299E1
5.639498742E1,-9.511969757E0,-9.347461853E0,2.598596191E-1,1.333867080E1
5.640498842E1,-9.943222961E0,-8.403375092E0,8.795709229E-1,1.304829647E1
5.641499042E1,-1.029124924E1,-8.104297028E0,1.165626068E0,1.315097431E1
5.642499142E1,-1.029035110E1,-8.171357574E0,9.166937256E-1,1.317204380E1
5.643499242E1,-9.908046112E0,-8.482111359E0,2.086660767E-1,1.304450583E1
5.644499442E1,-9.341623993E0,-8.891060944E0,-7.613168335E-1,1.291884309E1
5.645499542E1,-8.932524719E0,-9.097182312E0,-2.081721039E0,1.291829270E1
5.646499642E1,-8.470285950E0,-9.262288971E0,-2.880310364E0,1.287757465E1
5.647499742E1,-7.528444519E0,-9.499695282E0,-3.517385559E0,1.262116035E1
5.648499942E1,-6.459068298E0,-9.609866180E0,-4.289779358E0,1.234792688E1
5.649500042E1,-5.785768433E0,-9.878557434E0,-4.570146332E0,1.232668856E1
5.650500142E1,-5.628146210E0,-1.019859192E1,-4.730612640E0,1.257243027E1
5.651500292E1,-5.362149353E0,-1.034992722E1,-5.033582611E0,1.269687335E1
5.652500392E1,-4.473746796E0,-1.046713348E1,-4.843477936E0,1.237071430E1
5.653500492E1,-3.374582520E0,-1.046458878E1,-4.358187103E0,1.182747734E1
5.654500692E1,-2.453547821E0,-1.046937881E1,-3.852837982E0,1.142244064E1
5.655500792E1,-1.953138428E0,-1.032163605E1,-3.551065521E0,1.108877751E1
5.656500892E1,-1.830094299E0,-1.007689499E1,-3.245999908E0,1.074381558E1
5.657501092E1,-1.858834534E0,-9.838440857E0,-2.952909393E0,1.043886288E1
5.658501192E1,-1.807341614E0,-9.707612915E0,-2.696791992E0,1.023605975E1
5.659501292E1,-1.657802582E0,-9.708361359E0,-2.403551788E0,1.013793129E1
5.660501392E1,-1.478475494E0,-9.837542725E0,-1.948647766E0,1.013707871E1
5.661501592E1,-1.490899658E0,-9.941726074E0,-1.624122620E0,1.018324474E1
5.662501692E1,-1.658551025E0,-9.963430939E0,-1.356628876E0,1.019123101E1
5.663501792E1,-1.912423096E0,-9.937085724E0,-1.152004395E0,1.018479990E1
5.664501992E1,-2.087858276E0,-9.886790314E0,-1.021475830E0,1.015633732E1
5.665502092E1,-2.232607269E0,-9.862540741E0,-9.687854004E-1,1.015838522E1
5.666502192E1,-2.374811554E0,-9.781409454E0,-1.020727386E0,1.011719256E1
5.667502392E1,-2.690355377E0,-9.513466644E0,-1.216220856E0,9.961086930E0
5.668502492E1,-3.079695740E0,-9.248517609E0,-1.447040863E0,9.854619783E0
5.669502592E1,-3.263214111E0,-9.145831146E0,-1.504221954E0,9.826366438E0
5.670502792E1,-3.089126129E0,-9.169931030E0,-1.385518799E0,9.774967912E0
5.671502892E1,-2.811004486E0,-9.215137024E0,-1.340312805E0,9.727123676E0
5.672502992E1,-2.602787476E0,-9.216484222E0,-1.173559570E0,9.648591925E0
5.673503092E1,-2.588417358E0,-9.023236084E0,-1.016386414E0,9.442019656E0
5.674503292E1,-2.706072693E0,-8.720715179E0,-9.092092896E-1,9.176075642E0
5.675503392E1,-2.913690948E0,-8.420289917E0,-9.566606140E-1,8.961365787E0
5.676503492E1,-3.084934845E0,-8.317154388E0,-1.013542328E0,8.928558012E0
5.677503692E1,-3.290756836E0,-8.386759644E0,-1.505120087E0,9.134123075E0
5.678503792E1,-3.507805481E0,-8.521778870E0,-1.824406128E0,9.394353204E0
5.679503892E1,-3.472778320E0,-8.709937592E0,-2.008972321E0,9.589534498E0
5.680504092E1,-3.258274384E0,-8.859925690E0,-2.234553223E0,9.700920744E0
5.681504192E1,-3.066523132E0,-8.958570557E0,-2.511627045E0,9.796316703E0
5.682504292E1,-2.962190094E0,-9.053323517E0,-2.883603516E0,9.952507528E0
5.683504492E1,-2.935695190E0,-9.216184845E0,-2.963088226E0,1.011613865E1
5.684504592E1,-2.942281494E0,-9.424401855E0,-3.010689240E0,1.032185160E1
5.685504692E1,-3.014281769E0,-9.554181976E0,-3.088078308E0,1.048353545E1
5.686504792E1,-3.044219513E0,-9.553583221E0,-2.972967682E0,1.045833455E1
5.687504992E1,-3.043471069E0,-9.349258118E0,-2.846480713E0,1.023590719E1
5.688505092E1,-3.125949554E0,-8.921148376E0,-2.843636627E0,9.871409131E0
5.689505192E1,-3.346590729E0,-8.465046844E0,-2.859803009E0,9.541234765E0
5.690505392E1,-3.628155212E0,-8.154143372E0,-2.999612274E0,9.415478648E0
5.691505492E1,-3.862717438E0,-8.068820801E0,-3.152893524E0,9.485103726E0
5.692505592E1,-4.027225342E0,-8.190368042E0,-3.237767029E0,9.684204043E0
5.693505792E1,-4.126918030E0,-8.374485168E0,-3.292403412E0,9.899665373E0
5.694505892E1,-4.099075928E0,-8.545279999E0,-3.259771271E0,1.002249183E1
5.695505992E1,-3.962709503E0,-8.629554749E0,-3.186872864E0,1.001640856E1
5.696506192E1,-3.827540588E0,-8.658294983E0,-3.044967957E0,9.944242999E0
5.697506292E1,-3.733985138E0,-8.669371948E0,-2.996169434E0,9.903417908E0
5.698506392E1,-3.767665100E0,-8.703950043E0,-2.918630676E0,9.923328659E0
5.699506492E1,-3.903133392E0,-8.757388916E0,-2.807262268E0,9.990346958E0
5.700506692E1,-3.985162811E0,-8.774902496E0,-2.718796234E0,1.001360522E1
5.701506792E1,-3.939358063E0,-8.787027283E0,-2.690804443E0,9.998540842E0
5.702506892E1,-3.781586151E0,-8.807534637E0,-2.635269928E0,9.940709623E0
5.703507092E1,-3.641776886E0,-8.846154327E0,-2.524949341E0,9.894056521E0
5.704507192E1,-3.619622955E0,-8.868008881E0,-2.538271637E0,9.908888674E0
5.705507292E1,-3.651506653E0,-8.821605377E0,-2.619702301E0,9.900356681E0
5.706507492E1,-3.756139069E0,-8.775351563E0,-2.624941406E0,9.899782479E0
5.707507592E1,-3.884721680E0,-8.704548798E0,-2.654879150E0,9.894878251E0
5.708507692E1,-3.941603394E0,-8.660091248E0,-2.555336151E0,9.852063772E0
5.709507892E1,-3.955075378E0,-8.609346771E0,-2.469564514E0,9.790925491E0
5.710507992E1,-3.979774017E0,-8.592731323E0,-2.494712219E0,9.792712693E0
5.711508092E1,-4.036206665E0,-8.615184631E0,-2.597847748E0,9.862108466E0
5.712508192E1,-3.998036041E0,-8.613538055E0,-2.752925262E0,9.887159730E0
5.713508392E1,-3.890409851E0,-8.688232727E0,-2.767894135E0,9.913723552E0
5.714508492E1,-3.808230743E0,-8.725205841E0,-3.088527374E0,1.000853834E1
5.715508592E1,-3.755240936E0,-8.893306274E0,-2.553689575E0,9.985692837E0
5.716508792E1,-3.700754242E0,-9.057814178E0,-2.595602417E0,1.012307915E1
5.717508892E1,-3.661984863E0,-9.110354919E0,-2.734663239E0,1.019250131E1
5.718508992E1,-3.682342529E0,-9.049431610E0,-2.859503632E0,1.017981434E1
5.719509192E1,-3.806284790E0,-8.953930206E0,-2.939437408E0,1.016370810E1
5.720509292E1,-4.031716003E0,-8.880133667E0,-3.137325897E0,1.024472165E1
5.721509392E1,-4.212390289E0,-8.837023315E0,-3.243904266E0,1.031310467E1
5.722509592E1,-4.288881226E0,-8.884025574E0,-3.333867188E0,1.041321675E1
5.723509692E1,-4.224664764E0,-9.031918030E0,-3.374133453E0,1.052654322E1
5.724509792E1,-3.899840240E0,-9.189689941E0,-3.333118744E0,1.052467746E1
5.725509892E1,-3.499422913E0,-9.235943756E0,-3.318000183E0,1.041910471E1
5.726510092E1,-3.261268158E0,-9.073381805E0,-3.297193451E0,1.018987792E1
5.727510192E1,-3.131038971E0,-8.858578491E0,-3.211122437E0,9.929205669E0
5.728510292E1,-2.965932312E0,-8.720116425E0,-3.133733368E0,9.729207047E0
5.729510492E1,-2.827170868E0,-8.586893463E0,-3.197351074E0,9.589092155E0
5.730510592E1,-2.813998260E0,-8.483159180E0,-3.301384735E0,9.527944009E0
5.731510692E1,-2.852917328E0,-8.517138519E0,-2.833158417E0,9.418469751E0
5.732510892E1,-2.845881958E0,-8.728948059E0,-1.799108734E0,9.355766702E0
5.733510992E1,-2.745291138E0,-8.960815887E0,-1.022373962E0,9.427517877E0
5.734511092E1,-2.740650787E0,-9.054820404E0,-9.074130249E-1,9.503911704E0